  0
SECTION
  2
HEADER
  9
$ACADVER
  1
AC1021
  9
$ACADMAINTVER
 70
    25
  9
$DWGCODEPAGE
  3
ANSI_936
  9
$INSBASE
 10
0.0
 20
0.0
 30
0.0
  9
$EXTMIN
 10
1.000000000000000E+20
 20
1.000000000000000E+20
 30
1.000000000000000E+20
  9
$EXTMAX
 10
-1.000000000000000E+20
 20
-1.000000000000000E+20
 30
-1.000000000000000E+20
  9
$LIMMIN
 10
37.63760062
 20
47.26770328
  9
$LIMMAX
 10
78.12520062
 20
93.90381269999999
  9
$ORTHOMODE
 70
     0
  9
$REGENMODE
 70
     1
  9
$FILLMODE
 70
     1
  9
$QTEXTMODE
 70
     0
  9
$MIRRTEXT
 70
     1
  9
$LTSCALE
 40
1.0
  9
$ATTMODE
 70
     1
  9
$TEXTSIZE
 40
2.5
  9
$TRACEWID
 40
1.0
  9
$TEXTSTYLE
  7
Standard
  9
$CLAYER
  8
0
  9
$CELTYPE
  6
ByLayer
  9
$CECOLOR
 62
   256
  9
$CELTSCALE
 40
1.0
  9
$DISPSILH
 70
     0
  9
$DIMSCALE
 40
1.0
  9
$DIMASZ
 40
2.5
  9
$DIMEXO
 40
0.625
  9
$DIMDLI
 40
3.75
  9
$DIMRND
 40
0.0
  9
$DIMDLE
 40
0.0
  9
$DIMEXE
 40
1.25
  9
$DIMTP
 40
0.0
  9
$DIMTM
 40
0.0
  9
$DIMTXT
 40
2.5
  9
$DIMCEN
 40
2.5
  9
$DIMTSZ
 40
0.0
  9
$DIMTOL
 70
     0
  9
$DIMLIM
 70
     0
  9
$DIMTIH
 70
     0
  9
$DIMTOH
 70
     0
  9
$DIMSE1
 70
     0
  9
$DIMSE2
 70
     0
  9
$DIMTAD
 70
     1
  9
$DIMZIN
 70
     8
  9
$DIMBLK
  1

  9
$DIMASO
 70
     1
  9
$DIMSHO
 70
     1
  9
$DIMPOST
  1

  9
$DIMAPOST
  1

  9
$DIMALT
 70
     0
  9
$DIMALTD
 70
     3
  9
$DIMALTF
 40
0.03937007874016
  9
$DIMLFAC
 40
1.0
  9
$DIMTOFL
 70
     1
  9
$DIMTVP
 40
0.0
  9
$DIMTIX
 70
     0
  9
$DIMSOXD
 70
     0
  9
$DIMSAH
 70
     0
  9
$DIMBLK1
  1

  9
$DIMBLK2
  1

  9
$DIMSTYLE
  2
ISO-25
  9
$DIMCLRD
 70
     0
  9
$DIMCLRE
 70
     0
  9
$DIMCLRT
 70
     0
  9
$DIMTFAC
 40
1.0
  9
$DIMGAP
 40
0.625
  9
$DIMJUST
 70
     0
  9
$DIMSD1
 70
     0
  9
$DIMSD2
 70
     0
  9
$DIMTOLJ
 70
     0
  9
$DIMTZIN
 70
     8
  9
$DIMALTZ
 70
     0
  9
$DIMALTTZ
 70
     0
  9
$DIMUPT
 70
     0
  9
$DIMDEC
 70
     2
  9
$DIMTDEC
 70
     2
  9
$DIMALTU
 70
     2
  9
$DIMALTTD
 70
     3
  9
$DIMTXSTY
  7
Standard
  9
$DIMAUNIT
 70
     0
  9
$DIMADEC
 70
     0
  9
$DIMALTRND
 40
0.0
  9
$DIMAZIN
 70
     0
  9
$DIMDSEP
 70
    44
  9
$DIMATFIT
 70
     3
  9
$DIMFRAC
 70
     0
  9
$DIMLDRBLK
  1

  9
$DIMLUNIT
 70
     2
  9
$DIMLWD
 70
    -2
  9
$DIMLWE
 70
    -2
  9
$DIMTMOVE
 70
     0
  9
$DIMFXL
 40
1.0
  9
$DIMFXLON
 70
     0
  9
$DIMJOGANG
 40
0.7853981633974483
  9
$DIMTFILL
 70
     0
  9
$DIMTFILLCLR
 70
     0
  9
$DIMARCSYM
 70
     0
  9
$DIMLTYPE
  6

  9
$DIMLTEX1
  6

  9
$DIMLTEX2
  6

  9
$LUNITS
 70
     2
  9
$LUPREC
 70
     4
  9
$SKETCHINC
 40
1.0
  9
$FILLETRAD
 40
10.0
  9
$AUNITS
 70
     0
  9
$AUPREC
 70
     0
  9
$MENU
  1
.
  9
$ELEVATION
 40
0.0
  9
$PELEVATION
 40
0.0
  9
$THICKNESS
 40
0.0
  9
$LIMCHECK
 70
     0
  9
$CHAMFERA
 40
0.0
  9
$CHAMFERB
 40
0.0
  9
$CHAMFERC
 40
0.0
  9
$CHAMFERD
 40
0.0
  9
$SKPOLY
 70
     0
  9
$TDCREATE
 40
2458589.621778426
  9
$TDUCREATE
 40
2458589.288445093
  9
$TDUPDATE
 40
2458589.621779109
  9
$TDUUPDATE
 40
2458589.288445775
  9
$TDINDWG
 40
0.0000000116
  9
$TDUSRTIMER
 40
0.0000000116
  9
$USRTIMER
 70
     1
  9
$ANGBASE
 50
0.0
  9
$ANGDIR
 70
     0
  9
$PDMODE
 70
     0
  9
$PDSIZE
 40
0.0
  9
$PLINEWID
 40
0.0
  9
$SPLFRAME
 70
     0
  9
$SPLINETYPE
 70
     6
  9
$SPLINESEGS
 70
     8
  9
$HANDSEED
  5
6E0
  9
$SURFTAB1
 70
     6
  9
$SURFTAB2
 70
     6
  9
$SURFTYPE
 70
     6
  9
$SURFU
 70
     6
  9
$SURFV
 70
     6
  9
$UCSBASE
  2

  9
$UCSNAME
  2

  9
$UCSORG
 10
0.0
 20
0.0
 30
0.0
  9
$UCSXDIR
 10
1.0
 20
0.0
 30
0.0
  9
$UCSYDIR
 10
0.0
 20
1.0
 30
0.0
  9
$UCSORTHOREF
  2

  9
$UCSORTHOVIEW
 70
     0
  9
$UCSORGTOP
 10
0.0
 20
0.0
 30
0.0
  9
$UCSORGBOTTOM
 10
0.0
 20
0.0
 30
0.0
  9
$UCSORGLEFT
 10
0.0
 20
0.0
 30
0.0
  9
$UCSORGRIGHT
 10
0.0
 20
0.0
 30
0.0
  9
$UCSORGFRONT
 10
0.0
 20
0.0
 30
0.0
  9
$UCSORGBACK
 10
0.0
 20
0.0
 30
0.0
  9
$PUCSBASE
  2

  9
$PUCSNAME
  2

  9
$PUCSORG
 10
0.0
 20
0.0
 30
0.0
  9
$PUCSXDIR
 10
1.0
 20
0.0
 30
0.0
  9
$PUCSYDIR
 10
0.0
 20
1.0
 30
0.0
  9
$PUCSORTHOREF
  2

  9
$PUCSORTHOVIEW
 70
     0
  9
$PUCSORGTOP
 10
0.0
 20
0.0
 30
0.0
  9
$PUCSORGBOTTOM
 10
0.0
 20
0.0
 30
0.0
  9
$PUCSORGLEFT
 10
0.0
 20
0.0
 30
0.0
  9
$PUCSORGRIGHT
 10
0.0
 20
0.0
 30
0.0
  9
$PUCSORGFRONT
 10
0.0
 20
0.0
 30
0.0
  9
$PUCSORGBACK
 10
0.0
 20
0.0
 30
0.0
  9
$USERI1
 70
     0
  9
$USERI2
 70
     0
  9
$USERI3
 70
     0
  9
$USERI4
 70
     0
  9
$USERI5
 70
     0
  9
$USERR1
 40
0.0
  9
$USERR2
 40
0.0
  9
$USERR3
 40
0.0
  9
$USERR4
 40
0.0
  9
$USERR5
 40
0.0
  9
$WORLDVIEW
 70
     1
  9
$SHADEDGE
 70
     3
  9
$SHADEDIF
 70
    70
  9
$TILEMODE
 70
     1
  9
$MAXACTVP
 70
    64
  9
$PINSBASE
 10
0.0
 20
0.0
 30
0.0
  9
$PLIMCHECK
 70
     0
  9
$PEXTMIN
 10
1.000000000000000E+20
 20
1.000000000000000E+20
 30
1.000000000000000E+20
  9
$PEXTMAX
 10
-1.000000000000000E+20
 20
-1.000000000000000E+20
 30
-1.000000000000000E+20
  9
$PLIMMIN
 10
0.0
 20
0.0
  9
$PLIMMAX
 10
420.0
 20
297.0
  9
$UNITMODE
 70
     0
  9
$VISRETAIN
 70
     1
  9
$PLINEGEN
 70
     0
  9
$PSLTSCALE
 70
     1
  9
$TREEDEPTH
 70
  3020
  9
$CMLSTYLE
  2
Standard
  9
$CMLJUST
 70
     0
  9
$CMLSCALE
 40
20.0
  9
$PROXYGRAPHICS
 70
     1
  9
$MEASUREMENT
 70
     1
  9
$CELWEIGHT
370
    -1
  9
$ENDCAPS
280
     0
  9
$JOINSTYLE
280
     0
  9
$LWDISPLAY
290
     0
  9
$INSUNITS
 70
     4
  9
$HYPERLINKBASE
  1

  9
$STYLESHEET
  1

  9
$XEDIT
290
     1
  9
$CEPSNTYPE
380
     0
  9
$PSTYLEMODE
290
     1
  9
$FINGERPRINTGUID
  2
{1669CDD3-4BC0-44B9-B879-C3A017E4233B}
  9
$VERSIONGUID
  2
{FAEB1C32-E019-11D5-929B-00C0DF256EC4}
  9
$EXTNAMES
290
     1
  9
$PSVPSCALE
 40
0.0
  9
$OLESTARTUP
290
     0
  9
$SORTENTS
280
   127
  9
$INDEXCTL
280
     0
  9
$HIDETEXT
280
     1
  9
$XCLIPFRAME
290
     0
  9
$HALOGAP
280
     0
  9
$OBSCOLOR
 70
   257
  9
$OBSLTYPE
280
     0
  9
$INTERSECTIONDISPLAY
280
     0
  9
$INTERSECTIONCOLOR
 70
   257
  9
$DIMASSOC
280
     2
  9
$PROJECTNAME
  1

  9
$CAMERADISPLAY
290
     0
  9
$LENSLENGTH
 40
50.0
  9
$CAMERAHEIGHT
 40
0.0
  9
$STEPSPERSEC
 40
2.0
  9
$STEPSIZE
 40
6.0
  9
$3DDWFPREC
 40
2.0
  9
$PSOLWIDTH
 40
5.0
  9
$PSOLHEIGHT
 40
80.0
  9
$LOFTANG1
 40
1.570796326794897
  9
$LOFTANG2
 40
1.570796326794897
  9
$LOFTMAG1
 40
0.0
  9
$LOFTMAG2
 40
0.0
  9
$LOFTPARAM
 70
     7
  9
$LOFTNORMALS
280
     1
  9
$LATITUDE
 40
37.795
  9
$LONGITUDE
 40
-122.394
  9
$NORTHDIRECTION
 40
0.0
  9
$TIMEZONE
 70
 -8000
  9
$LIGHTGLYPHDISPLAY
280
     1
  9
$TILEMODELIGHTSYNCH
280
     1
  9
$CMATERIAL
347
44
  9
$SOLIDHIST
280
     1
  9
$SHOWHIST
280
     1
  9
$DWFFRAME
280
     2
  9
$DGNFRAME
280
     2
  9
$REALWORLDSCALE
290
     1
  9
$INTERFERECOLOR
 62
   256
  9
$CSHADOW
280
     0
  9
$SHADOWPLANELOCATION
 40
0.0
  0
ENDSEC
  0
SECTION
  2
CLASSES
  0
CLASS
  1
ACDBDICTIONARYWDFLT
  2
AcDbDictionaryWithDefault
  3
ObjectDBX Classes
 90
        0
 91
        4
280
     0
281
     0
  0
CLASS
  1
VISUALSTYLE
  2
AcDbVisualStyle
  3
ObjectDBX Classes
 90
     4095
 91
        4
280
     0
281
     0
  0
CLASS
  1
MATERIAL
  2
AcDbMaterial
  3
ObjectDBX Classes
 90
     1153
 91
        4
280
     0
281
     0
  0
CLASS
  1
SCALE
  2
AcDbScale
  3
ObjectDBX Classes
 90
     1153
 91
        4
280
     0
281
     0
  0
CLASS
  1
SUN
  2
AcDbSun
  3
SCENEOE
 90
     1153
 91
        4
280
     0
281
     0
  0
CLASS
  1
DICTIONARYVAR
  2
AcDbDictionaryVar
  3
ObjectDBX Classes
 90
        0
 91
        4
280
     0
281
     0
  0
ENDSEC
  0
SECTION
  2
TABLES
  0
TABLE
  2
VPORT
  5
8
330
0
100
AcDbSymbolTable
 70
     1
  0
VPORT
  5
29
330
8
100
AcDbSymbolTableRecord
100
AcDbViewportTableRecord
  2
*Active
 70
     0
 10
0.0
 20
0.0
 11
1.0
 21
1.0
 12
344.1869158878504
 22
148.5
 13
0.0
 23
0.0
 14
10.0
 24
10.0
 15
10.0
 25
10.0
 16
0.0
 26
0.0
 36
1.0
 17
0.0
 27
0.0
 37
0.0
 40
297.0
 41
1.972972972850329
 42
50.0
 43
0.0
 44
0.0
 50
0.0
 51
0.0
 71
     0
 72
   100
 73
     1
 74
     3
 75
     0
 76
     0
 77
     0
 78
     0
281
     0
 65
     1
110
0.0
120
0.0
130
0.0
111
1.0
121
0.0
131
0.0
112
0.0
122
1.0
132
0.0
 79
     0
146
0.0
 60
     3
 61
     5
292
     1
282
     1
141
0.0
142
0.0
 63
   250
361
69
  0
ENDTAB
  0
TABLE
  2
LTYPE
  5
5
330
0
100
AcDbSymbolTable
 70
     1
  0
LTYPE
  5
14
330
5
100
AcDbSymbolTableRecord
100
AcDbLinetypeTableRecord
  2
ByBlock
 70
     0
  3

 72
    65
 73
     0
 40
0.0
  0
LTYPE
  5
15
330
5
100
AcDbSymbolTableRecord
100
AcDbLinetypeTableRecord
  2
ByLayer
 70
     0
  3

 72
    65
 73
     0
 40
0.0
  0
LTYPE
  5
16
330
5
100
AcDbSymbolTableRecord
100
AcDbLinetypeTableRecord
  2
Continuous
 70
     0
  3
Solid line
 72
    65
 73
     0
 40
0.0
  0
ENDTAB
  0
TABLE
  2
LAYER
  5
2
330
0
100
AcDbSymbolTable
 70
    10
  0
LAYER
  5
10
330
2
100
AcDbSymbolTableRecord
100
AcDbLayerTableRecord
  2
0
 70
     0
 62
     7
  6
Continuous
370
    -3
390
F
347
46
  0
LAYER
  5
6A
330
2
100
AcDbSymbolTableRecord
100
AcDbLayerTableRecord
  2
BottomLayer
 70
     0
 62
     5
  6
Continuous
370
    -3
390
F
347
46
  0
LAYER
  5
6B
330
2
100
AcDbSymbolTableRecord
100
AcDbLayerTableRecord
  2
TopLayer
 70
     0
 62
     1
  6
Continuous
370
    -3
390
F
347
46
  0
LAYER
  5
6C
330
2
100
AcDbSymbolTableRecord
100
AcDbLayerTableRecord
  2
MultiLayer
 70
     0
 62
     9
  6
Continuous
370
    -3
390
F
347
46
  0
LAYER
  5
6D
330
2
100
AcDbSymbolTableRecord
100
AcDbLayerTableRecord
  2
TopOverlay
 70
     0
 62
     2
  6
Continuous
370
    -3
390
F
347
46
  0
LAYER
  5
6E
330
2
100
AcDbSymbolTableRecord
100
AcDbLayerTableRecord
  2
BottomOverlay
 70
     0
 62
    54
  6
Continuous
370
    -3
390
F
347
46
  0
LAYER
  5
6F
330
2
100
AcDbSymbolTableRecord
100
AcDbLayerTableRecord
  2
TopPaste
 70
     0
 62
     8
  6
Continuous
370
    -3
390
F
347
46
  0
LAYER
  5
70
330
2
100
AcDbSymbolTableRecord
100
AcDbLayerTableRecord
  2
BottomPaste
 70
     0
 62
    16
  6
Continuous
370
    -3
390
F
347
46
  0
LAYER
  5
71
330
2
100
AcDbSymbolTableRecord
100
AcDbLayerTableRecord
  2
TopSolder
 70
     0
 62
   216
  6
Continuous
370
    -3
390
F
347
46
  0
LAYER
  5
72
330
2
100
AcDbSymbolTableRecord
100
AcDbLayerTableRecord
  2
BottomSolder
 70
     0
 62
     6
  6
Continuous
370
    -3
390
F
347
46
  0
ENDTAB
  0
TABLE
  2
STYLE
  5
3
330
0
100
AcDbSymbolTable
 70
     1
  0
STYLE
  5
11
330
3
100
AcDbSymbolTableRecord
100
AcDbTextStyleTableRecord
  2
Standard
 70
     0
 40
0.0
 41
1.0
 50
0.0
 71
     0
 42
2.5
  3
txt
  4

  0
ENDTAB
  0
TABLE
  2
VIEW
  5
6
330
0
100
AcDbSymbolTable
 70
     0
  0
ENDTAB
  0
TABLE
  2
UCS
  5
7
330
0
100
AcDbSymbolTable
 70
     0
  0
ENDTAB
  0
TABLE
  2
APPID
  5
9
330
0
100
AcDbSymbolTable
 70
     1
  0
APPID
  5
12
330
9
100
AcDbSymbolTableRecord
100
AcDbRegAppTableRecord
  2
ACAD
 70
     0
  0
ENDTAB
  0
TABLE
  2
DIMSTYLE
  5
A
330
0
100
AcDbSymbolTable
 70
     1
100
AcDbDimStyleTable
  0
DIMSTYLE
105
27
330
A
100
AcDbSymbolTableRecord
100
AcDbDimStyleTableRecord
  2
ISO-25
 70
     0
 41
2.5
 42
0.625
 43
3.75
 44
1.25
 73
     0
 74
     0
 77
     1
 78
     8
140
2.5
141
2.5
143
0.03937007874016
147
0.625
171
     3
172
     1
178
     0
271
     2
272
     2
274
     3
278
    44
283
     0
284
     8
340
11
  0
ENDTAB
  0
TABLE
  2
BLOCK_RECORD
  5
1
330
0
100
AcDbSymbolTable
 70
     2
  0
BLOCK_RECORD
  5
1F
330
1
100
AcDbSymbolTableRecord
100
AcDbBlockTableRecord
  2
*Model_Space
340
22
 70
     0
280
     1
281
     0
  0
BLOCK_RECORD
  5
1B
330
1
100
AcDbSymbolTableRecord
100
AcDbBlockTableRecord
  2
*Paper_Space
340
1E
 70
     0
280
     1
281
     0
  0
BLOCK_RECORD
  5
23
330
1
100
AcDbSymbolTableRecord
100
AcDbBlockTableRecord
  2
*Paper_Space0
340
26
 70
     0
280
     1
281
     0
  0
BLOCK_RECORD
  5
2F9
330
1
100
AcDbSymbolTableRecord
100
AcDbBlockTableRecord
  2
FEPX2_CARD_1
340
0
102
{BLKREFS
331
6A8
102
}
 70
     0
280
     1
281
     0
  0
ENDTAB
  0
ENDSEC
  0
SECTION
  2
BLOCKS
  0
BLOCK
  5
20
330
1F
100
AcDbEntity
  8
0
100
AcDbBlockBegin
  2
*Model_Space
 70
     0
 10
0.0
 20
0.0
 30
0.0
  3
*Model_Space
  1
*Model_Space
  0
ENDBLK
  5
21
330
1F
100
AcDbEntity
  8
0
100
AcDbBlockEnd
  0
BLOCK
  5
1C
330
1B
100
AcDbEntity
 67
     1
  8
0
100
AcDbBlockBegin
  2
*Paper_Space
 70
     0
 10
0.0
 20
0.0
 30
0.0
  3
*Paper_Space
  1
*Paper_Space
  0
ENDBLK
  5
1D
330
1B
100
AcDbEntity
 67
     1
  8
0
100
AcDbBlockEnd
  0
BLOCK
  5
24
330
23
100
AcDbEntity
  8
0
100
AcDbBlockBegin
  2
*Paper_Space0
 70
     0
 10
0.0
 20
0.0
 30
0.0
  3
*Paper_Space0
  1
*Paper_Space0
  0
ENDBLK
  5
25
330
23
100
AcDbEntity
  8
0
100
AcDbBlockEnd
  0
BLOCK
  5
2FA
330
2F9
100
AcDbEntity
  8
0
100
AcDbBlockBegin
  2
FEPX2_CARD_1
 70
     0
 10
0.0
 20
0.0
 30
0.0
  3
FEPX2_CARD_1
  1
FEPX2_CARD_1
  0
LWPOLYLINE
  5
2FC
330
2F9
100
AcDbEntity
  8
TopOverlay
100
AcDbPolyline
 90
        2
 70
     0
 43
0.1524
 10
7.73060176
 20
-11.29139728
 10
7.73060176
 20
-12.09139568
  0
LWPOLYLINE
  5
2FD
330
2F9
100
AcDbEntity
  8
TopOverlay
100
AcDbPolyline
 90
        2
 70
     1
 43
0.0762
 10
7.69250176
 20
-11.29139728
 42
1.0
 10
7.76870176
 20
-11.29139728
 42
1.0
  0
LWPOLYLINE
  5
2FE
330
2F9
100
AcDbEntity
  8
TopOverlay
100
AcDbPolyline
 90
        2
 70
     1
 43
0.0762
 10
7.69250176
 20
-12.09139568
 42
1.0
 10
7.76870176
 20
-12.09139568
 42
1.0
  0
LWPOLYLINE
  5
2FF
330
2F9
100
AcDbEntity
  8
TopOverlay
100
AcDbPolyline
 90
        2
 70
     0
 43
0.1524
 10
-0.66939922
 20
-11.29139728
 10
-0.66939922
 20
-12.09139568
  0
LWPOLYLINE
  5
300
330
2F9
100
AcDbEntity
  8
TopOverlay
100
AcDbPolyline
 90
        2
 70
     1
 43
0.0762
 10
-0.70749922
 20
-11.29139728
 42
1.0
 10
-0.6312992199999999
 20
-11.29139728
 42
1.0
  0
LWPOLYLINE
  5
301
330
2F9
100
AcDbEntity
  8
TopOverlay
100
AcDbPolyline
 90
        2
 70
     1
 43
0.0762
 10
-0.70749922
 20
-12.09139568
 42
1.0
 10
-0.6312992199999999
 20
-12.09139568
 42
1.0
  0
LWPOLYLINE
  5
302
330
2F9
100
AcDbEntity
  8
BottomOverlay
100
AcDbPolyline
 90
        2
 70
     0
 43
0.1524
 10
7.73060176
 20
-11.29139728
 10
7.73060176
 20
-12.09139568
  0
LWPOLYLINE
  5
303
330
2F9
100
AcDbEntity
  8
BottomOverlay
100
AcDbPolyline
 90
        2
 70
     1
 43
0.0762
 10
7.69250176
 20
-11.29139728
 42
1.0
 10
7.76870176
 20
-11.29139728
 42
1.0
  0
LWPOLYLINE
  5
304
330
2F9
100
AcDbEntity
  8
BottomOverlay
100
AcDbPolyline
 90
        2
 70
     1
 43
0.0762
 10
7.69250176
 20
-12.09139568
 42
1.0
 10
7.76870176
 20
-12.09139568
 42
1.0
  0
LWPOLYLINE
  5
305
330
2F9
100
AcDbEntity
  8
BottomOverlay
100
AcDbPolyline
 90
        2
 70
     0
 43
0.1524
 10
7.73060176
 20
-12.09139568
 10
9.330601099999999
 20
-12.09139568
  0
LWPOLYLINE
  5
306
330
2F9
100
AcDbEntity
  8
BottomOverlay
100
AcDbPolyline
 90
        2
 70
     1
 43
0.0762
 10
7.69250176
 20
-12.09139568
 42
1.0
 10
7.76870176
 20
-12.09139568
 42
1.0
  0
LWPOLYLINE
  5
307
330
2F9
100
AcDbEntity
  8
BottomOverlay
100
AcDbPolyline
 90
        2
 70
     1
 43
0.0762
 10
9.292501099999999
 20
-12.09139568
 42
1.0
 10
9.3687011
 20
-12.09139568
 42
1.0
  0
LWPOLYLINE
  5
308
330
2F9
100
AcDbEntity
  8
BottomOverlay
100
AcDbPolyline
 90
        2
 70
     0
 43
0.1524
 10
9.330601099999999
 20
-11.29139728
 10
9.330601099999999
 20
-12.09139568
  0
LWPOLYLINE
  5
309
330
2F9
100
AcDbEntity
  8
BottomOverlay
100
AcDbPolyline
 90
        2
 70
     1
 43
0.0762
 10
9.292501099999999
 20
-11.29139728
 42
1.0
 10
9.3687011
 20
-11.29139728
 42
1.0
  0
LWPOLYLINE
  5
30A
330
2F9
100
AcDbEntity
  8
BottomOverlay
100
AcDbPolyline
 90
        2
 70
     1
 43
0.0762
 10
9.292501099999999
 20
-12.09139568
 42
1.0
 10
9.3687011
 20
-12.09139568
 42
1.0
  0
LWPOLYLINE
  5
30B
330
2F9
100
AcDbEntity
  8
BottomOverlay
100
AcDbPolyline
 90
        2
 70
     0
 43
0.1524
 10
7.73060176
 20
12.8085977
 10
7.73060176
 20
12.0085993
  0
LWPOLYLINE
  5
30C
330
2F9
100
AcDbEntity
  8
BottomOverlay
100
AcDbPolyline
 90
        2
 70
     1
 43
0.0762
 10
7.69250176
 20
12.8085977
 42
1.0
 10
7.76870176
 20
12.8085977
 42
1.0
  0
LWPOLYLINE
  5
30D
330
2F9
100
AcDbEntity
  8
BottomOverlay
100
AcDbPolyline
 90
        2
 70
     1
 43
0.0762
 10
7.69250176
 20
12.0085993
 42
1.0
 10
7.76870176
 20
12.0085993
 42
1.0
  0
LWPOLYLINE
  5
30E
330
2F9
100
AcDbEntity
  8
BottomOverlay
100
AcDbPolyline
 90
        2
 70
     0
 43
0.1524
 10
7.73060176
 20
12.8085977
 10
9.330601099999999
 20
12.8085977
  0
LWPOLYLINE
  5
30F
330
2F9
100
AcDbEntity
  8
BottomOverlay
100
AcDbPolyline
 90
        2
 70
     1
 43
0.0762
 10
7.69250176
 20
12.8085977
 42
1.0
 10
7.76870176
 20
12.8085977
 42
1.0
  0
LWPOLYLINE
  5
310
330
2F9
100
AcDbEntity
  8
BottomOverlay
100
AcDbPolyline
 90
        2
 70
     1
 43
0.0762
 10
9.292501099999999
 20
12.8085977
 42
1.0
 10
9.3687011
 20
12.8085977
 42
1.0
  0
LWPOLYLINE
  5
311
330
2F9
100
AcDbEntity
  8
BottomOverlay
100
AcDbPolyline
 90
        2
 70
     0
 43
0.1524
 10
9.330601099999999
 20
12.8085977
 10
9.330601099999999
 20
12.0085993
  0
LWPOLYLINE
  5
312
330
2F9
100
AcDbEntity
  8
BottomOverlay
100
AcDbPolyline
 90
        2
 70
     1
 43
0.0762
 10
9.292501099999999
 20
12.8085977
 42
1.0
 10
9.3687011
 20
12.8085977
 42
1.0
  0
LWPOLYLINE
  5
313
330
2F9
100
AcDbEntity
  8
BottomOverlay
100
AcDbPolyline
 90
        2
 70
     1
 43
0.0762
 10
9.292501099999999
 20
12.0085993
 42
1.0
 10
9.3687011
 20
12.0085993
 42
1.0
  0
LWPOLYLINE
  5
314
330
2F9
100
AcDbEntity
  8
BottomOverlay
100
AcDbPolyline
 90
        2
 70
     0
 43
0.2032
 10
-4.089399999999999
 20
20.52839938
 10
-4.089399999999999
 20
12.60359938
  0
LWPOLYLINE
  5
315
330
2F9
100
AcDbEntity
  8
BottomOverlay
100
AcDbPolyline
 90
        2
 70
     1
 43
0.1016
 10
-4.1402
 20
20.52839938
 42
1.0
 10
-4.0386
 20
20.52839938
 42
1.0
  0
LWPOLYLINE
  5
316
330
2F9
100
AcDbEntity
  8
BottomOverlay
100
AcDbPolyline
 90
        2
 70
     1
 43
0.1016
 10
-4.1402
 20
12.60359938
 42
1.0
 10
-4.0386
 20
12.60359938
 42
1.0
  0
LWPOLYLINE
  5
317
330
2F9
100
AcDbEntity
  8
BottomOverlay
100
AcDbPolyline
 90
        2
 70
     0
 43
0.2032
 10
-4.089399999999999
 20
20.52839938
 10
11.1506
 20
20.52839938
  0
LWPOLYLINE
  5
318
330
2F9
100
AcDbEntity
  8
BottomOverlay
100
AcDbPolyline
 90
        2
 70
     1
 43
0.1016
 10
-4.1402
 20
20.52839938
 42
1.0
 10
-4.0386
 20
20.52839938
 42
1.0
  0
LWPOLYLINE
  5
319
330
2F9
100
AcDbEntity
  8
BottomOverlay
100
AcDbPolyline
 90
        2
 70
     1
 43
0.1016
 10
11.0998
 20
20.52839938
 42
1.0
 10
11.2014
 20
20.52839938
 42
1.0
  0
LWPOLYLINE
  5
31A
330
2F9
100
AcDbEntity
  8
BottomOverlay
100
AcDbPolyline
 90
        2
 70
     0
 43
0.2032
 10
11.1506
 20
20.52839938
 10
11.1506
 20
12.60359938
  0
LWPOLYLINE
  5
31B
330
2F9
100
AcDbEntity
  8
BottomOverlay
100
AcDbPolyline
 90
        2
 70
     1
 43
0.1016
 10
11.0998
 20
20.52839938
 42
1.0
 10
11.2014
 20
20.52839938
 42
1.0
  0
LWPOLYLINE
  5
31C
330
2F9
100
AcDbEntity
  8
BottomOverlay
100
AcDbPolyline
 90
        2
 70
     1
 43
0.1016
 10
11.0998
 20
12.60359938
 42
1.0
 10
11.2014
 20
12.60359938
 42
1.0
  0
LWPOLYLINE
  5
31D
330
2F9
100
AcDbEntity
  8
BottomOverlay
100
AcDbPolyline
 90
        2
 70
     0
 43
0.2032
 10
-4.089399999999999
 20
-11.78639756
 10
-4.089399999999999
 20
-19.75600062
  0
LWPOLYLINE
  5
31E
330
2F9
100
AcDbEntity
  8
BottomOverlay
100
AcDbPolyline
 90
        2
 70
     1
 43
0.1016
 10
-4.1402
 20
-11.78639756
 42
1.0
 10
-4.0386
 20
-11.78639756
 42
1.0
  0
LWPOLYLINE
  5
31F
330
2F9
100
AcDbEntity
  8
BottomOverlay
100
AcDbPolyline
 90
        2
 70
     1
 43
0.1016
 10
-4.1402
 20
-19.75600062
 42
1.0
 10
-4.0386
 20
-19.75600062
 42
1.0
  0
LWPOLYLINE
  5
320
330
2F9
100
AcDbEntity
  8
BottomOverlay
100
AcDbPolyline
 90
        2
 70
     0
 43
0.2032
 10
-4.089399999999999
 20
-19.75600062
 10
11.1506
 20
-19.75600062
  0
LWPOLYLINE
  5
321
330
2F9
100
AcDbEntity
  8
BottomOverlay
100
AcDbPolyline
 90
        2
 70
     1
 43
0.1016
 10
-4.1402
 20
-19.75600062
 42
1.0
 10
-4.0386
 20
-19.75600062
 42
1.0
  0
LWPOLYLINE
  5
322
330
2F9
100
AcDbEntity
  8
BottomOverlay
100
AcDbPolyline
 90
        2
 70
     1
 43
0.1016
 10
11.0998
 20
-19.75600062
 42
1.0
 10
11.2014
 20
-19.75600062
 42
1.0
  0
LWPOLYLINE
  5
323
330
2F9
100
AcDbEntity
  8
BottomOverlay
100
AcDbPolyline
 90
        2
 70
     0
 43
0.2032
 10
11.1506
 20
-11.78639756
 10
11.1506
 20
-19.75600062
  0
LWPOLYLINE
  5
324
330
2F9
100
AcDbEntity
  8
BottomOverlay
100
AcDbPolyline
 90
        2
 70
     1
 43
0.1016
 10
11.0998
 20
-11.78639756
 42
1.0
 10
11.2014
 20
-11.78639756
 42
1.0
  0
LWPOLYLINE
  5
325
330
2F9
100
AcDbEntity
  8
BottomOverlay
100
AcDbPolyline
 90
        2
 70
     1
 43
0.1016
 10
11.0998
 20
-19.75600062
 42
1.0
 10
11.2014
 20
-19.75600062
 42
1.0
  0
LWPOLYLINE
  5
326
330
2F9
100
AcDbEntity
  8
BottomOverlay
100
AcDbPolyline
 90
        2
 70
     0
 43
0.1524
 10
-2.26939856
 20
12.8085977
 10
-0.66939922
 20
12.8085977
  0
LWPOLYLINE
  5
327
330
2F9
100
AcDbEntity
  8
BottomOverlay
100
AcDbPolyline
 90
        2
 70
     1
 43
0.0762
 10
-2.30749856
 20
12.8085977
 42
1.0
 10
-2.23129856
 20
12.8085977
 42
1.0
  0
LWPOLYLINE
  5
328
330
2F9
100
AcDbEntity
  8
BottomOverlay
100
AcDbPolyline
 90
        2
 70
     1
 43
0.0762
 10
-0.70749922
 20
12.8085977
 42
1.0
 10
-0.6312992199999999
 20
12.8085977
 42
1.0
  0
LWPOLYLINE
  5
329
330
2F9
100
AcDbEntity
  8
BottomOverlay
100
AcDbPolyline
 90
        2
 70
     0
 43
0.1524
 10
-0.66939922
 20
12.8085977
 10
-0.66939922
 20
12.0085993
  0
LWPOLYLINE
  5
32A
330
2F9
100
AcDbEntity
  8
BottomOverlay
100
AcDbPolyline
 90
        2
 70
     1
 43
0.0762
 10
-0.70749922
 20
12.8085977
 42
1.0
 10
-0.6312992199999999
 20
12.8085977
 42
1.0
  0
LWPOLYLINE
  5
32B
330
2F9
100
AcDbEntity
  8
BottomOverlay
100
AcDbPolyline
 90
        2
 70
     1
 43
0.0762
 10
-0.70749922
 20
12.0085993
 42
1.0
 10
-0.6312992199999999
 20
12.0085993
 42
1.0
  0
LWPOLYLINE
  5
32C
330
2F9
100
AcDbEntity
  8
BottomOverlay
100
AcDbPolyline
 90
        2
 70
     0
 43
0.1524
 10
-2.26939856
 20
12.8085977
 10
-2.26939856
 20
12.0085993
  0
LWPOLYLINE
  5
32D
330
2F9
100
AcDbEntity
  8
BottomOverlay
100
AcDbPolyline
 90
        2
 70
     1
 43
0.0762
 10
-2.30749856
 20
12.8085977
 42
1.0
 10
-2.23129856
 20
12.8085977
 42
1.0
  0
LWPOLYLINE
  5
32E
330
2F9
100
AcDbEntity
  8
BottomOverlay
100
AcDbPolyline
 90
        2
 70
     1
 43
0.0762
 10
-2.30749856
 20
12.0085993
 42
1.0
 10
-2.23129856
 20
12.0085993
 42
1.0
  0
LWPOLYLINE
  5
32F
330
2F9
100
AcDbEntity
  8
BottomOverlay
100
AcDbPolyline
 90
        2
 70
     0
 43
0.1524
 10
-0.66939922
 20
-11.29139728
 10
-0.66939922
 20
-12.09139568
  0
LWPOLYLINE
  5
330
330
2F9
100
AcDbEntity
  8
BottomOverlay
100
AcDbPolyline
 90
        2
 70
     1
 43
0.0762
 10
-0.70749922
 20
-11.29139728
 42
1.0
 10
-0.6312992199999999
 20
-11.29139728
 42
1.0
  0
LWPOLYLINE
  5
331
330
2F9
100
AcDbEntity
  8
BottomOverlay
100
AcDbPolyline
 90
        2
 70
     1
 43
0.0762
 10
-0.70749922
 20
-12.09139568
 42
1.0
 10
-0.6312992199999999
 20
-12.09139568
 42
1.0
  0
LWPOLYLINE
  5
332
330
2F9
100
AcDbEntity
  8
BottomOverlay
100
AcDbPolyline
 90
        2
 70
     0
 43
0.1524
 10
-2.26939856
 20
-12.09139568
 10
-0.66939922
 20
-12.09139568
  0
LWPOLYLINE
  5
333
330
2F9
100
AcDbEntity
  8
BottomOverlay
100
AcDbPolyline
 90
        2
 70
     1
 43
0.0762
 10
-2.30749856
 20
-12.09139568
 42
1.0
 10
-2.23129856
 20
-12.09139568
 42
1.0
  0
LWPOLYLINE
  5
334
330
2F9
100
AcDbEntity
  8
BottomOverlay
100
AcDbPolyline
 90
        2
 70
     1
 43
0.0762
 10
-0.70749922
 20
-12.09139568
 42
1.0
 10
-0.6312992199999999
 20
-12.09139568
 42
1.0
  0
LWPOLYLINE
  5
335
330
2F9
100
AcDbEntity
  8
BottomOverlay
100
AcDbPolyline
 90
        2
 70
     0
 43
0.1524
 10
-2.26939856
 20
-11.29139728
 10
-2.26939856
 20
-12.09139568
  0
LWPOLYLINE
  5
336
330
2F9
100
AcDbEntity
  8
BottomOverlay
100
AcDbPolyline
 90
        2
 70
     1
 43
0.0762
 10
-2.30749856
 20
-11.29139728
 42
1.0
 10
-2.23129856
 20
-11.29139728
 42
1.0
  0
LWPOLYLINE
  5
337
330
2F9
100
AcDbEntity
  8
BottomOverlay
100
AcDbPolyline
 90
        2
 70
     1
 43
0.0762
 10
-2.30749856
 20
-12.09139568
 42
1.0
 10
-2.23129856
 20
-12.09139568
 42
1.0
  0
SOLID
  5
338
330
2F9
100
AcDbEntity
  8
BottomLayer
100
AcDbTrace
 10
9.530600699999999
 20
12.2085989
 30
0.0
 11
9.530600699999999
 21
11.8085997
 31
0.0
 12
11.93060098
 22
12.2085989
 32
0.0
 13
11.93060098
 23
11.8085997
 33
0.0
  0
SOLID
  5
339
330
2F9
100
AcDbEntity
  8
BottomPaste
100
AcDbTrace
 10
9.530600699999999
 20
12.2085989
 30
0.0
 11
9.530600699999999
 21
11.8085997
 31
0.0
 12
11.93060098
 22
12.2085989
 32
0.0
 13
11.93060098
 23
11.8085997
 33
0.0
  0
SOLID
  5
33A
330
2F9
100
AcDbEntity
  8
BottomSolder
100
AcDbTrace
 10
9.4290007
 20
12.3101989
 30
0.0
 11
9.4290007
 21
11.7069997
 31
0.0
 12
12.03220098
 22
12.3101989
 32
0.0
 13
12.03220098
 23
11.7069997
 33
0.0
  0
SOLID
  5
33B
330
2F9
100
AcDbEntity
  8
BottomLayer
100
AcDbTrace
 10
11.93060098
 20
11.00859876
 30
0.0
 11
11.93060098
 21
11.40859796
 31
0.0
 12
9.530600699999999
 22
11.00859876
 32
0.0
 13
9.530600699999999
 23
11.40859796
 33
0.0
  0
SOLID
  5
33C
330
2F9
100
AcDbEntity
  8
BottomPaste
100
AcDbTrace
 10
11.93060098
 20
11.00859876
 30
0.0
 11
11.93060098
 21
11.40859796
 31
0.0
 12
9.530600699999999
 22
11.00859876
 32
0.0
 13
9.530600699999999
 23
11.40859796
 33
0.0
  0
SOLID
  5
33D
330
2F9
100
AcDbEntity
  8
BottomSolder
100
AcDbTrace
 10
12.03220098
 20
10.90699876
 30
0.0
 11
12.03220098
 21
11.51019796
 31
0.0
 12
9.4290007
 22
10.90699876
 32
0.0
 13
9.4290007
 23
11.51019796
 33
0.0
  0
SOLID
  5
33E
330
2F9
100
AcDbEntity
  8
BottomLayer
100
AcDbTrace
 10
11.93060098
 20
10.20859782
 30
0.0
 11
11.93060098
 21
10.60859702
 31
0.0
 12
9.530600699999999
 22
10.20859782
 32
0.0
 13
9.530600699999999
 23
10.60859702
 33
0.0
  0
SOLID
  5
33F
330
2F9
100
AcDbEntity
  8
BottomPaste
100
AcDbTrace
 10
11.93060098
 20
10.20859782
 30
0.0
 11
11.93060098
 21
10.60859702
 31
0.0
 12
9.530600699999999
 22
10.20859782
 32
0.0
 13
9.530600699999999
 23
10.60859702
 33
0.0
  0
SOLID
  5
340
330
2F9
100
AcDbEntity
  8
BottomSolder
100
AcDbTrace
 10
12.03220098
 20
10.10699782
 30
0.0
 11
12.03220098
 21
10.71019702
 31
0.0
 12
9.4290007
 22
10.10699782
 32
0.0
 13
9.4290007
 23
10.71019702
 33
0.0
  0
SOLID
  5
341
330
2F9
100
AcDbEntity
  8
BottomLayer
100
AcDbTrace
 10
11.93060098
 20
9.40859942
 30
0.0
 11
11.93060098
 21
9.80859862
 31
0.0
 12
9.530600699999999
 22
9.40859942
 32
0.0
 13
9.530600699999999
 23
9.80859862
 33
0.0
  0
SOLID
  5
342
330
2F9
100
AcDbEntity
  8
BottomPaste
100
AcDbTrace
 10
11.93060098
 20
9.40859942
 30
0.0
 11
11.93060098
 21
9.80859862
 31
0.0
 12
9.530600699999999
 22
9.40859942
 32
0.0
 13
9.530600699999999
 23
9.80859862
 33
0.0
  0
SOLID
  5
343
330
2F9
100
AcDbEntity
  8
BottomSolder
100
AcDbTrace
 10
12.03220098
 20
9.30699942
 30
0.0
 11
12.03220098
 21
9.91019862
 31
0.0
 12
9.4290007
 22
9.30699942
 32
0.0
 13
9.4290007
 23
9.91019862
 33
0.0
  0
SOLID
  5
344
330
2F9
100
AcDbEntity
  8
BottomLayer
100
AcDbTrace
 10
11.93060098
 20
8.643498079999999
 30
0.0
 11
11.93060098
 21
8.97369808
 31
0.0
 12
9.530600699999999
 22
8.643498079999999
 32
0.0
 13
9.530600699999999
 23
8.97369808
 33
0.0
  0
SOLID
  5
345
330
2F9
100
AcDbEntity
  8
BottomPaste
100
AcDbTrace
 10
11.93060098
 20
8.643498079999999
 30
0.0
 11
11.93060098
 21
8.97369808
 31
0.0
 12
9.530600699999999
 22
8.643498079999999
 32
0.0
 13
9.530600699999999
 23
8.97369808
 33
0.0
  0
SOLID
  5
346
330
2F9
100
AcDbEntity
  8
BottomSolder
100
AcDbTrace
 10
12.03220098
 20
8.54189808
 30
0.0
 11
12.03220098
 21
9.07529808
 31
0.0
 12
9.4290007
 22
8.54189808
 32
0.0
 13
9.4290007
 23
9.07529808
 33
0.0
  0
SOLID
  5
347
330
2F9
100
AcDbEntity
  8
BottomLayer
100
AcDbTrace
 10
11.93060098
 20
7.843497139999999
 30
0.0
 11
11.93060098
 21
8.17369714
 31
0.0
 12
9.530600699999999
 22
7.843497139999999
 32
0.0
 13
9.530600699999999
 23
8.17369714
 33
0.0
  0
SOLID
  5
348
330
2F9
100
AcDbEntity
  8
BottomPaste
100
AcDbTrace
 10
11.93060098
 20
7.843497139999999
 30
0.0
 11
11.93060098
 21
8.17369714
 31
0.0
 12
9.530600699999999
 22
7.843497139999999
 32
0.0
 13
9.530600699999999
 23
8.17369714
 33
0.0
  0
SOLID
  5
349
330
2F9
100
AcDbEntity
  8
BottomSolder
100
AcDbTrace
 10
12.03220098
 20
7.74189714
 30
0.0
 11
12.03220098
 21
8.27529714
 31
0.0
 12
9.4290007
 22
7.74189714
 32
0.0
 13
9.4290007
 23
8.27529714
 33
0.0
  0
SOLID
  5
34A
330
2F9
100
AcDbEntity
  8
BottomLayer
100
AcDbTrace
 10
11.93060098
 20
7.04349874
 30
0.0
 11
11.93060098
 21
7.37369874
 31
0.0
 12
9.530600699999999
 22
7.04349874
 32
0.0
 13
9.530600699999999
 23
7.37369874
 33
0.0
  0
SOLID
  5
34B
330
2F9
100
AcDbEntity
  8
BottomPaste
100
AcDbTrace
 10
11.93060098
 20
7.04349874
 30
0.0
 11
11.93060098
 21
7.37369874
 31
0.0
 12
9.530600699999999
 22
7.04349874
 32
0.0
 13
9.530600699999999
 23
7.37369874
 33
0.0
  0
SOLID
  5
34C
330
2F9
100
AcDbEntity
  8
BottomSolder
100
AcDbTrace
 10
12.03220098
 20
6.941898739999999
 30
0.0
 11
12.03220098
 21
7.475298739999999
 31
0.0
 12
9.4290007
 22
6.941898739999999
 32
0.0
 13
9.4290007
 23
7.475298739999999
 33
0.0
  0
SOLID
  5
34D
330
2F9
100
AcDbEntity
  8
BottomLayer
100
AcDbTrace
 10
11.93060098
 20
6.2085982
 30
0.0
 11
11.93060098
 21
6.6085974
 31
0.0
 12
9.530600699999999
 22
6.2085982
 32
0.0
 13
9.530600699999999
 23
6.6085974
 33
0.0
  0
SOLID
  5
34E
330
2F9
100
AcDbEntity
  8
BottomPaste
100
AcDbTrace
 10
11.93060098
 20
6.2085982
 30
0.0
 11
11.93060098
 21
6.6085974
 31
0.0
 12
9.530600699999999
 22
6.2085982
 32
0.0
 13
9.530600699999999
 23
6.6085974
 33
0.0
  0
SOLID
  5
34F
330
2F9
100
AcDbEntity
  8
BottomSolder
100
AcDbTrace
 10
12.03220098
 20
6.1069982
 30
0.0
 11
12.03220098
 21
6.710197399999999
 31
0.0
 12
9.4290007
 22
6.1069982
 32
0.0
 13
9.4290007
 23
6.710197399999999
 33
0.0
  0
SOLID
  5
350
330
2F9
100
AcDbEntity
  8
BottomLayer
100
AcDbTrace
 10
11.93060098
 20
5.408599799999999
 30
0.0
 11
11.93060098
 21
5.808599
 31
0.0
 12
9.530600699999999
 22
5.408599799999999
 32
0.0
 13
9.530600699999999
 23
5.808599
 33
0.0
  0
SOLID
  5
351
330
2F9
100
AcDbEntity
  8
BottomPaste
100
AcDbTrace
 10
11.93060098
 20
5.408599799999999
 30
0.0
 11
11.93060098
 21
5.808599
 31
0.0
 12
9.530600699999999
 22
5.408599799999999
 32
0.0
 13
9.530600699999999
 23
5.808599
 33
0.0
  0
SOLID
  5
352
330
2F9
100
AcDbEntity
  8
BottomSolder
100
AcDbTrace
 10
12.03220098
 20
5.3069998
 30
0.0
 11
12.03220098
 21
5.910199
 31
0.0
 12
9.4290007
 22
5.3069998
 32
0.0
 13
9.4290007
 23
5.910199
 33
0.0
  0
SOLID
  5
353
330
2F9
100
AcDbEntity
  8
BottomLayer
100
AcDbTrace
 10
11.93060098
 20
4.60859886
 30
0.0
 11
11.93060098
 21
5.00859806
 31
0.0
 12
9.530600699999999
 22
4.60859886
 32
0.0
 13
9.530600699999999
 23
5.00859806
 33
0.0
  0
SOLID
  5
354
330
2F9
100
AcDbEntity
  8
BottomPaste
100
AcDbTrace
 10
11.93060098
 20
4.60859886
 30
0.0
 11
11.93060098
 21
5.00859806
 31
0.0
 12
9.530600699999999
 22
4.60859886
 32
0.0
 13
9.530600699999999
 23
5.00859806
 33
0.0
  0
SOLID
  5
355
330
2F9
100
AcDbEntity
  8
BottomSolder
100
AcDbTrace
 10
12.03220098
 20
4.506998859999999
 30
0.0
 11
12.03220098
 21
5.11019806
 31
0.0
 12
9.4290007
 22
4.506998859999999
 32
0.0
 13
9.4290007
 23
5.11019806
 33
0.0
  0
SOLID
  5
356
330
2F9
100
AcDbEntity
  8
BottomLayer
100
AcDbTrace
 10
11.93060098
 20
3.80859792
 30
0.0
 11
11.93060098
 21
4.208597119999999
 31
0.0
 12
9.530600699999999
 22
3.80859792
 32
0.0
 13
9.530600699999999
 23
4.208597119999999
 33
0.0
  0
SOLID
  5
357
330
2F9
100
AcDbEntity
  8
BottomPaste
100
AcDbTrace
 10
11.93060098
 20
3.80859792
 30
0.0
 11
11.93060098
 21
4.208597119999999
 31
0.0
 12
9.530600699999999
 22
3.80859792
 32
0.0
 13
9.530600699999999
 23
4.208597119999999
 33
0.0
  0
SOLID
  5
358
330
2F9
100
AcDbEntity
  8
BottomSolder
100
AcDbTrace
 10
12.03220098
 20
3.70699792
 30
0.0
 11
12.03220098
 21
4.31019712
 31
0.0
 12
9.4290007
 22
3.70699792
 32
0.0
 13
9.4290007
 23
4.31019712
 33
0.0
  0
SOLID
  5
359
330
2F9
100
AcDbEntity
  8
BottomLayer
100
AcDbTrace
 10
11.93060098
 20
3.00859952
 30
0.0
 11
11.93060098
 21
3.40859872
 31
0.0
 12
9.530600699999999
 22
3.00859952
 32
0.0
 13
9.530600699999999
 23
3.40859872
 33
0.0
  0
SOLID
  5
35A
330
2F9
100
AcDbEntity
  8
BottomPaste
100
AcDbTrace
 10
11.93060098
 20
3.00859952
 30
0.0
 11
11.93060098
 21
3.40859872
 31
0.0
 12
9.530600699999999
 22
3.00859952
 32
0.0
 13
9.530600699999999
 23
3.40859872
 33
0.0
  0
SOLID
  5
35B
330
2F9
100
AcDbEntity
  8
BottomSolder
100
AcDbTrace
 10
12.03220098
 20
2.90699952
 30
0.0
 11
12.03220098
 21
3.51019872
 31
0.0
 12
9.4290007
 22
2.90699952
 32
0.0
 13
9.4290007
 23
3.51019872
 33
0.0
  0
SOLID
  5
35C
330
2F9
100
AcDbEntity
  8
BottomLayer
100
AcDbTrace
 10
11.93060098
 20
2.20859858
 30
0.0
 11
11.93060098
 21
2.60859778
 31
0.0
 12
9.530600699999999
 22
2.20859858
 32
0.0
 13
9.530600699999999
 23
2.60859778
 33
0.0
  0
SOLID
  5
35D
330
2F9
100
AcDbEntity
  8
BottomPaste
100
AcDbTrace
 10
11.93060098
 20
2.20859858
 30
0.0
 11
11.93060098
 21
2.60859778
 31
0.0
 12
9.530600699999999
 22
2.20859858
 32
0.0
 13
9.530600699999999
 23
2.60859778
 33
0.0
  0
SOLID
  5
35E
330
2F9
100
AcDbEntity
  8
BottomSolder
100
AcDbTrace
 10
12.03220098
 20
2.10699858
 30
0.0
 11
12.03220098
 21
2.71019778
 31
0.0
 12
9.4290007
 22
2.10699858
 32
0.0
 13
9.4290007
 23
2.71019778
 33
0.0
  0
SOLID
  5
35F
330
2F9
100
AcDbEntity
  8
BottomLayer
100
AcDbTrace
 10
11.93060098
 20
1.40859764
 30
0.0
 11
11.93060098
 21
1.80859684
 31
0.0
 12
9.530600699999999
 22
1.40859764
 32
0.0
 13
9.530600699999999
 23
1.80859684
 33
0.0
  0
SOLID
  5
360
330
2F9
100
AcDbEntity
  8
BottomPaste
100
AcDbTrace
 10
11.93060098
 20
1.40859764
 30
0.0
 11
11.93060098
 21
1.80859684
 31
0.0
 12
9.530600699999999
 22
1.40859764
 32
0.0
 13
9.530600699999999
 23
1.80859684
 33
0.0
  0
SOLID
  5
361
330
2F9
100
AcDbEntity
  8
BottomSolder
100
AcDbTrace
 10
12.03220098
 20
1.30699764
 30
0.0
 11
12.03220098
 21
1.91019684
 31
0.0
 12
9.4290007
 22
1.30699764
 32
0.0
 13
9.4290007
 23
1.91019684
 33
0.0
  0
SOLID
  5
362
330
2F9
100
AcDbEntity
  8
BottomLayer
100
AcDbTrace
 10
11.93060098
 20
0.60859924
 30
0.0
 11
11.93060098
 21
1.00859844
 31
0.0
 12
9.530600699999999
 22
0.60859924
 32
0.0
 13
9.530600699999999
 23
1.00859844
 33
0.0
  0
SOLID
  5
363
330
2F9
100
AcDbEntity
  8
BottomPaste
100
AcDbTrace
 10
11.93060098
 20
0.60859924
 30
0.0
 11
11.93060098
 21
1.00859844
 31
0.0
 12
9.530600699999999
 22
0.60859924
 32
0.0
 13
9.530600699999999
 23
1.00859844
 33
0.0
  0
SOLID
  5
364
330
2F9
100
AcDbEntity
  8
BottomSolder
100
AcDbTrace
 10
12.03220098
 20
0.50699924
 30
0.0
 11
12.03220098
 21
1.11019844
 31
0.0
 12
9.4290007
 22
0.50699924
 32
0.0
 13
9.4290007
 23
1.11019844
 33
0.0
  0
SOLID
  5
365
330
2F9
100
AcDbEntity
  8
BottomLayer
100
AcDbTrace
 10
11.93060098
 20
-0.1914017
 30
0.0
 11
11.93060098
 21
0.2085975
 31
0.0
 12
9.530600699999999
 22
-0.1914017
 32
0.0
 13
9.530600699999999
 23
0.2085975
 33
0.0
  0
SOLID
  5
366
330
2F9
100
AcDbEntity
  8
BottomPaste
100
AcDbTrace
 10
11.93060098
 20
-0.1914017
 30
0.0
 11
11.93060098
 21
0.2085975
 31
0.0
 12
9.530600699999999
 22
-0.1914017
 32
0.0
 13
9.530600699999999
 23
0.2085975
 33
0.0
  0
SOLID
  5
367
330
2F9
100
AcDbEntity
  8
BottomSolder
100
AcDbTrace
 10
12.03220098
 20
-0.2930017
 30
0.0
 11
12.03220098
 21
0.3101975
 31
0.0
 12
9.4290007
 22
-0.2930017
 32
0.0
 13
9.4290007
 23
0.3101975
 33
0.0
  0
SOLID
  5
368
330
2F9
100
AcDbEntity
  8
BottomLayer
100
AcDbTrace
 10
11.93060098
 20
-0.9914000999999999
 30
0.0
 11
11.93060098
 21
-0.5914009
 31
0.0
 12
9.530600699999999
 22
-0.9914000999999999
 32
0.0
 13
9.530600699999999
 23
-0.5914009
 33
0.0
  0
SOLID
  5
369
330
2F9
100
AcDbEntity
  8
BottomPaste
100
AcDbTrace
 10
11.93060098
 20
-0.9914000999999999
 30
0.0
 11
11.93060098
 21
-0.5914009
 31
0.0
 12
9.530600699999999
 22
-0.9914000999999999
 32
0.0
 13
9.530600699999999
 23
-0.5914009
 33
0.0
  0
SOLID
  5
36A
330
2F9
100
AcDbEntity
  8
BottomSolder
100
AcDbTrace
 10
12.03220098
 20
-1.0930001
 30
0.0
 11
12.03220098
 21
-0.4898009
 31
0.0
 12
9.4290007
 22
-1.0930001
 32
0.0
 13
9.4290007
 23
-0.4898009
 33
0.0
  0
SOLID
  5
36B
330
2F9
100
AcDbEntity
  8
BottomLayer
100
AcDbTrace
 10
11.93060098
 20
-1.75650144
 30
0.0
 11
11.93060098
 21
-1.42630144
 31
0.0
 12
9.530600699999999
 22
-1.75650144
 32
0.0
 13
9.530600699999999
 23
-1.42630144
 33
0.0
  0
SOLID
  5
36C
330
2F9
100
AcDbEntity
  8
BottomPaste
100
AcDbTrace
 10
11.93060098
 20
-1.75650144
 30
0.0
 11
11.93060098
 21
-1.42630144
 31
0.0
 12
9.530600699999999
 22
-1.75650144
 32
0.0
 13
9.530600699999999
 23
-1.42630144
 33
0.0
  0
SOLID
  5
36D
330
2F9
100
AcDbEntity
  8
BottomSolder
100
AcDbTrace
 10
12.03220098
 20
-1.85810144
 30
0.0
 11
12.03220098
 21
-1.32470144
 31
0.0
 12
9.4290007
 22
-1.85810144
 32
0.0
 13
9.4290007
 23
-1.32470144
 33
0.0
  0
SOLID
  5
36E
330
2F9
100
AcDbEntity
  8
BottomLayer
100
AcDbTrace
 10
11.93060098
 20
-2.55650238
 30
0.0
 11
11.93060098
 21
-2.22630238
 31
0.0
 12
9.530600699999999
 22
-2.55650238
 32
0.0
 13
9.530600699999999
 23
-2.22630238
 33
0.0
  0
SOLID
  5
36F
330
2F9
100
AcDbEntity
  8
BottomPaste
100
AcDbTrace
 10
11.93060098
 20
-2.55650238
 30
0.0
 11
11.93060098
 21
-2.22630238
 31
0.0
 12
9.530600699999999
 22
-2.55650238
 32
0.0
 13
9.530600699999999
 23
-2.22630238
 33
0.0
  0
SOLID
  5
370
330
2F9
100
AcDbEntity
  8
BottomSolder
100
AcDbTrace
 10
12.03220098
 20
-2.65810238
 30
0.0
 11
12.03220098
 21
-2.12470238
 31
0.0
 12
9.4290007
 22
-2.65810238
 32
0.0
 13
9.4290007
 23
-2.12470238
 33
0.0
  0
SOLID
  5
371
330
2F9
100
AcDbEntity
  8
BottomLayer
100
AcDbTrace
 10
11.93060098
 20
-3.39140038
 30
0.0
 11
11.93060098
 21
-2.99140118
 31
0.0
 12
9.530600699999999
 22
-3.39140038
 32
0.0
 13
9.530600699999999
 23
-2.99140118
 33
0.0
  0
SOLID
  5
372
330
2F9
100
AcDbEntity
  8
BottomPaste
100
AcDbTrace
 10
11.93060098
 20
-3.39140038
 30
0.0
 11
11.93060098
 21
-2.99140118
 31
0.0
 12
9.530600699999999
 22
-3.39140038
 32
0.0
 13
9.530600699999999
 23
-2.99140118
 33
0.0
  0
SOLID
  5
373
330
2F9
100
AcDbEntity
  8
BottomSolder
100
AcDbTrace
 10
12.03220098
 20
-3.49300038
 30
0.0
 11
12.03220098
 21
-2.88980118
 31
0.0
 12
9.4290007
 22
-3.49300038
 32
0.0
 13
9.4290007
 23
-2.88980118
 33
0.0
  0
SOLID
  5
374
330
2F9
100
AcDbEntity
  8
BottomLayer
100
AcDbTrace
 10
11.93060098
 20
-4.19140132
 30
0.0
 11
11.93060098
 21
-3.79140212
 31
0.0
 12
9.530600699999999
 22
-4.19140132
 32
0.0
 13
9.530600699999999
 23
-3.79140212
 33
0.0
  0
SOLID
  5
375
330
2F9
100
AcDbEntity
  8
BottomPaste
100
AcDbTrace
 10
11.93060098
 20
-4.19140132
 30
0.0
 11
11.93060098
 21
-3.79140212
 31
0.0
 12
9.530600699999999
 22
-4.19140132
 32
0.0
 13
9.530600699999999
 23
-3.79140212
 33
0.0
  0
SOLID
  5
376
330
2F9
100
AcDbEntity
  8
BottomSolder
100
AcDbTrace
 10
12.03220098
 20
-4.29300132
 30
0.0
 11
12.03220098
 21
-3.68980212
 31
0.0
 12
9.4290007
 22
-4.29300132
 32
0.0
 13
9.4290007
 23
-3.68980212
 33
0.0
  0
SOLID
  5
377
330
2F9
100
AcDbEntity
  8
BottomLayer
100
AcDbTrace
 10
11.93060098
 20
-4.99140226
 30
0.0
 11
11.93060098
 21
-4.591403059999999
 31
0.0
 12
9.530600699999999
 22
-4.99140226
 32
0.0
 13
9.530600699999999
 23
-4.591403059999999
 33
0.0
  0
SOLID
  5
378
330
2F9
100
AcDbEntity
  8
BottomPaste
100
AcDbTrace
 10
11.93060098
 20
-4.99140226
 30
0.0
 11
11.93060098
 21
-4.591403059999999
 31
0.0
 12
9.530600699999999
 22
-4.99140226
 32
0.0
 13
9.530600699999999
 23
-4.591403059999999
 33
0.0
  0
SOLID
  5
379
330
2F9
100
AcDbEntity
  8
BottomSolder
100
AcDbTrace
 10
12.03220098
 20
-5.09300226
 30
0.0
 11
12.03220098
 21
-4.48980306
 31
0.0
 12
9.4290007
 22
-5.09300226
 32
0.0
 13
9.4290007
 23
-4.48980306
 33
0.0
  0
SOLID
  5
37A
330
2F9
100
AcDbEntity
  8
BottomLayer
100
AcDbTrace
 10
11.93060098
 20
-5.79140066
 30
0.0
 11
11.93060098
 21
-5.39140146
 31
0.0
 12
9.530600699999999
 22
-5.79140066
 32
0.0
 13
9.530600699999999
 23
-5.39140146
 33
0.0
  0
SOLID
  5
37B
330
2F9
100
AcDbEntity
  8
BottomPaste
100
AcDbTrace
 10
11.93060098
 20
-5.79140066
 30
0.0
 11
11.93060098
 21
-5.39140146
 31
0.0
 12
9.530600699999999
 22
-5.79140066
 32
0.0
 13
9.530600699999999
 23
-5.39140146
 33
0.0
  0
SOLID
  5
37C
330
2F9
100
AcDbEntity
  8
BottomSolder
100
AcDbTrace
 10
12.03220098
 20
-5.893000659999999
 30
0.0
 11
12.03220098
 21
-5.28980146
 31
0.0
 12
9.4290007
 22
-5.893000659999999
 32
0.0
 13
9.4290007
 23
-5.28980146
 33
0.0
  0
SOLID
  5
37D
330
2F9
100
AcDbEntity
  8
BottomLayer
100
AcDbTrace
 10
11.93060098
 20
-6.591401599999999
 30
0.0
 11
11.93060098
 21
-6.191402399999999
 31
0.0
 12
9.530600699999999
 22
-6.591401599999999
 32
0.0
 13
9.530600699999999
 23
-6.191402399999999
 33
0.0
  0
SOLID
  5
37E
330
2F9
100
AcDbEntity
  8
BottomPaste
100
AcDbTrace
 10
11.93060098
 20
-6.591401599999999
 30
0.0
 11
11.93060098
 21
-6.191402399999999
 31
0.0
 12
9.530600699999999
 22
-6.591401599999999
 32
0.0
 13
9.530600699999999
 23
-6.191402399999999
 33
0.0
  0
SOLID
  5
37F
330
2F9
100
AcDbEntity
  8
BottomSolder
100
AcDbTrace
 10
12.03220098
 20
-6.6930016
 30
0.0
 11
12.03220098
 21
-6.0898024
 31
0.0
 12
9.4290007
 22
-6.6930016
 32
0.0
 13
9.4290007
 23
-6.0898024
 33
0.0
  0
SOLID
  5
380
330
2F9
100
AcDbEntity
  8
BottomLayer
100
AcDbTrace
 10
11.93060098
 20
-7.3914
 30
0.0
 11
11.93060098
 21
-6.991400799999999
 31
0.0
 12
9.530600699999999
 22
-7.3914
 32
0.0
 13
9.530600699999999
 23
-6.991400799999999
 33
0.0
  0
SOLID
  5
381
330
2F9
100
AcDbEntity
  8
BottomPaste
100
AcDbTrace
 10
11.93060098
 20
-7.3914
 30
0.0
 11
11.93060098
 21
-6.991400799999999
 31
0.0
 12
9.530600699999999
 22
-7.3914
 32
0.0
 13
9.530600699999999
 23
-6.991400799999999
 33
0.0
  0
SOLID
  5
382
330
2F9
100
AcDbEntity
  8
BottomSolder
100
AcDbTrace
 10
12.03220098
 20
-7.492999999999999
 30
0.0
 11
12.03220098
 21
-6.8898008
 31
0.0
 12
9.4290007
 22
-7.492999999999999
 32
0.0
 13
9.4290007
 23
-6.8898008
 33
0.0
  0
SOLID
  5
383
330
2F9
100
AcDbEntity
  8
BottomLayer
100
AcDbTrace
 10
11.93060098
 20
-8.19140094
 30
0.0
 11
11.93060098
 21
-7.79140174
 31
0.0
 12
9.530600699999999
 22
-8.19140094
 32
0.0
 13
9.530600699999999
 23
-7.79140174
 33
0.0
  0
SOLID
  5
384
330
2F9
100
AcDbEntity
  8
BottomPaste
100
AcDbTrace
 10
11.93060098
 20
-8.19140094
 30
0.0
 11
11.93060098
 21
-7.79140174
 31
0.0
 12
9.530600699999999
 22
-8.19140094
 32
0.0
 13
9.530600699999999
 23
-7.79140174
 33
0.0
  0
SOLID
  5
385
330
2F9
100
AcDbEntity
  8
BottomSolder
100
AcDbTrace
 10
12.03220098
 20
-8.293000939999999
 30
0.0
 11
12.03220098
 21
-7.689801739999999
 31
0.0
 12
9.4290007
 22
-8.293000939999999
 32
0.0
 13
9.4290007
 23
-7.689801739999999
 33
0.0
  0
SOLID
  5
386
330
2F9
100
AcDbEntity
  8
BottomLayer
100
AcDbTrace
 10
11.93060098
 20
-8.99140188
 30
0.0
 11
11.93060098
 21
-8.59140268
 31
0.0
 12
9.530600699999999
 22
-8.99140188
 32
0.0
 13
9.530600699999999
 23
-8.59140268
 33
0.0
  0
SOLID
  5
387
330
2F9
100
AcDbEntity
  8
BottomPaste
100
AcDbTrace
 10
11.93060098
 20
-8.99140188
 30
0.0
 11
11.93060098
 21
-8.59140268
 31
0.0
 12
9.530600699999999
 22
-8.99140188
 32
0.0
 13
9.530600699999999
 23
-8.59140268
 33
0.0
  0
SOLID
  5
388
330
2F9
100
AcDbEntity
  8
BottomSolder
100
AcDbTrace
 10
12.03220098
 20
-9.09300188
 30
0.0
 11
12.03220098
 21
-8.48980268
 31
0.0
 12
9.4290007
 22
-9.09300188
 32
0.0
 13
9.4290007
 23
-8.48980268
 33
0.0
  0
SOLID
  5
389
330
2F9
100
AcDbEntity
  8
BottomLayer
100
AcDbTrace
 10
11.93060098
 20
-9.79140028
 30
0.0
 11
11.93060098
 21
-9.39140108
 31
0.0
 12
9.530600699999999
 22
-9.79140028
 32
0.0
 13
9.530600699999999
 23
-9.39140108
 33
0.0
  0
SOLID
  5
38A
330
2F9
100
AcDbEntity
  8
BottomPaste
100
AcDbTrace
 10
11.93060098
 20
-9.79140028
 30
0.0
 11
11.93060098
 21
-9.39140108
 31
0.0
 12
9.530600699999999
 22
-9.79140028
 32
0.0
 13
9.530600699999999
 23
-9.39140108
 33
0.0
  0
SOLID
  5
38B
330
2F9
100
AcDbEntity
  8
BottomSolder
100
AcDbTrace
 10
12.03220098
 20
-9.893000279999999
 30
0.0
 11
12.03220098
 21
-9.28980108
 31
0.0
 12
9.4290007
 22
-9.893000279999999
 32
0.0
 13
9.4290007
 23
-9.28980108
 33
0.0
  0
SOLID
  5
38C
330
2F9
100
AcDbEntity
  8
BottomLayer
100
AcDbTrace
 10
11.93060098
 20
-10.59140122
 30
0.0
 11
11.93060098
 21
-10.19140202
 31
0.0
 12
9.530600699999999
 22
-10.59140122
 32
0.0
 13
9.530600699999999
 23
-10.19140202
 33
0.0
  0
SOLID
  5
38D
330
2F9
100
AcDbEntity
  8
BottomPaste
100
AcDbTrace
 10
11.93060098
 20
-10.59140122
 30
0.0
 11
11.93060098
 21
-10.19140202
 31
0.0
 12
9.530600699999999
 22
-10.59140122
 32
0.0
 13
9.530600699999999
 23
-10.19140202
 33
0.0
  0
SOLID
  5
38E
330
2F9
100
AcDbEntity
  8
BottomSolder
100
AcDbTrace
 10
12.03220098
 20
-10.69300122
 30
0.0
 11
12.03220098
 21
-10.08980202
 31
0.0
 12
9.4290007
 22
-10.69300122
 32
0.0
 13
9.4290007
 23
-10.08980202
 33
0.0
  0
SOLID
  5
38F
330
2F9
100
AcDbEntity
  8
BottomLayer
100
AcDbTrace
 10
11.93060098
 20
-11.39140216
 30
0.0
 11
11.93060098
 21
-10.99140296
 31
0.0
 12
9.530600699999999
 22
-11.39140216
 32
0.0
 13
9.530600699999999
 23
-10.99140296
 33
0.0
  0
SOLID
  5
390
330
2F9
100
AcDbEntity
  8
BottomPaste
100
AcDbTrace
 10
11.93060098
 20
-11.39140216
 30
0.0
 11
11.93060098
 21
-10.99140296
 31
0.0
 12
9.530600699999999
 22
-11.39140216
 32
0.0
 13
9.530600699999999
 23
-10.99140296
 33
0.0
  0
SOLID
  5
391
330
2F9
100
AcDbEntity
  8
BottomSolder
100
AcDbTrace
 10
12.03220098
 20
-11.49300216
 30
0.0
 11
12.03220098
 21
-10.88980296
 31
0.0
 12
9.4290007
 22
-11.49300216
 32
0.0
 13
9.4290007
 23
-10.88980296
 33
0.0
  0
SOLID
  5
392
330
2F9
100
AcDbEntity
  8
BottomLayer
100
AcDbTrace
 10
5.13060188
 20
12.2085989
 30
0.0
 11
5.13060188
 21
11.8085997
 31
0.0
 12
7.53060216
 22
12.2085989
 32
0.0
 13
7.53060216
 23
11.8085997
 33
0.0
  0
SOLID
  5
393
330
2F9
100
AcDbEntity
  8
BottomPaste
100
AcDbTrace
 10
5.13060188
 20
12.2085989
 30
0.0
 11
5.13060188
 21
11.8085997
 31
0.0
 12
7.53060216
 22
12.2085989
 32
0.0
 13
7.53060216
 23
11.8085997
 33
0.0
  0
SOLID
  5
394
330
2F9
100
AcDbEntity
  8
BottomSolder
100
AcDbTrace
 10
5.02900188
 20
12.3101989
 30
0.0
 11
5.02900188
 21
11.7069997
 31
0.0
 12
7.632202159999999
 22
12.3101989
 32
0.0
 13
7.632202159999999
 23
11.7069997
 33
0.0
  0
SOLID
  5
395
330
2F9
100
AcDbEntity
  8
BottomLayer
100
AcDbTrace
 10
7.53060216
 20
11.00859876
 30
0.0
 11
7.53060216
 21
11.40859796
 31
0.0
 12
5.13060188
 22
11.00859876
 32
0.0
 13
5.13060188
 23
11.40859796
 33
0.0
  0
SOLID
  5
396
330
2F9
100
AcDbEntity
  8
BottomPaste
100
AcDbTrace
 10
7.53060216
 20
11.00859876
 30
0.0
 11
7.53060216
 21
11.40859796
 31
0.0
 12
5.13060188
 22
11.00859876
 32
0.0
 13
5.13060188
 23
11.40859796
 33
0.0
  0
SOLID
  5
397
330
2F9
100
AcDbEntity
  8
BottomSolder
100
AcDbTrace
 10
7.632202159999999
 20
10.90699876
 30
0.0
 11
7.632202159999999
 21
11.51019796
 31
0.0
 12
5.02900188
 22
10.90699876
 32
0.0
 13
5.02900188
 23
11.51019796
 33
0.0
  0
SOLID
  5
398
330
2F9
100
AcDbEntity
  8
BottomLayer
100
AcDbTrace
 10
7.53060216
 20
10.20859782
 30
0.0
 11
7.53060216
 21
10.60859702
 31
0.0
 12
5.13060188
 22
10.20859782
 32
0.0
 13
5.13060188
 23
10.60859702
 33
0.0
  0
SOLID
  5
399
330
2F9
100
AcDbEntity
  8
BottomPaste
100
AcDbTrace
 10
7.53060216
 20
10.20859782
 30
0.0
 11
7.53060216
 21
10.60859702
 31
0.0
 12
5.13060188
 22
10.20859782
 32
0.0
 13
5.13060188
 23
10.60859702
 33
0.0
  0
SOLID
  5
39A
330
2F9
100
AcDbEntity
  8
BottomSolder
100
AcDbTrace
 10
7.632202159999999
 20
10.10699782
 30
0.0
 11
7.632202159999999
 21
10.71019702
 31
0.0
 12
5.02900188
 22
10.10699782
 32
0.0
 13
5.02900188
 23
10.71019702
 33
0.0
  0
SOLID
  5
39B
330
2F9
100
AcDbEntity
  8
BottomLayer
100
AcDbTrace
 10
7.53060216
 20
9.40859942
 30
0.0
 11
7.53060216
 21
9.80859862
 31
0.0
 12
5.13060188
 22
9.40859942
 32
0.0
 13
5.13060188
 23
9.80859862
 33
0.0
  0
SOLID
  5
39C
330
2F9
100
AcDbEntity
  8
BottomPaste
100
AcDbTrace
 10
7.53060216
 20
9.40859942
 30
0.0
 11
7.53060216
 21
9.80859862
 31
0.0
 12
5.13060188
 22
9.40859942
 32
0.0
 13
5.13060188
 23
9.80859862
 33
0.0
  0
SOLID
  5
39D
330
2F9
100
AcDbEntity
  8
BottomSolder
100
AcDbTrace
 10
7.632202159999999
 20
9.30699942
 30
0.0
 11
7.632202159999999
 21
9.91019862
 31
0.0
 12
5.02900188
 22
9.30699942
 32
0.0
 13
5.02900188
 23
9.91019862
 33
0.0
  0
SOLID
  5
39E
330
2F9
100
AcDbEntity
  8
BottomLayer
100
AcDbTrace
 10
7.53060216
 20
8.60859848
 30
0.0
 11
7.53060216
 21
9.00859768
 31
0.0
 12
5.13060188
 22
8.60859848
 32
0.0
 13
5.13060188
 23
9.00859768
 33
0.0
  0
SOLID
  5
39F
330
2F9
100
AcDbEntity
  8
BottomPaste
100
AcDbTrace
 10
7.53060216
 20
8.60859848
 30
0.0
 11
7.53060216
 21
9.00859768
 31
0.0
 12
5.13060188
 22
8.60859848
 32
0.0
 13
5.13060188
 23
9.00859768
 33
0.0
  0
SOLID
  5
3A0
330
2F9
100
AcDbEntity
  8
BottomSolder
100
AcDbTrace
 10
7.632202159999999
 20
8.50699848
 30
0.0
 11
7.632202159999999
 21
9.110197679999999
 31
0.0
 12
5.02900188
 22
8.50699848
 32
0.0
 13
5.02900188
 23
9.110197679999999
 33
0.0
  0
SOLID
  5
3A1
330
2F9
100
AcDbEntity
  8
BottomLayer
100
AcDbTrace
 10
7.53060216
 20
7.808597539999999
 30
0.0
 11
7.53060216
 21
8.208596739999999
 31
0.0
 12
5.13060188
 22
7.808597539999999
 32
0.0
 13
5.13060188
 23
8.208596739999999
 33
0.0
  0
SOLID
  5
3A2
330
2F9
100
AcDbEntity
  8
BottomPaste
100
AcDbTrace
 10
7.53060216
 20
7.808597539999999
 30
0.0
 11
7.53060216
 21
8.208596739999999
 31
0.0
 12
5.13060188
 22
7.808597539999999
 32
0.0
 13
5.13060188
 23
8.208596739999999
 33
0.0
  0
SOLID
  5
3A3
330
2F9
100
AcDbEntity
  8
BottomSolder
100
AcDbTrace
 10
7.632202159999999
 20
7.70699754
 30
0.0
 11
7.632202159999999
 21
8.31019674
 31
0.0
 12
5.02900188
 22
7.70699754
 32
0.0
 13
5.02900188
 23
8.31019674
 33
0.0
  0
SOLID
  5
3A4
330
2F9
100
AcDbEntity
  8
BottomLayer
100
AcDbTrace
 10
7.53060216
 20
7.008599139999999
 30
0.0
 11
7.53060216
 21
7.408598339999999
 31
0.0
 12
5.13060188
 22
7.008599139999999
 32
0.0
 13
5.13060188
 23
7.408598339999999
 33
0.0
  0
SOLID
  5
3A5
330
2F9
100
AcDbEntity
  8
BottomPaste
100
AcDbTrace
 10
7.53060216
 20
7.008599139999999
 30
0.0
 11
7.53060216
 21
7.408598339999999
 31
0.0
 12
5.13060188
 22
7.008599139999999
 32
0.0
 13
5.13060188
 23
7.408598339999999
 33
0.0
  0
SOLID
  5
3A6
330
2F9
100
AcDbEntity
  8
BottomSolder
100
AcDbTrace
 10
7.632202159999999
 20
6.90699914
 30
0.0
 11
7.632202159999999
 21
7.51019834
 31
0.0
 12
5.02900188
 22
6.90699914
 32
0.0
 13
5.02900188
 23
7.51019834
 33
0.0
  0
SOLID
  5
3A7
330
2F9
100
AcDbEntity
  8
BottomLayer
100
AcDbTrace
 10
7.53060216
 20
6.2085982
 30
0.0
 11
7.53060216
 21
6.6085974
 31
0.0
 12
5.13060188
 22
6.2085982
 32
0.0
 13
5.13060188
 23
6.6085974
 33
0.0
  0
SOLID
  5
3A8
330
2F9
100
AcDbEntity
  8
BottomPaste
100
AcDbTrace
 10
7.53060216
 20
6.2085982
 30
0.0
 11
7.53060216
 21
6.6085974
 31
0.0
 12
5.13060188
 22
6.2085982
 32
0.0
 13
5.13060188
 23
6.6085974
 33
0.0
  0
SOLID
  5
3A9
330
2F9
100
AcDbEntity
  8
BottomSolder
100
AcDbTrace
 10
7.632202159999999
 20
6.1069982
 30
0.0
 11
7.632202159999999
 21
6.710197399999999
 31
0.0
 12
5.02900188
 22
6.1069982
 32
0.0
 13
5.02900188
 23
6.710197399999999
 33
0.0
  0
SOLID
  5
3AA
330
2F9
100
AcDbEntity
  8
BottomLayer
100
AcDbTrace
 10
7.53060216
 20
5.408599799999999
 30
0.0
 11
7.53060216
 21
5.808599
 31
0.0
 12
5.13060188
 22
5.408599799999999
 32
0.0
 13
5.13060188
 23
5.808599
 33
0.0
  0
SOLID
  5
3AB
330
2F9
100
AcDbEntity
  8
BottomPaste
100
AcDbTrace
 10
7.53060216
 20
5.408599799999999
 30
0.0
 11
7.53060216
 21
5.808599
 31
0.0
 12
5.13060188
 22
5.408599799999999
 32
0.0
 13
5.13060188
 23
5.808599
 33
0.0
  0
SOLID
  5
3AC
330
2F9
100
AcDbEntity
  8
BottomSolder
100
AcDbTrace
 10
7.632202159999999
 20
5.3069998
 30
0.0
 11
7.632202159999999
 21
5.910199
 31
0.0
 12
5.02900188
 22
5.3069998
 32
0.0
 13
5.02900188
 23
5.910199
 33
0.0
  0
SOLID
  5
3AD
330
2F9
100
AcDbEntity
  8
BottomLayer
100
AcDbTrace
 10
7.53060216
 20
4.60859886
 30
0.0
 11
7.53060216
 21
5.00859806
 31
0.0
 12
5.13060188
 22
4.60859886
 32
0.0
 13
5.13060188
 23
5.00859806
 33
0.0
  0
SOLID
  5
3AE
330
2F9
100
AcDbEntity
  8
BottomPaste
100
AcDbTrace
 10
7.53060216
 20
4.60859886
 30
0.0
 11
7.53060216
 21
5.00859806
 31
0.0
 12
5.13060188
 22
4.60859886
 32
0.0
 13
5.13060188
 23
5.00859806
 33
0.0
  0
SOLID
  5
3AF
330
2F9
100
AcDbEntity
  8
BottomSolder
100
AcDbTrace
 10
7.632202159999999
 20
4.506998859999999
 30
0.0
 11
7.632202159999999
 21
5.11019806
 31
0.0
 12
5.02900188
 22
4.506998859999999
 32
0.0
 13
5.02900188
 23
5.11019806
 33
0.0
  0
SOLID
  5
3B0
330
2F9
100
AcDbEntity
  8
BottomLayer
100
AcDbTrace
 10
7.53060216
 20
3.80859792
 30
0.0
 11
7.53060216
 21
4.208597119999999
 31
0.0
 12
5.13060188
 22
3.80859792
 32
0.0
 13
5.13060188
 23
4.208597119999999
 33
0.0
  0
SOLID
  5
3B1
330
2F9
100
AcDbEntity
  8
BottomPaste
100
AcDbTrace
 10
7.53060216
 20
3.80859792
 30
0.0
 11
7.53060216
 21
4.208597119999999
 31
0.0
 12
5.13060188
 22
3.80859792
 32
0.0
 13
5.13060188
 23
4.208597119999999
 33
0.0
  0
SOLID
  5
3B2
330
2F9
100
AcDbEntity
  8
BottomSolder
100
AcDbTrace
 10
7.632202159999999
 20
3.70699792
 30
0.0
 11
7.632202159999999
 21
4.31019712
 31
0.0
 12
5.02900188
 22
3.70699792
 32
0.0
 13
5.02900188
 23
4.31019712
 33
0.0
  0
SOLID
  5
3B3
330
2F9
100
AcDbEntity
  8
BottomLayer
100
AcDbTrace
 10
7.53060216
 20
3.00859952
 30
0.0
 11
7.53060216
 21
3.40859872
 31
0.0
 12
5.13060188
 22
3.00859952
 32
0.0
 13
5.13060188
 23
3.40859872
 33
0.0
  0
SOLID
  5
3B4
330
2F9
100
AcDbEntity
  8
BottomPaste
100
AcDbTrace
 10
7.53060216
 20
3.00859952
 30
0.0
 11
7.53060216
 21
3.40859872
 31
0.0
 12
5.13060188
 22
3.00859952
 32
0.0
 13
5.13060188
 23
3.40859872
 33
0.0
  0
SOLID
  5
3B5
330
2F9
100
AcDbEntity
  8
BottomSolder
100
AcDbTrace
 10
7.632202159999999
 20
2.90699952
 30
0.0
 11
7.632202159999999
 21
3.51019872
 31
0.0
 12
5.02900188
 22
2.90699952
 32
0.0
 13
5.02900188
 23
3.51019872
 33
0.0
  0
SOLID
  5
3B6
330
2F9
100
AcDbEntity
  8
BottomLayer
100
AcDbTrace
 10
7.53060216
 20
2.24349818
 30
0.0
 11
7.53060216
 21
2.57369818
 31
0.0
 12
5.13060188
 22
2.24349818
 32
0.0
 13
5.13060188
 23
2.57369818
 33
0.0
  0
SOLID
  5
3B7
330
2F9
100
AcDbEntity
  8
BottomPaste
100
AcDbTrace
 10
7.53060216
 20
2.24349818
 30
0.0
 11
7.53060216
 21
2.57369818
 31
0.0
 12
5.13060188
 22
2.24349818
 32
0.0
 13
5.13060188
 23
2.57369818
 33
0.0
  0
SOLID
  5
3B8
330
2F9
100
AcDbEntity
  8
BottomSolder
100
AcDbTrace
 10
7.632202159999999
 20
2.14189818
 30
0.0
 11
7.632202159999999
 21
2.67529818
 31
0.0
 12
5.02900188
 22
2.14189818
 32
0.0
 13
5.02900188
 23
2.67529818
 33
0.0
  0
SOLID
  5
3B9
330
2F9
100
AcDbEntity
  8
BottomLayer
100
AcDbTrace
 10
7.53060216
 20
1.40859764
 30
0.0
 11
7.53060216
 21
1.80859684
 31
0.0
 12
5.13060188
 22
1.40859764
 32
0.0
 13
5.13060188
 23
1.80859684
 33
0.0
  0
SOLID
  5
3BA
330
2F9
100
AcDbEntity
  8
BottomPaste
100
AcDbTrace
 10
7.53060216
 20
1.40859764
 30
0.0
 11
7.53060216
 21
1.80859684
 31
0.0
 12
5.13060188
 22
1.40859764
 32
0.0
 13
5.13060188
 23
1.80859684
 33
0.0
  0
SOLID
  5
3BB
330
2F9
100
AcDbEntity
  8
BottomSolder
100
AcDbTrace
 10
7.632202159999999
 20
1.30699764
 30
0.0
 11
7.632202159999999
 21
1.91019684
 31
0.0
 12
5.02900188
 22
1.30699764
 32
0.0
 13
5.02900188
 23
1.91019684
 33
0.0
  0
SOLID
  5
3BC
330
2F9
100
AcDbEntity
  8
BottomLayer
100
AcDbTrace
 10
7.53060216
 20
0.60859924
 30
0.0
 11
7.53060216
 21
1.00859844
 31
0.0
 12
5.13060188
 22
0.60859924
 32
0.0
 13
5.13060188
 23
1.00859844
 33
0.0
  0
SOLID
  5
3BD
330
2F9
100
AcDbEntity
  8
BottomPaste
100
AcDbTrace
 10
7.53060216
 20
0.60859924
 30
0.0
 11
7.53060216
 21
1.00859844
 31
0.0
 12
5.13060188
 22
0.60859924
 32
0.0
 13
5.13060188
 23
1.00859844
 33
0.0
  0
SOLID
  5
3BE
330
2F9
100
AcDbEntity
  8
BottomSolder
100
AcDbTrace
 10
7.632202159999999
 20
0.50699924
 30
0.0
 11
7.632202159999999
 21
1.11019844
 31
0.0
 12
5.02900188
 22
0.50699924
 32
0.0
 13
5.02900188
 23
1.11019844
 33
0.0
  0
SOLID
  5
3BF
330
2F9
100
AcDbEntity
  8
BottomLayer
100
AcDbTrace
 10
7.53060216
 20
-0.1914017
 30
0.0
 11
7.53060216
 21
0.2085975
 31
0.0
 12
5.13060188
 22
-0.1914017
 32
0.0
 13
5.13060188
 23
0.2085975
 33
0.0
  0
SOLID
  5
3C0
330
2F9
100
AcDbEntity
  8
BottomPaste
100
AcDbTrace
 10
7.53060216
 20
-0.1914017
 30
0.0
 11
7.53060216
 21
0.2085975
 31
0.0
 12
5.13060188
 22
-0.1914017
 32
0.0
 13
5.13060188
 23
0.2085975
 33
0.0
  0
SOLID
  5
3C1
330
2F9
100
AcDbEntity
  8
BottomSolder
100
AcDbTrace
 10
7.632202159999999
 20
-0.2930017
 30
0.0
 11
7.632202159999999
 21
0.3101975
 31
0.0
 12
5.02900188
 22
-0.2930017
 32
0.0
 13
5.02900188
 23
0.3101975
 33
0.0
  0
SOLID
  5
3C2
330
2F9
100
AcDbEntity
  8
BottomLayer
100
AcDbTrace
 10
7.53060216
 20
-0.9914000999999999
 30
0.0
 11
7.53060216
 21
-0.5914009
 31
0.0
 12
5.13060188
 22
-0.9914000999999999
 32
0.0
 13
5.13060188
 23
-0.5914009
 33
0.0
  0
SOLID
  5
3C3
330
2F9
100
AcDbEntity
  8
BottomPaste
100
AcDbTrace
 10
7.53060216
 20
-0.9914000999999999
 30
0.0
 11
7.53060216
 21
-0.5914009
 31
0.0
 12
5.13060188
 22
-0.9914000999999999
 32
0.0
 13
5.13060188
 23
-0.5914009
 33
0.0
  0
SOLID
  5
3C4
330
2F9
100
AcDbEntity
  8
BottomSolder
100
AcDbTrace
 10
7.632202159999999
 20
-1.0930001
 30
0.0
 11
7.632202159999999
 21
-0.4898009
 31
0.0
 12
5.02900188
 22
-1.0930001
 32
0.0
 13
5.02900188
 23
-0.4898009
 33
0.0
  0
SOLID
  5
3C5
330
2F9
100
AcDbEntity
  8
BottomLayer
100
AcDbTrace
 10
7.53060216
 20
-1.79140104
 30
0.0
 11
7.53060216
 21
-1.39140184
 31
0.0
 12
5.13060188
 22
-1.79140104
 32
0.0
 13
5.13060188
 23
-1.39140184
 33
0.0
  0
SOLID
  5
3C6
330
2F9
100
AcDbEntity
  8
BottomPaste
100
AcDbTrace
 10
7.53060216
 20
-1.79140104
 30
0.0
 11
7.53060216
 21
-1.39140184
 31
0.0
 12
5.13060188
 22
-1.79140104
 32
0.0
 13
5.13060188
 23
-1.39140184
 33
0.0
  0
SOLID
  5
3C7
330
2F9
100
AcDbEntity
  8
BottomSolder
100
AcDbTrace
 10
7.632202159999999
 20
-1.89300104
 30
0.0
 11
7.632202159999999
 21
-1.28980184
 31
0.0
 12
5.02900188
 22
-1.89300104
 32
0.0
 13
5.02900188
 23
-1.28980184
 33
0.0
  0
SOLID
  5
3C8
330
2F9
100
AcDbEntity
  8
BottomLayer
100
AcDbTrace
 10
7.53060216
 20
-2.59140198
 30
0.0
 11
7.53060216
 21
-2.19140278
 31
0.0
 12
5.13060188
 22
-2.59140198
 32
0.0
 13
5.13060188
 23
-2.19140278
 33
0.0
  0
SOLID
  5
3C9
330
2F9
100
AcDbEntity
  8
BottomPaste
100
AcDbTrace
 10
7.53060216
 20
-2.59140198
 30
0.0
 11
7.53060216
 21
-2.19140278
 31
0.0
 12
5.13060188
 22
-2.59140198
 32
0.0
 13
5.13060188
 23
-2.19140278
 33
0.0
  0
SOLID
  5
3CA
330
2F9
100
AcDbEntity
  8
BottomSolder
100
AcDbTrace
 10
7.632202159999999
 20
-2.69300198
 30
0.0
 11
7.632202159999999
 21
-2.08980278
 31
0.0
 12
5.02900188
 22
-2.69300198
 32
0.0
 13
5.02900188
 23
-2.08980278
 33
0.0
  0
SOLID
  5
3CB
330
2F9
100
AcDbEntity
  8
BottomLayer
100
AcDbTrace
 10
7.53060216
 20
-3.39140038
 30
0.0
 11
7.53060216
 21
-2.99140118
 31
0.0
 12
5.13060188
 22
-3.39140038
 32
0.0
 13
5.13060188
 23
-2.99140118
 33
0.0
  0
SOLID
  5
3CC
330
2F9
100
AcDbEntity
  8
BottomPaste
100
AcDbTrace
 10
7.53060216
 20
-3.39140038
 30
0.0
 11
7.53060216
 21
-2.99140118
 31
0.0
 12
5.13060188
 22
-3.39140038
 32
0.0
 13
5.13060188
 23
-2.99140118
 33
0.0
  0
SOLID
  5
3CD
330
2F9
100
AcDbEntity
  8
BottomSolder
100
AcDbTrace
 10
7.632202159999999
 20
-3.49300038
 30
0.0
 11
7.632202159999999
 21
-2.88980118
 31
0.0
 12
5.02900188
 22
-3.49300038
 32
0.0
 13
5.02900188
 23
-2.88980118
 33
0.0
  0
SOLID
  5
3CE
330
2F9
100
AcDbEntity
  8
BottomLayer
100
AcDbTrace
 10
7.53060216
 20
-4.19140132
 30
0.0
 11
7.53060216
 21
-3.79140212
 31
0.0
 12
5.13060188
 22
-4.19140132
 32
0.0
 13
5.13060188
 23
-3.79140212
 33
0.0
  0
SOLID
  5
3CF
330
2F9
100
AcDbEntity
  8
BottomPaste
100
AcDbTrace
 10
7.53060216
 20
-4.19140132
 30
0.0
 11
7.53060216
 21
-3.79140212
 31
0.0
 12
5.13060188
 22
-4.19140132
 32
0.0
 13
5.13060188
 23
-3.79140212
 33
0.0
  0
SOLID
  5
3D0
330
2F9
100
AcDbEntity
  8
BottomSolder
100
AcDbTrace
 10
7.632202159999999
 20
-4.29300132
 30
0.0
 11
7.632202159999999
 21
-3.68980212
 31
0.0
 12
5.02900188
 22
-4.29300132
 32
0.0
 13
5.02900188
 23
-3.68980212
 33
0.0
  0
SOLID
  5
3D1
330
2F9
100
AcDbEntity
  8
BottomLayer
100
AcDbTrace
 10
7.53060216
 20
-4.99140226
 30
0.0
 11
7.53060216
 21
-4.591403059999999
 31
0.0
 12
5.13060188
 22
-4.99140226
 32
0.0
 13
5.13060188
 23
-4.591403059999999
 33
0.0
  0
SOLID
  5
3D2
330
2F9
100
AcDbEntity
  8
BottomPaste
100
AcDbTrace
 10
7.53060216
 20
-4.99140226
 30
0.0
 11
7.53060216
 21
-4.591403059999999
 31
0.0
 12
5.13060188
 22
-4.99140226
 32
0.0
 13
5.13060188
 23
-4.591403059999999
 33
0.0
  0
SOLID
  5
3D3
330
2F9
100
AcDbEntity
  8
BottomSolder
100
AcDbTrace
 10
7.632202159999999
 20
-5.09300226
 30
0.0
 11
7.632202159999999
 21
-4.48980306
 31
0.0
 12
5.02900188
 22
-5.09300226
 32
0.0
 13
5.02900188
 23
-4.48980306
 33
0.0
  0
SOLID
  5
3D4
330
2F9
100
AcDbEntity
  8
BottomLayer
100
AcDbTrace
 10
7.53060216
 20
-5.79140066
 30
0.0
 11
7.53060216
 21
-5.39140146
 31
0.0
 12
5.13060188
 22
-5.79140066
 32
0.0
 13
5.13060188
 23
-5.39140146
 33
0.0
  0
SOLID
  5
3D5
330
2F9
100
AcDbEntity
  8
BottomPaste
100
AcDbTrace
 10
7.53060216
 20
-5.79140066
 30
0.0
 11
7.53060216
 21
-5.39140146
 31
0.0
 12
5.13060188
 22
-5.79140066
 32
0.0
 13
5.13060188
 23
-5.39140146
 33
0.0
  0
SOLID
  5
3D6
330
2F9
100
AcDbEntity
  8
BottomSolder
100
AcDbTrace
 10
7.632202159999999
 20
-5.893000659999999
 30
0.0
 11
7.632202159999999
 21
-5.28980146
 31
0.0
 12
5.02900188
 22
-5.893000659999999
 32
0.0
 13
5.02900188
 23
-5.28980146
 33
0.0
  0
SOLID
  5
3D7
330
2F9
100
AcDbEntity
  8
BottomLayer
100
AcDbTrace
 10
7.53060216
 20
-6.591401599999999
 30
0.0
 11
7.53060216
 21
-6.191402399999999
 31
0.0
 12
5.13060188
 22
-6.591401599999999
 32
0.0
 13
5.13060188
 23
-6.191402399999999
 33
0.0
  0
SOLID
  5
3D8
330
2F9
100
AcDbEntity
  8
BottomPaste
100
AcDbTrace
 10
7.53060216
 20
-6.591401599999999
 30
0.0
 11
7.53060216
 21
-6.191402399999999
 31
0.0
 12
5.13060188
 22
-6.591401599999999
 32
0.0
 13
5.13060188
 23
-6.191402399999999
 33
0.0
  0
SOLID
  5
3D9
330
2F9
100
AcDbEntity
  8
BottomSolder
100
AcDbTrace
 10
7.632202159999999
 20
-6.6930016
 30
0.0
 11
7.632202159999999
 21
-6.0898024
 31
0.0
 12
5.02900188
 22
-6.6930016
 32
0.0
 13
5.02900188
 23
-6.0898024
 33
0.0
  0
SOLID
  5
3DA
330
2F9
100
AcDbEntity
  8
BottomLayer
100
AcDbTrace
 10
7.53060216
 20
-7.3914
 30
0.0
 11
7.53060216
 21
-6.991400799999999
 31
0.0
 12
5.13060188
 22
-7.3914
 32
0.0
 13
5.13060188
 23
-6.991400799999999
 33
0.0
  0
SOLID
  5
3DB
330
2F9
100
AcDbEntity
  8
BottomPaste
100
AcDbTrace
 10
7.53060216
 20
-7.3914
 30
0.0
 11
7.53060216
 21
-6.991400799999999
 31
0.0
 12
5.13060188
 22
-7.3914
 32
0.0
 13
5.13060188
 23
-6.991400799999999
 33
0.0
  0
SOLID
  5
3DC
330
2F9
100
AcDbEntity
  8
BottomSolder
100
AcDbTrace
 10
7.632202159999999
 20
-7.492999999999999
 30
0.0
 11
7.632202159999999
 21
-6.8898008
 31
0.0
 12
5.02900188
 22
-7.492999999999999
 32
0.0
 13
5.02900188
 23
-6.8898008
 33
0.0
  0
SOLID
  5
3DD
330
2F9
100
AcDbEntity
  8
BottomLayer
100
AcDbTrace
 10
7.53060216
 20
-8.19140094
 30
0.0
 11
7.53060216
 21
-7.79140174
 31
0.0
 12
5.13060188
 22
-8.19140094
 32
0.0
 13
5.13060188
 23
-7.79140174
 33
0.0
  0
SOLID
  5
3DE
330
2F9
100
AcDbEntity
  8
BottomPaste
100
AcDbTrace
 10
7.53060216
 20
-8.19140094
 30
0.0
 11
7.53060216
 21
-7.79140174
 31
0.0
 12
5.13060188
 22
-8.19140094
 32
0.0
 13
5.13060188
 23
-7.79140174
 33
0.0
  0
SOLID
  5
3DF
330
2F9
100
AcDbEntity
  8
BottomSolder
100
AcDbTrace
 10
7.632202159999999
 20
-8.293000939999999
 30
0.0
 11
7.632202159999999
 21
-7.689801739999999
 31
0.0
 12
5.02900188
 22
-8.293000939999999
 32
0.0
 13
5.02900188
 23
-7.689801739999999
 33
0.0
  0
SOLID
  5
3E0
330
2F9
100
AcDbEntity
  8
BottomLayer
100
AcDbTrace
 10
7.53060216
 20
-8.99140188
 30
0.0
 11
7.53060216
 21
-8.59140268
 31
0.0
 12
5.13060188
 22
-8.99140188
 32
0.0
 13
5.13060188
 23
-8.59140268
 33
0.0
  0
SOLID
  5
3E1
330
2F9
100
AcDbEntity
  8
BottomPaste
100
AcDbTrace
 10
7.53060216
 20
-8.99140188
 30
0.0
 11
7.53060216
 21
-8.59140268
 31
0.0
 12
5.13060188
 22
-8.99140188
 32
0.0
 13
5.13060188
 23
-8.59140268
 33
0.0
  0
SOLID
  5
3E2
330
2F9
100
AcDbEntity
  8
BottomSolder
100
AcDbTrace
 10
7.632202159999999
 20
-9.09300188
 30
0.0
 11
7.632202159999999
 21
-8.48980268
 31
0.0
 12
5.02900188
 22
-9.09300188
 32
0.0
 13
5.02900188
 23
-8.48980268
 33
0.0
  0
SOLID
  5
3E3
330
2F9
100
AcDbEntity
  8
BottomLayer
100
AcDbTrace
 10
7.53060216
 20
-9.79140028
 30
0.0
 11
7.53060216
 21
-9.39140108
 31
0.0
 12
5.13060188
 22
-9.79140028
 32
0.0
 13
5.13060188
 23
-9.39140108
 33
0.0
  0
SOLID
  5
3E4
330
2F9
100
AcDbEntity
  8
BottomPaste
100
AcDbTrace
 10
7.53060216
 20
-9.79140028
 30
0.0
 11
7.53060216
 21
-9.39140108
 31
0.0
 12
5.13060188
 22
-9.79140028
 32
0.0
 13
5.13060188
 23
-9.39140108
 33
0.0
  0
SOLID
  5
3E5
330
2F9
100
AcDbEntity
  8
BottomSolder
100
AcDbTrace
 10
7.632202159999999
 20
-9.893000279999999
 30
0.0
 11
7.632202159999999
 21
-9.28980108
 31
0.0
 12
5.02900188
 22
-9.893000279999999
 32
0.0
 13
5.02900188
 23
-9.28980108
 33
0.0
  0
SOLID
  5
3E6
330
2F9
100
AcDbEntity
  8
BottomLayer
100
AcDbTrace
 10
7.53060216
 20
-10.59140122
 30
0.0
 11
7.53060216
 21
-10.19140202
 31
0.0
 12
5.13060188
 22
-10.59140122
 32
0.0
 13
5.13060188
 23
-10.19140202
 33
0.0
  0
SOLID
  5
3E7
330
2F9
100
AcDbEntity
  8
BottomPaste
100
AcDbTrace
 10
7.53060216
 20
-10.59140122
 30
0.0
 11
7.53060216
 21
-10.19140202
 31
0.0
 12
5.13060188
 22
-10.59140122
 32
0.0
 13
5.13060188
 23
-10.19140202
 33
0.0
  0
SOLID
  5
3E8
330
2F9
100
AcDbEntity
  8
BottomSolder
100
AcDbTrace
 10
7.632202159999999
 20
-10.69300122
 30
0.0
 11
7.632202159999999
 21
-10.08980202
 31
0.0
 12
5.02900188
 22
-10.69300122
 32
0.0
 13
5.02900188
 23
-10.08980202
 33
0.0
  0
SOLID
  5
3E9
330
2F9
100
AcDbEntity
  8
BottomLayer
100
AcDbTrace
 10
7.53060216
 20
-11.39140216
 30
0.0
 11
7.53060216
 21
-10.99140296
 31
0.0
 12
5.13060188
 22
-11.39140216
 32
0.0
 13
5.13060188
 23
-10.99140296
 33
0.0
  0
SOLID
  5
3EA
330
2F9
100
AcDbEntity
  8
BottomPaste
100
AcDbTrace
 10
7.53060216
 20
-11.39140216
 30
0.0
 11
7.53060216
 21
-10.99140296
 31
0.0
 12
5.13060188
 22
-11.39140216
 32
0.0
 13
5.13060188
 23
-10.99140296
 33
0.0
  0
SOLID
  5
3EB
330
2F9
100
AcDbEntity
  8
BottomSolder
100
AcDbTrace
 10
7.632202159999999
 20
-11.49300216
 30
0.0
 11
7.632202159999999
 21
-10.88980296
 31
0.0
 12
5.02900188
 22
-11.49300216
 32
0.0
 13
5.02900188
 23
-10.88980296
 33
0.0
  0
SOLID
  5
3EC
330
2F9
100
AcDbEntity
  8
BottomLayer
100
AcDbTrace
 10
-0.46939962
 20
12.2085989
 30
0.0
 11
-0.46939962
 21
11.8085997
 31
0.0
 12
1.93060066
 22
12.2085989
 32
0.0
 13
1.93060066
 23
11.8085997
 33
0.0
  0
SOLID
  5
3ED
330
2F9
100
AcDbEntity
  8
BottomPaste
100
AcDbTrace
 10
-0.46939962
 20
12.2085989
 30
0.0
 11
-0.46939962
 21
11.8085997
 31
0.0
 12
1.93060066
 22
12.2085989
 32
0.0
 13
1.93060066
 23
11.8085997
 33
0.0
  0
SOLID
  5
3EE
330
2F9
100
AcDbEntity
  8
BottomSolder
100
AcDbTrace
 10
-0.5709996199999999
 20
12.3101989
 30
0.0
 11
-0.5709996199999999
 21
11.7069997
 31
0.0
 12
2.03220066
 22
12.3101989
 32
0.0
 13
2.03220066
 23
11.7069997
 33
0.0
  0
SOLID
  5
3EF
330
2F9
100
AcDbEntity
  8
BottomLayer
100
AcDbTrace
 10
1.93060066
 20
11.00859876
 30
0.0
 11
1.93060066
 21
11.40859796
 31
0.0
 12
-0.46939962
 22
11.00859876
 32
0.0
 13
-0.46939962
 23
11.40859796
 33
0.0
  0
SOLID
  5
3F0
330
2F9
100
AcDbEntity
  8
BottomPaste
100
AcDbTrace
 10
1.93060066
 20
11.00859876
 30
0.0
 11
1.93060066
 21
11.40859796
 31
0.0
 12
-0.46939962
 22
11.00859876
 32
0.0
 13
-0.46939962
 23
11.40859796
 33
0.0
  0
SOLID
  5
3F1
330
2F9
100
AcDbEntity
  8
BottomSolder
100
AcDbTrace
 10
2.03220066
 20
10.90699876
 30
0.0
 11
2.03220066
 21
11.51019796
 31
0.0
 12
-0.5709996199999999
 22
10.90699876
 32
0.0
 13
-0.5709996199999999
 23
11.51019796
 33
0.0
  0
SOLID
  5
3F2
330
2F9
100
AcDbEntity
  8
BottomLayer
100
AcDbTrace
 10
1.93060066
 20
10.20859782
 30
0.0
 11
1.93060066
 21
10.60859702
 31
0.0
 12
-0.46939962
 22
10.20859782
 32
0.0
 13
-0.46939962
 23
10.60859702
 33
0.0
  0
SOLID
  5
3F3
330
2F9
100
AcDbEntity
  8
BottomPaste
100
AcDbTrace
 10
1.93060066
 20
10.20859782
 30
0.0
 11
1.93060066
 21
10.60859702
 31
0.0
 12
-0.46939962
 22
10.20859782
 32
0.0
 13
-0.46939962
 23
10.60859702
 33
0.0
  0
SOLID
  5
3F4
330
2F9
100
AcDbEntity
  8
BottomSolder
100
AcDbTrace
 10
2.03220066
 20
10.10699782
 30
0.0
 11
2.03220066
 21
10.71019702
 31
0.0
 12
-0.5709996199999999
 22
10.10699782
 32
0.0
 13
-0.5709996199999999
 23
10.71019702
 33
0.0
  0
SOLID
  5
3F5
330
2F9
100
AcDbEntity
  8
BottomLayer
100
AcDbTrace
 10
-4.869398439999999
 20
12.2085989
 30
0.0
 11
-4.869398439999999
 21
11.8085997
 31
0.0
 12
-2.46939816
 22
12.2085989
 32
0.0
 13
-2.46939816
 23
11.8085997
 33
0.0
  0
SOLID
  5
3F6
330
2F9
100
AcDbEntity
  8
BottomPaste
100
AcDbTrace
 10
-4.869398439999999
 20
12.2085989
 30
0.0
 11
-4.869398439999999
 21
11.8085997
 31
0.0
 12
-2.46939816
 22
12.2085989
 32
0.0
 13
-2.46939816
 23
11.8085997
 33
0.0
  0
SOLID
  5
3F7
330
2F9
100
AcDbEntity
  8
BottomSolder
100
AcDbTrace
 10
-4.97099844
 20
12.3101989
 30
0.0
 11
-4.97099844
 21
11.7069997
 31
0.0
 12
-2.36779816
 22
12.3101989
 32
0.0
 13
-2.36779816
 23
11.7069997
 33
0.0
  0
SOLID
  5
3F8
330
2F9
100
AcDbEntity
  8
BottomLayer
100
AcDbTrace
 10
-2.46939816
 20
11.00859876
 30
0.0
 11
-2.46939816
 21
11.40859796
 31
0.0
 12
-4.869398439999999
 22
11.00859876
 32
0.0
 13
-4.869398439999999
 23
11.40859796
 33
0.0
  0
SOLID
  5
3F9
330
2F9
100
AcDbEntity
  8
BottomPaste
100
AcDbTrace
 10
-2.46939816
 20
11.00859876
 30
0.0
 11
-2.46939816
 21
11.40859796
 31
0.0
 12
-4.869398439999999
 22
11.00859876
 32
0.0
 13
-4.869398439999999
 23
11.40859796
 33
0.0
  0
SOLID
  5
3FA
330
2F9
100
AcDbEntity
  8
BottomSolder
100
AcDbTrace
 10
-2.36779816
 20
10.90699876
 30
0.0
 11
-2.36779816
 21
11.51019796
 31
0.0
 12
-4.97099844
 22
10.90699876
 32
0.0
 13
-4.97099844
 23
11.51019796
 33
0.0
  0
SOLID
  5
3FB
330
2F9
100
AcDbEntity
  8
BottomLayer
100
AcDbTrace
 10
-2.46939816
 20
10.20859782
 30
0.0
 11
-2.46939816
 21
10.60859702
 31
0.0
 12
-4.869398439999999
 22
10.20859782
 32
0.0
 13
-4.869398439999999
 23
10.60859702
 33
0.0
  0
SOLID
  5
3FC
330
2F9
100
AcDbEntity
  8
BottomPaste
100
AcDbTrace
 10
-2.46939816
 20
10.20859782
 30
0.0
 11
-2.46939816
 21
10.60859702
 31
0.0
 12
-4.869398439999999
 22
10.20859782
 32
0.0
 13
-4.869398439999999
 23
10.60859702
 33
0.0
  0
SOLID
  5
3FD
330
2F9
100
AcDbEntity
  8
BottomSolder
100
AcDbTrace
 10
-2.36779816
 20
10.10699782
 30
0.0
 11
-2.36779816
 21
10.71019702
 31
0.0
 12
-4.97099844
 22
10.10699782
 32
0.0
 13
-4.97099844
 23
10.71019702
 33
0.0
  0
SOLID
  5
3FE
330
2F9
100
AcDbEntity
  8
BottomLayer
100
AcDbTrace
 10
-2.46939816
 20
9.40859942
 30
0.0
 11
-2.46939816
 21
9.80859862
 31
0.0
 12
-4.869398439999999
 22
9.40859942
 32
0.0
 13
-4.869398439999999
 23
9.80859862
 33
0.0
  0
SOLID
  5
3FF
330
2F9
100
AcDbEntity
  8
BottomPaste
100
AcDbTrace
 10
-2.46939816
 20
9.40859942
 30
0.0
 11
-2.46939816
 21
9.80859862
 31
0.0
 12
-4.869398439999999
 22
9.40859942
 32
0.0
 13
-4.869398439999999
 23
9.80859862
 33
0.0
  0
SOLID
  5
400
330
2F9
100
AcDbEntity
  8
BottomSolder
100
AcDbTrace
 10
-2.36779816
 20
9.30699942
 30
0.0
 11
-2.36779816
 21
9.91019862
 31
0.0
 12
-4.97099844
 22
9.30699942
 32
0.0
 13
-4.97099844
 23
9.91019862
 33
0.0
  0
SOLID
  5
401
330
2F9
100
AcDbEntity
  8
BottomLayer
100
AcDbTrace
 10
-2.46939816
 20
8.60859848
 30
0.0
 11
-2.46939816
 21
9.00859768
 31
0.0
 12
-4.869398439999999
 22
8.60859848
 32
0.0
 13
-4.869398439999999
 23
9.00859768
 33
0.0
  0
SOLID
  5
402
330
2F9
100
AcDbEntity
  8
BottomPaste
100
AcDbTrace
 10
-2.46939816
 20
8.60859848
 30
0.0
 11
-2.46939816
 21
9.00859768
 31
0.0
 12
-4.869398439999999
 22
8.60859848
 32
0.0
 13
-4.869398439999999
 23
9.00859768
 33
0.0
  0
SOLID
  5
403
330
2F9
100
AcDbEntity
  8
BottomSolder
100
AcDbTrace
 10
-2.36779816
 20
8.50699848
 30
0.0
 11
-2.36779816
 21
9.110197679999999
 31
0.0
 12
-4.97099844
 22
8.50699848
 32
0.0
 13
-4.97099844
 23
9.110197679999999
 33
0.0
  0
SOLID
  5
404
330
2F9
100
AcDbEntity
  8
BottomLayer
100
AcDbTrace
 10
-2.46939816
 20
7.808597539999999
 30
0.0
 11
-2.46939816
 21
8.208596739999999
 31
0.0
 12
-4.869398439999999
 22
7.808597539999999
 32
0.0
 13
-4.869398439999999
 23
8.208596739999999
 33
0.0
  0
SOLID
  5
405
330
2F9
100
AcDbEntity
  8
BottomPaste
100
AcDbTrace
 10
-2.46939816
 20
7.808597539999999
 30
0.0
 11
-2.46939816
 21
8.208596739999999
 31
0.0
 12
-4.869398439999999
 22
7.808597539999999
 32
0.0
 13
-4.869398439999999
 23
8.208596739999999
 33
0.0
  0
SOLID
  5
406
330
2F9
100
AcDbEntity
  8
BottomSolder
100
AcDbTrace
 10
-2.36779816
 20
7.70699754
 30
0.0
 11
-2.36779816
 21
8.31019674
 31
0.0
 12
-4.97099844
 22
7.70699754
 32
0.0
 13
-4.97099844
 23
8.31019674
 33
0.0
  0
SOLID
  5
407
330
2F9
100
AcDbEntity
  8
BottomLayer
100
AcDbTrace
 10
-2.46939816
 20
7.008599139999999
 30
0.0
 11
-2.46939816
 21
7.408598339999999
 31
0.0
 12
-4.869398439999999
 22
7.008599139999999
 32
0.0
 13
-4.869398439999999
 23
7.408598339999999
 33
0.0
  0
SOLID
  5
408
330
2F9
100
AcDbEntity
  8
BottomPaste
100
AcDbTrace
 10
-2.46939816
 20
7.008599139999999
 30
0.0
 11
-2.46939816
 21
7.408598339999999
 31
0.0
 12
-4.869398439999999
 22
7.008599139999999
 32
0.0
 13
-4.869398439999999
 23
7.408598339999999
 33
0.0
  0
SOLID
  5
409
330
2F9
100
AcDbEntity
  8
BottomSolder
100
AcDbTrace
 10
-2.36779816
 20
6.90699914
 30
0.0
 11
-2.36779816
 21
7.51019834
 31
0.0
 12
-4.97099844
 22
6.90699914
 32
0.0
 13
-4.97099844
 23
7.51019834
 33
0.0
  0
SOLID
  5
40A
330
2F9
100
AcDbEntity
  8
BottomLayer
100
AcDbTrace
 10
-2.46939816
 20
6.2085982
 30
0.0
 11
-2.46939816
 21
6.6085974
 31
0.0
 12
-4.869398439999999
 22
6.2085982
 32
0.0
 13
-4.869398439999999
 23
6.6085974
 33
0.0
  0
SOLID
  5
40B
330
2F9
100
AcDbEntity
  8
BottomPaste
100
AcDbTrace
 10
-2.46939816
 20
6.2085982
 30
0.0
 11
-2.46939816
 21
6.6085974
 31
0.0
 12
-4.869398439999999
 22
6.2085982
 32
0.0
 13
-4.869398439999999
 23
6.6085974
 33
0.0
  0
SOLID
  5
40C
330
2F9
100
AcDbEntity
  8
BottomSolder
100
AcDbTrace
 10
-2.36779816
 20
6.1069982
 30
0.0
 11
-2.36779816
 21
6.710197399999999
 31
0.0
 12
-4.97099844
 22
6.1069982
 32
0.0
 13
-4.97099844
 23
6.710197399999999
 33
0.0
  0
SOLID
  5
40D
330
2F9
100
AcDbEntity
  8
BottomLayer
100
AcDbTrace
 10
-2.46939816
 20
5.408599799999999
 30
0.0
 11
-2.46939816
 21
5.808599
 31
0.0
 12
-4.869398439999999
 22
5.408599799999999
 32
0.0
 13
-4.869398439999999
 23
5.808599
 33
0.0
  0
SOLID
  5
40E
330
2F9
100
AcDbEntity
  8
BottomPaste
100
AcDbTrace
 10
-2.46939816
 20
5.408599799999999
 30
0.0
 11
-2.46939816
 21
5.808599
 31
0.0
 12
-4.869398439999999
 22
5.408599799999999
 32
0.0
 13
-4.869398439999999
 23
5.808599
 33
0.0
  0
SOLID
  5
40F
330
2F9
100
AcDbEntity
  8
BottomSolder
100
AcDbTrace
 10
-2.36779816
 20
5.3069998
 30
0.0
 11
-2.36779816
 21
5.910199
 31
0.0
 12
-4.97099844
 22
5.3069998
 32
0.0
 13
-4.97099844
 23
5.910199
 33
0.0
  0
SOLID
  5
410
330
2F9
100
AcDbEntity
  8
BottomLayer
100
AcDbTrace
 10
-2.46939816
 20
4.60859886
 30
0.0
 11
-2.46939816
 21
5.00859806
 31
0.0
 12
-4.869398439999999
 22
4.60859886
 32
0.0
 13
-4.869398439999999
 23
5.00859806
 33
0.0
  0
SOLID
  5
411
330
2F9
100
AcDbEntity
  8
BottomPaste
100
AcDbTrace
 10
-2.46939816
 20
4.60859886
 30
0.0
 11
-2.46939816
 21
5.00859806
 31
0.0
 12
-4.869398439999999
 22
4.60859886
 32
0.0
 13
-4.869398439999999
 23
5.00859806
 33
0.0
  0
SOLID
  5
412
330
2F9
100
AcDbEntity
  8
BottomSolder
100
AcDbTrace
 10
-2.36779816
 20
4.506998859999999
 30
0.0
 11
-2.36779816
 21
5.11019806
 31
0.0
 12
-4.97099844
 22
4.506998859999999
 32
0.0
 13
-4.97099844
 23
5.11019806
 33
0.0
  0
SOLID
  5
413
330
2F9
100
AcDbEntity
  8
BottomLayer
100
AcDbTrace
 10
-2.46939816
 20
3.80859792
 30
0.0
 11
-2.46939816
 21
4.208597119999999
 31
0.0
 12
-4.869398439999999
 22
3.80859792
 32
0.0
 13
-4.869398439999999
 23
4.208597119999999
 33
0.0
  0
SOLID
  5
414
330
2F9
100
AcDbEntity
  8
BottomPaste
100
AcDbTrace
 10
-2.46939816
 20
3.80859792
 30
0.0
 11
-2.46939816
 21
4.208597119999999
 31
0.0
 12
-4.869398439999999
 22
3.80859792
 32
0.0
 13
-4.869398439999999
 23
4.208597119999999
 33
0.0
  0
SOLID
  5
415
330
2F9
100
AcDbEntity
  8
BottomSolder
100
AcDbTrace
 10
-2.36779816
 20
3.70699792
 30
0.0
 11
-2.36779816
 21
4.31019712
 31
0.0
 12
-4.97099844
 22
3.70699792
 32
0.0
 13
-4.97099844
 23
4.31019712
 33
0.0
  0
SOLID
  5
416
330
2F9
100
AcDbEntity
  8
BottomLayer
100
AcDbTrace
 10
-2.46939816
 20
3.00859952
 30
0.0
 11
-2.46939816
 21
3.40859872
 31
0.0
 12
-4.869398439999999
 22
3.00859952
 32
0.0
 13
-4.869398439999999
 23
3.40859872
 33
0.0
  0
SOLID
  5
417
330
2F9
100
AcDbEntity
  8
BottomPaste
100
AcDbTrace
 10
-2.46939816
 20
3.00859952
 30
0.0
 11
-2.46939816
 21
3.40859872
 31
0.0
 12
-4.869398439999999
 22
3.00859952
 32
0.0
 13
-4.869398439999999
 23
3.40859872
 33
0.0
  0
SOLID
  5
418
330
2F9
100
AcDbEntity
  8
BottomSolder
100
AcDbTrace
 10
-2.36779816
 20
2.90699952
 30
0.0
 11
-2.36779816
 21
3.51019872
 31
0.0
 12
-4.97099844
 22
2.90699952
 32
0.0
 13
-4.97099844
 23
3.51019872
 33
0.0
  0
SOLID
  5
419
330
2F9
100
AcDbEntity
  8
BottomLayer
100
AcDbTrace
 10
-2.46939816
 20
2.24349818
 30
0.0
 11
-2.46939816
 21
2.57369818
 31
0.0
 12
-4.869398439999999
 22
2.24349818
 32
0.0
 13
-4.869398439999999
 23
2.57369818
 33
0.0
  0
SOLID
  5
41A
330
2F9
100
AcDbEntity
  8
BottomPaste
100
AcDbTrace
 10
-2.46939816
 20
2.24349818
 30
0.0
 11
-2.46939816
 21
2.57369818
 31
0.0
 12
-4.869398439999999
 22
2.24349818
 32
0.0
 13
-4.869398439999999
 23
2.57369818
 33
0.0
  0
SOLID
  5
41B
330
2F9
100
AcDbEntity
  8
BottomSolder
100
AcDbTrace
 10
-2.36779816
 20
2.14189818
 30
0.0
 11
-2.36779816
 21
2.67529818
 31
0.0
 12
-4.97099844
 22
2.14189818
 32
0.0
 13
-4.97099844
 23
2.67529818
 33
0.0
  0
SOLID
  5
41C
330
2F9
100
AcDbEntity
  8
BottomLayer
100
AcDbTrace
 10
-2.46939816
 20
1.40859764
 30
0.0
 11
-2.46939816
 21
1.80859684
 31
0.0
 12
-4.869398439999999
 22
1.40859764
 32
0.0
 13
-4.869398439999999
 23
1.80859684
 33
0.0
  0
SOLID
  5
41D
330
2F9
100
AcDbEntity
  8
BottomPaste
100
AcDbTrace
 10
-2.46939816
 20
1.40859764
 30
0.0
 11
-2.46939816
 21
1.80859684
 31
0.0
 12
-4.869398439999999
 22
1.40859764
 32
0.0
 13
-4.869398439999999
 23
1.80859684
 33
0.0
  0
SOLID
  5
41E
330
2F9
100
AcDbEntity
  8
BottomSolder
100
AcDbTrace
 10
-2.36779816
 20
1.30699764
 30
0.0
 11
-2.36779816
 21
1.91019684
 31
0.0
 12
-4.97099844
 22
1.30699764
 32
0.0
 13
-4.97099844
 23
1.91019684
 33
0.0
  0
SOLID
  5
41F
330
2F9
100
AcDbEntity
  8
BottomLayer
100
AcDbTrace
 10
-2.46939816
 20
0.60859924
 30
0.0
 11
-2.46939816
 21
1.00859844
 31
0.0
 12
-4.869398439999999
 22
0.60859924
 32
0.0
 13
-4.869398439999999
 23
1.00859844
 33
0.0
  0
SOLID
  5
420
330
2F9
100
AcDbEntity
  8
BottomPaste
100
AcDbTrace
 10
-2.46939816
 20
0.60859924
 30
0.0
 11
-2.46939816
 21
1.00859844
 31
0.0
 12
-4.869398439999999
 22
0.60859924
 32
0.0
 13
-4.869398439999999
 23
1.00859844
 33
0.0
  0
SOLID
  5
421
330
2F9
100
AcDbEntity
  8
BottomSolder
100
AcDbTrace
 10
-2.36779816
 20
0.50699924
 30
0.0
 11
-2.36779816
 21
1.11019844
 31
0.0
 12
-4.97099844
 22
0.50699924
 32
0.0
 13
-4.97099844
 23
1.11019844
 33
0.0
  0
SOLID
  5
422
330
2F9
100
AcDbEntity
  8
BottomLayer
100
AcDbTrace
 10
1.93060066
 20
9.40859942
 30
0.0
 11
1.93060066
 21
9.80859862
 31
0.0
 12
-0.46939962
 22
9.40859942
 32
0.0
 13
-0.46939962
 23
9.80859862
 33
0.0
  0
SOLID
  5
423
330
2F9
100
AcDbEntity
  8
BottomPaste
100
AcDbTrace
 10
1.93060066
 20
9.40859942
 30
0.0
 11
1.93060066
 21
9.80859862
 31
0.0
 12
-0.46939962
 22
9.40859942
 32
0.0
 13
-0.46939962
 23
9.80859862
 33
0.0
  0
SOLID
  5
424
330
2F9
100
AcDbEntity
  8
BottomSolder
100
AcDbTrace
 10
2.03220066
 20
9.30699942
 30
0.0
 11
2.03220066
 21
9.91019862
 31
0.0
 12
-0.5709996199999999
 22
9.30699942
 32
0.0
 13
-0.5709996199999999
 23
9.91019862
 33
0.0
  0
SOLID
  5
425
330
2F9
100
AcDbEntity
  8
BottomLayer
100
AcDbTrace
 10
1.93060066
 20
8.643498079999999
 30
0.0
 11
1.93060066
 21
8.97369808
 31
0.0
 12
-0.46939962
 22
8.643498079999999
 32
0.0
 13
-0.46939962
 23
8.97369808
 33
0.0
  0
SOLID
  5
426
330
2F9
100
AcDbEntity
  8
BottomPaste
100
AcDbTrace
 10
1.93060066
 20
8.643498079999999
 30
0.0
 11
1.93060066
 21
8.97369808
 31
0.0
 12
-0.46939962
 22
8.643498079999999
 32
0.0
 13
-0.46939962
 23
8.97369808
 33
0.0
  0
SOLID
  5
427
330
2F9
100
AcDbEntity
  8
BottomSolder
100
AcDbTrace
 10
2.03220066
 20
8.54189808
 30
0.0
 11
2.03220066
 21
9.07529808
 31
0.0
 12
-0.5709996199999999
 22
8.54189808
 32
0.0
 13
-0.5709996199999999
 23
9.07529808
 33
0.0
  0
SOLID
  5
428
330
2F9
100
AcDbEntity
  8
BottomLayer
100
AcDbTrace
 10
1.93060066
 20
7.843497139999999
 30
0.0
 11
1.93060066
 21
8.17369714
 31
0.0
 12
-0.46939962
 22
7.843497139999999
 32
0.0
 13
-0.46939962
 23
8.17369714
 33
0.0
  0
SOLID
  5
429
330
2F9
100
AcDbEntity
  8
BottomPaste
100
AcDbTrace
 10
1.93060066
 20
7.843497139999999
 30
0.0
 11
1.93060066
 21
8.17369714
 31
0.0
 12
-0.46939962
 22
7.843497139999999
 32
0.0
 13
-0.46939962
 23
8.17369714
 33
0.0
  0
SOLID
  5
42A
330
2F9
100
AcDbEntity
  8
BottomSolder
100
AcDbTrace
 10
2.03220066
 20
7.74189714
 30
0.0
 11
2.03220066
 21
8.27529714
 31
0.0
 12
-0.5709996199999999
 22
7.74189714
 32
0.0
 13
-0.5709996199999999
 23
8.27529714
 33
0.0
  0
SOLID
  5
42B
330
2F9
100
AcDbEntity
  8
BottomLayer
100
AcDbTrace
 10
1.93060066
 20
7.04349874
 30
0.0
 11
1.93060066
 21
7.37369874
 31
0.0
 12
-0.46939962
 22
7.04349874
 32
0.0
 13
-0.46939962
 23
7.37369874
 33
0.0
  0
SOLID
  5
42C
330
2F9
100
AcDbEntity
  8
BottomPaste
100
AcDbTrace
 10
1.93060066
 20
7.04349874
 30
0.0
 11
1.93060066
 21
7.37369874
 31
0.0
 12
-0.46939962
 22
7.04349874
 32
0.0
 13
-0.46939962
 23
7.37369874
 33
0.0
  0
SOLID
  5
42D
330
2F9
100
AcDbEntity
  8
BottomSolder
100
AcDbTrace
 10
2.03220066
 20
6.941898739999999
 30
0.0
 11
2.03220066
 21
7.475298739999999
 31
0.0
 12
-0.5709996199999999
 22
6.941898739999999
 32
0.0
 13
-0.5709996199999999
 23
7.475298739999999
 33
0.0
  0
SOLID
  5
42E
330
2F9
100
AcDbEntity
  8
BottomLayer
100
AcDbTrace
 10
1.93060066
 20
6.2085982
 30
0.0
 11
1.93060066
 21
6.6085974
 31
0.0
 12
-0.46939962
 22
6.2085982
 32
0.0
 13
-0.46939962
 23
6.6085974
 33
0.0
  0
SOLID
  5
42F
330
2F9
100
AcDbEntity
  8
BottomPaste
100
AcDbTrace
 10
1.93060066
 20
6.2085982
 30
0.0
 11
1.93060066
 21
6.6085974
 31
0.0
 12
-0.46939962
 22
6.2085982
 32
0.0
 13
-0.46939962
 23
6.6085974
 33
0.0
  0
SOLID
  5
430
330
2F9
100
AcDbEntity
  8
BottomSolder
100
AcDbTrace
 10
2.03220066
 20
6.1069982
 30
0.0
 11
2.03220066
 21
6.710197399999999
 31
0.0
 12
-0.5709996199999999
 22
6.1069982
 32
0.0
 13
-0.5709996199999999
 23
6.710197399999999
 33
0.0
  0
SOLID
  5
431
330
2F9
100
AcDbEntity
  8
BottomLayer
100
AcDbTrace
 10
1.93060066
 20
5.408599799999999
 30
0.0
 11
1.93060066
 21
5.808599
 31
0.0
 12
-0.46939962
 22
5.408599799999999
 32
0.0
 13
-0.46939962
 23
5.808599
 33
0.0
  0
SOLID
  5
432
330
2F9
100
AcDbEntity
  8
BottomPaste
100
AcDbTrace
 10
1.93060066
 20
5.408599799999999
 30
0.0
 11
1.93060066
 21
5.808599
 31
0.0
 12
-0.46939962
 22
5.408599799999999
 32
0.0
 13
-0.46939962
 23
5.808599
 33
0.0
  0
SOLID
  5
433
330
2F9
100
AcDbEntity
  8
BottomSolder
100
AcDbTrace
 10
2.03220066
 20
5.3069998
 30
0.0
 11
2.03220066
 21
5.910199
 31
0.0
 12
-0.5709996199999999
 22
5.3069998
 32
0.0
 13
-0.5709996199999999
 23
5.910199
 33
0.0
  0
SOLID
  5
434
330
2F9
100
AcDbEntity
  8
BottomLayer
100
AcDbTrace
 10
1.93060066
 20
4.60859886
 30
0.0
 11
1.93060066
 21
5.00859806
 31
0.0
 12
-0.46939962
 22
4.60859886
 32
0.0
 13
-0.46939962
 23
5.00859806
 33
0.0
  0
SOLID
  5
435
330
2F9
100
AcDbEntity
  8
BottomPaste
100
AcDbTrace
 10
1.93060066
 20
4.60859886
 30
0.0
 11
1.93060066
 21
5.00859806
 31
0.0
 12
-0.46939962
 22
4.60859886
 32
0.0
 13
-0.46939962
 23
5.00859806
 33
0.0
  0
SOLID
  5
436
330
2F9
100
AcDbEntity
  8
BottomSolder
100
AcDbTrace
 10
2.03220066
 20
4.506998859999999
 30
0.0
 11
2.03220066
 21
5.11019806
 31
0.0
 12
-0.5709996199999999
 22
4.506998859999999
 32
0.0
 13
-0.5709996199999999
 23
5.11019806
 33
0.0
  0
SOLID
  5
437
330
2F9
100
AcDbEntity
  8
BottomLayer
100
AcDbTrace
 10
1.93060066
 20
3.80859792
 30
0.0
 11
1.93060066
 21
4.208597119999999
 31
0.0
 12
-0.46939962
 22
3.80859792
 32
0.0
 13
-0.46939962
 23
4.208597119999999
 33
0.0
  0
SOLID
  5
438
330
2F9
100
AcDbEntity
  8
BottomPaste
100
AcDbTrace
 10
1.93060066
 20
3.80859792
 30
0.0
 11
1.93060066
 21
4.208597119999999
 31
0.0
 12
-0.46939962
 22
3.80859792
 32
0.0
 13
-0.46939962
 23
4.208597119999999
 33
0.0
  0
SOLID
  5
439
330
2F9
100
AcDbEntity
  8
BottomSolder
100
AcDbTrace
 10
2.03220066
 20
3.70699792
 30
0.0
 11
2.03220066
 21
4.31019712
 31
0.0
 12
-0.5709996199999999
 22
3.70699792
 32
0.0
 13
-0.5709996199999999
 23
4.31019712
 33
0.0
  0
SOLID
  5
43A
330
2F9
100
AcDbEntity
  8
BottomLayer
100
AcDbTrace
 10
1.93060066
 20
3.00859952
 30
0.0
 11
1.93060066
 21
3.40859872
 31
0.0
 12
-0.46939962
 22
3.00859952
 32
0.0
 13
-0.46939962
 23
3.40859872
 33
0.0
  0
SOLID
  5
43B
330
2F9
100
AcDbEntity
  8
BottomPaste
100
AcDbTrace
 10
1.93060066
 20
3.00859952
 30
0.0
 11
1.93060066
 21
3.40859872
 31
0.0
 12
-0.46939962
 22
3.00859952
 32
0.0
 13
-0.46939962
 23
3.40859872
 33
0.0
  0
SOLID
  5
43C
330
2F9
100
AcDbEntity
  8
BottomSolder
100
AcDbTrace
 10
2.03220066
 20
2.90699952
 30
0.0
 11
2.03220066
 21
3.51019872
 31
0.0
 12
-0.5709996199999999
 22
2.90699952
 32
0.0
 13
-0.5709996199999999
 23
3.51019872
 33
0.0
  0
SOLID
  5
43D
330
2F9
100
AcDbEntity
  8
BottomLayer
100
AcDbTrace
 10
1.93060066
 20
2.20859858
 30
0.0
 11
1.93060066
 21
2.60859778
 31
0.0
 12
-0.46939962
 22
2.20859858
 32
0.0
 13
-0.46939962
 23
2.60859778
 33
0.0
  0
SOLID
  5
43E
330
2F9
100
AcDbEntity
  8
BottomPaste
100
AcDbTrace
 10
1.93060066
 20
2.20859858
 30
0.0
 11
1.93060066
 21
2.60859778
 31
0.0
 12
-0.46939962
 22
2.20859858
 32
0.0
 13
-0.46939962
 23
2.60859778
 33
0.0
  0
SOLID
  5
43F
330
2F9
100
AcDbEntity
  8
BottomSolder
100
AcDbTrace
 10
2.03220066
 20
2.10699858
 30
0.0
 11
2.03220066
 21
2.71019778
 31
0.0
 12
-0.5709996199999999
 22
2.10699858
 32
0.0
 13
-0.5709996199999999
 23
2.71019778
 33
0.0
  0
SOLID
  5
440
330
2F9
100
AcDbEntity
  8
BottomLayer
100
AcDbTrace
 10
1.93060066
 20
1.40859764
 30
0.0
 11
1.93060066
 21
1.80859684
 31
0.0
 12
-0.46939962
 22
1.40859764
 32
0.0
 13
-0.46939962
 23
1.80859684
 33
0.0
  0
SOLID
  5
441
330
2F9
100
AcDbEntity
  8
BottomPaste
100
AcDbTrace
 10
1.93060066
 20
1.40859764
 30
0.0
 11
1.93060066
 21
1.80859684
 31
0.0
 12
-0.46939962
 22
1.40859764
 32
0.0
 13
-0.46939962
 23
1.80859684
 33
0.0
  0
SOLID
  5
442
330
2F9
100
AcDbEntity
  8
BottomSolder
100
AcDbTrace
 10
2.03220066
 20
1.30699764
 30
0.0
 11
2.03220066
 21
1.91019684
 31
0.0
 12
-0.5709996199999999
 22
1.30699764
 32
0.0
 13
-0.5709996199999999
 23
1.91019684
 33
0.0
  0
SOLID
  5
443
330
2F9
100
AcDbEntity
  8
BottomLayer
100
AcDbTrace
 10
1.93060066
 20
0.60859924
 30
0.0
 11
1.93060066
 21
1.00859844
 31
0.0
 12
-0.46939962
 22
0.60859924
 32
0.0
 13
-0.46939962
 23
1.00859844
 33
0.0
  0
SOLID
  5
444
330
2F9
100
AcDbEntity
  8
BottomPaste
100
AcDbTrace
 10
1.93060066
 20
0.60859924
 30
0.0
 11
1.93060066
 21
1.00859844
 31
0.0
 12
-0.46939962
 22
0.60859924
 32
0.0
 13
-0.46939962
 23
1.00859844
 33
0.0
  0
SOLID
  5
445
330
2F9
100
AcDbEntity
  8
BottomSolder
100
AcDbTrace
 10
2.03220066
 20
0.50699924
 30
0.0
 11
2.03220066
 21
1.11019844
 31
0.0
 12
-0.5709996199999999
 22
0.50699924
 32
0.0
 13
-0.5709996199999999
 23
1.11019844
 33
0.0
  0
SOLID
  5
446
330
2F9
100
AcDbEntity
  8
BottomLayer
100
AcDbTrace
 10
1.93060066
 20
-0.1914017
 30
0.0
 11
1.93060066
 21
0.2085975
 31
0.0
 12
-0.46939962
 22
-0.1914017
 32
0.0
 13
-0.46939962
 23
0.2085975
 33
0.0
  0
SOLID
  5
447
330
2F9
100
AcDbEntity
  8
BottomPaste
100
AcDbTrace
 10
1.93060066
 20
-0.1914017
 30
0.0
 11
1.93060066
 21
0.2085975
 31
0.0
 12
-0.46939962
 22
-0.1914017
 32
0.0
 13
-0.46939962
 23
0.2085975
 33
0.0
  0
SOLID
  5
448
330
2F9
100
AcDbEntity
  8
BottomSolder
100
AcDbTrace
 10
2.03220066
 20
-0.2930017
 30
0.0
 11
2.03220066
 21
0.3101975
 31
0.0
 12
-0.5709996199999999
 22
-0.2930017
 32
0.0
 13
-0.5709996199999999
 23
0.3101975
 33
0.0
  0
SOLID
  5
449
330
2F9
100
AcDbEntity
  8
BottomLayer
100
AcDbTrace
 10
1.93060066
 20
-0.9914000999999999
 30
0.0
 11
1.93060066
 21
-0.5914009
 31
0.0
 12
-0.46939962
 22
-0.9914000999999999
 32
0.0
 13
-0.46939962
 23
-0.5914009
 33
0.0
  0
SOLID
  5
44A
330
2F9
100
AcDbEntity
  8
BottomPaste
100
AcDbTrace
 10
1.93060066
 20
-0.9914000999999999
 30
0.0
 11
1.93060066
 21
-0.5914009
 31
0.0
 12
-0.46939962
 22
-0.9914000999999999
 32
0.0
 13
-0.46939962
 23
-0.5914009
 33
0.0
  0
SOLID
  5
44B
330
2F9
100
AcDbEntity
  8
BottomSolder
100
AcDbTrace
 10
2.03220066
 20
-1.0930001
 30
0.0
 11
2.03220066
 21
-0.4898009
 31
0.0
 12
-0.5709996199999999
 22
-1.0930001
 32
0.0
 13
-0.5709996199999999
 23
-0.4898009
 33
0.0
  0
SOLID
  5
44C
330
2F9
100
AcDbEntity
  8
BottomLayer
100
AcDbTrace
 10
1.93060066
 20
-1.75650144
 30
0.0
 11
1.93060066
 21
-1.42630144
 31
0.0
 12
-0.46939962
 22
-1.75650144
 32
0.0
 13
-0.46939962
 23
-1.42630144
 33
0.0
  0
SOLID
  5
44D
330
2F9
100
AcDbEntity
  8
BottomPaste
100
AcDbTrace
 10
1.93060066
 20
-1.75650144
 30
0.0
 11
1.93060066
 21
-1.42630144
 31
0.0
 12
-0.46939962
 22
-1.75650144
 32
0.0
 13
-0.46939962
 23
-1.42630144
 33
0.0
  0
SOLID
  5
44E
330
2F9
100
AcDbEntity
  8
BottomSolder
100
AcDbTrace
 10
2.03220066
 20
-1.85810144
 30
0.0
 11
2.03220066
 21
-1.32470144
 31
0.0
 12
-0.5709996199999999
 22
-1.85810144
 32
0.0
 13
-0.5709996199999999
 23
-1.32470144
 33
0.0
  0
SOLID
  5
44F
330
2F9
100
AcDbEntity
  8
BottomLayer
100
AcDbTrace
 10
1.93060066
 20
-2.55650238
 30
0.0
 11
1.93060066
 21
-2.22630238
 31
0.0
 12
-0.46939962
 22
-2.55650238
 32
0.0
 13
-0.46939962
 23
-2.22630238
 33
0.0
  0
SOLID
  5
450
330
2F9
100
AcDbEntity
  8
BottomPaste
100
AcDbTrace
 10
1.93060066
 20
-2.55650238
 30
0.0
 11
1.93060066
 21
-2.22630238
 31
0.0
 12
-0.46939962
 22
-2.55650238
 32
0.0
 13
-0.46939962
 23
-2.22630238
 33
0.0
  0
SOLID
  5
451
330
2F9
100
AcDbEntity
  8
BottomSolder
100
AcDbTrace
 10
2.03220066
 20
-2.65810238
 30
0.0
 11
2.03220066
 21
-2.12470238
 31
0.0
 12
-0.5709996199999999
 22
-2.65810238
 32
0.0
 13
-0.5709996199999999
 23
-2.12470238
 33
0.0
  0
SOLID
  5
452
330
2F9
100
AcDbEntity
  8
BottomLayer
100
AcDbTrace
 10
1.93060066
 20
-3.39140038
 30
0.0
 11
1.93060066
 21
-2.99140118
 31
0.0
 12
-0.46939962
 22
-3.39140038
 32
0.0
 13
-0.46939962
 23
-2.99140118
 33
0.0
  0
SOLID
  5
453
330
2F9
100
AcDbEntity
  8
BottomPaste
100
AcDbTrace
 10
1.93060066
 20
-3.39140038
 30
0.0
 11
1.93060066
 21
-2.99140118
 31
0.0
 12
-0.46939962
 22
-3.39140038
 32
0.0
 13
-0.46939962
 23
-2.99140118
 33
0.0
  0
SOLID
  5
454
330
2F9
100
AcDbEntity
  8
BottomSolder
100
AcDbTrace
 10
2.03220066
 20
-3.49300038
 30
0.0
 11
2.03220066
 21
-2.88980118
 31
0.0
 12
-0.5709996199999999
 22
-3.49300038
 32
0.0
 13
-0.5709996199999999
 23
-2.88980118
 33
0.0
  0
SOLID
  5
455
330
2F9
100
AcDbEntity
  8
BottomLayer
100
AcDbTrace
 10
1.93060066
 20
-4.19140132
 30
0.0
 11
1.93060066
 21
-3.79140212
 31
0.0
 12
-0.46939962
 22
-4.19140132
 32
0.0
 13
-0.46939962
 23
-3.79140212
 33
0.0
  0
SOLID
  5
456
330
2F9
100
AcDbEntity
  8
BottomPaste
100
AcDbTrace
 10
1.93060066
 20
-4.19140132
 30
0.0
 11
1.93060066
 21
-3.79140212
 31
0.0
 12
-0.46939962
 22
-4.19140132
 32
0.0
 13
-0.46939962
 23
-3.79140212
 33
0.0
  0
SOLID
  5
457
330
2F9
100
AcDbEntity
  8
BottomSolder
100
AcDbTrace
 10
2.03220066
 20
-4.29300132
 30
0.0
 11
2.03220066
 21
-3.68980212
 31
0.0
 12
-0.5709996199999999
 22
-4.29300132
 32
0.0
 13
-0.5709996199999999
 23
-3.68980212
 33
0.0
  0
SOLID
  5
458
330
2F9
100
AcDbEntity
  8
BottomLayer
100
AcDbTrace
 10
1.93060066
 20
-4.99140226
 30
0.0
 11
1.93060066
 21
-4.591403059999999
 31
0.0
 12
-0.46939962
 22
-4.99140226
 32
0.0
 13
-0.46939962
 23
-4.591403059999999
 33
0.0
  0
SOLID
  5
459
330
2F9
100
AcDbEntity
  8
BottomPaste
100
AcDbTrace
 10
1.93060066
 20
-4.99140226
 30
0.0
 11
1.93060066
 21
-4.591403059999999
 31
0.0
 12
-0.46939962
 22
-4.99140226
 32
0.0
 13
-0.46939962
 23
-4.591403059999999
 33
0.0
  0
SOLID
  5
45A
330
2F9
100
AcDbEntity
  8
BottomSolder
100
AcDbTrace
 10
2.03220066
 20
-5.09300226
 30
0.0
 11
2.03220066
 21
-4.48980306
 31
0.0
 12
-0.5709996199999999
 22
-5.09300226
 32
0.0
 13
-0.5709996199999999
 23
-4.48980306
 33
0.0
  0
SOLID
  5
45B
330
2F9
100
AcDbEntity
  8
BottomLayer
100
AcDbTrace
 10
1.93060066
 20
-5.79140066
 30
0.0
 11
1.93060066
 21
-5.39140146
 31
0.0
 12
-0.46939962
 22
-5.79140066
 32
0.0
 13
-0.46939962
 23
-5.39140146
 33
0.0
  0
SOLID
  5
45C
330
2F9
100
AcDbEntity
  8
BottomPaste
100
AcDbTrace
 10
1.93060066
 20
-5.79140066
 30
0.0
 11
1.93060066
 21
-5.39140146
 31
0.0
 12
-0.46939962
 22
-5.79140066
 32
0.0
 13
-0.46939962
 23
-5.39140146
 33
0.0
  0
SOLID
  5
45D
330
2F9
100
AcDbEntity
  8
BottomSolder
100
AcDbTrace
 10
2.03220066
 20
-5.893000659999999
 30
0.0
 11
2.03220066
 21
-5.28980146
 31
0.0
 12
-0.5709996199999999
 22
-5.893000659999999
 32
0.0
 13
-0.5709996199999999
 23
-5.28980146
 33
0.0
  0
SOLID
  5
45E
330
2F9
100
AcDbEntity
  8
BottomLayer
100
AcDbTrace
 10
1.93060066
 20
-6.591401599999999
 30
0.0
 11
1.93060066
 21
-6.191402399999999
 31
0.0
 12
-0.46939962
 22
-6.591401599999999
 32
0.0
 13
-0.46939962
 23
-6.191402399999999
 33
0.0
  0
SOLID
  5
45F
330
2F9
100
AcDbEntity
  8
BottomPaste
100
AcDbTrace
 10
1.93060066
 20
-6.591401599999999
 30
0.0
 11
1.93060066
 21
-6.191402399999999
 31
0.0
 12
-0.46939962
 22
-6.591401599999999
 32
0.0
 13
-0.46939962
 23
-6.191402399999999
 33
0.0
  0
SOLID
  5
460
330
2F9
100
AcDbEntity
  8
BottomSolder
100
AcDbTrace
 10
2.03220066
 20
-6.6930016
 30
0.0
 11
2.03220066
 21
-6.0898024
 31
0.0
 12
-0.5709996199999999
 22
-6.6930016
 32
0.0
 13
-0.5709996199999999
 23
-6.0898024
 33
0.0
  0
SOLID
  5
461
330
2F9
100
AcDbEntity
  8
BottomLayer
100
AcDbTrace
 10
1.93060066
 20
-7.3914
 30
0.0
 11
1.93060066
 21
-6.991400799999999
 31
0.0
 12
-0.46939962
 22
-7.3914
 32
0.0
 13
-0.46939962
 23
-6.991400799999999
 33
0.0
  0
SOLID
  5
462
330
2F9
100
AcDbEntity
  8
BottomPaste
100
AcDbTrace
 10
1.93060066
 20
-7.3914
 30
0.0
 11
1.93060066
 21
-6.991400799999999
 31
0.0
 12
-0.46939962
 22
-7.3914
 32
0.0
 13
-0.46939962
 23
-6.991400799999999
 33
0.0
  0
SOLID
  5
463
330
2F9
100
AcDbEntity
  8
BottomSolder
100
AcDbTrace
 10
2.03220066
 20
-7.492999999999999
 30
0.0
 11
2.03220066
 21
-6.8898008
 31
0.0
 12
-0.5709996199999999
 22
-7.492999999999999
 32
0.0
 13
-0.5709996199999999
 23
-6.8898008
 33
0.0
  0
SOLID
  5
464
330
2F9
100
AcDbEntity
  8
BottomLayer
100
AcDbTrace
 10
1.93060066
 20
-8.19140094
 30
0.0
 11
1.93060066
 21
-7.79140174
 31
0.0
 12
-0.46939962
 22
-8.19140094
 32
0.0
 13
-0.46939962
 23
-7.79140174
 33
0.0
  0
SOLID
  5
465
330
2F9
100
AcDbEntity
  8
BottomPaste
100
AcDbTrace
 10
1.93060066
 20
-8.19140094
 30
0.0
 11
1.93060066
 21
-7.79140174
 31
0.0
 12
-0.46939962
 22
-8.19140094
 32
0.0
 13
-0.46939962
 23
-7.79140174
 33
0.0
  0
SOLID
  5
466
330
2F9
100
AcDbEntity
  8
BottomSolder
100
AcDbTrace
 10
2.03220066
 20
-8.293000939999999
 30
0.0
 11
2.03220066
 21
-7.689801739999999
 31
0.0
 12
-0.5709996199999999
 22
-8.293000939999999
 32
0.0
 13
-0.5709996199999999
 23
-7.689801739999999
 33
0.0
  0
SOLID
  5
467
330
2F9
100
AcDbEntity
  8
BottomLayer
100
AcDbTrace
 10
1.93060066
 20
-8.99140188
 30
0.0
 11
1.93060066
 21
-8.59140268
 31
0.0
 12
-0.46939962
 22
-8.99140188
 32
0.0
 13
-0.46939962
 23
-8.59140268
 33
0.0
  0
SOLID
  5
468
330
2F9
100
AcDbEntity
  8
BottomPaste
100
AcDbTrace
 10
1.93060066
 20
-8.99140188
 30
0.0
 11
1.93060066
 21
-8.59140268
 31
0.0
 12
-0.46939962
 22
-8.99140188
 32
0.0
 13
-0.46939962
 23
-8.59140268
 33
0.0
  0
SOLID
  5
469
330
2F9
100
AcDbEntity
  8
BottomSolder
100
AcDbTrace
 10
2.03220066
 20
-9.09300188
 30
0.0
 11
2.03220066
 21
-8.48980268
 31
0.0
 12
-0.5709996199999999
 22
-9.09300188
 32
0.0
 13
-0.5709996199999999
 23
-8.48980268
 33
0.0
  0
SOLID
  5
46A
330
2F9
100
AcDbEntity
  8
BottomLayer
100
AcDbTrace
 10
1.93060066
 20
-9.79140028
 30
0.0
 11
1.93060066
 21
-9.39140108
 31
0.0
 12
-0.46939962
 22
-9.79140028
 32
0.0
 13
-0.46939962
 23
-9.39140108
 33
0.0
  0
SOLID
  5
46B
330
2F9
100
AcDbEntity
  8
BottomPaste
100
AcDbTrace
 10
1.93060066
 20
-9.79140028
 30
0.0
 11
1.93060066
 21
-9.39140108
 31
0.0
 12
-0.46939962
 22
-9.79140028
 32
0.0
 13
-0.46939962
 23
-9.39140108
 33
0.0
  0
SOLID
  5
46C
330
2F9
100
AcDbEntity
  8
BottomSolder
100
AcDbTrace
 10
2.03220066
 20
-9.893000279999999
 30
0.0
 11
2.03220066
 21
-9.28980108
 31
0.0
 12
-0.5709996199999999
 22
-9.893000279999999
 32
0.0
 13
-0.5709996199999999
 23
-9.28980108
 33
0.0
  0
SOLID
  5
46D
330
2F9
100
AcDbEntity
  8
BottomLayer
100
AcDbTrace
 10
1.93060066
 20
-10.59140122
 30
0.0
 11
1.93060066
 21
-10.19140202
 31
0.0
 12
-0.46939962
 22
-10.59140122
 32
0.0
 13
-0.46939962
 23
-10.19140202
 33
0.0
  0
SOLID
  5
46E
330
2F9
100
AcDbEntity
  8
BottomPaste
100
AcDbTrace
 10
1.93060066
 20
-10.59140122
 30
0.0
 11
1.93060066
 21
-10.19140202
 31
0.0
 12
-0.46939962
 22
-10.59140122
 32
0.0
 13
-0.46939962
 23
-10.19140202
 33
0.0
  0
SOLID
  5
46F
330
2F9
100
AcDbEntity
  8
BottomSolder
100
AcDbTrace
 10
2.03220066
 20
-10.69300122
 30
0.0
 11
2.03220066
 21
-10.08980202
 31
0.0
 12
-0.5709996199999999
 22
-10.69300122
 32
0.0
 13
-0.5709996199999999
 23
-10.08980202
 33
0.0
  0
SOLID
  5
470
330
2F9
100
AcDbEntity
  8
BottomLayer
100
AcDbTrace
 10
1.93060066
 20
-11.39140216
 30
0.0
 11
1.93060066
 21
-10.99140296
 31
0.0
 12
-0.46939962
 22
-11.39140216
 32
0.0
 13
-0.46939962
 23
-10.99140296
 33
0.0
  0
SOLID
  5
471
330
2F9
100
AcDbEntity
  8
BottomPaste
100
AcDbTrace
 10
1.93060066
 20
-11.39140216
 30
0.0
 11
1.93060066
 21
-10.99140296
 31
0.0
 12
-0.46939962
 22
-11.39140216
 32
0.0
 13
-0.46939962
 23
-10.99140296
 33
0.0
  0
SOLID
  5
472
330
2F9
100
AcDbEntity
  8
BottomSolder
100
AcDbTrace
 10
2.03220066
 20
-11.49300216
 30
0.0
 11
2.03220066
 21
-10.88980296
 31
0.0
 12
-0.5709996199999999
 22
-11.49300216
 32
0.0
 13
-0.5709996199999999
 23
-10.88980296
 33
0.0
  0
SOLID
  5
473
330
2F9
100
AcDbEntity
  8
BottomLayer
100
AcDbTrace
 10
-2.46939816
 20
-0.1914017
 30
0.0
 11
-2.46939816
 21
0.2085975
 31
0.0
 12
-4.869398439999999
 22
-0.1914017
 32
0.0
 13
-4.869398439999999
 23
0.2085975
 33
0.0
  0
SOLID
  5
474
330
2F9
100
AcDbEntity
  8
BottomPaste
100
AcDbTrace
 10
-2.46939816
 20
-0.1914017
 30
0.0
 11
-2.46939816
 21
0.2085975
 31
0.0
 12
-4.869398439999999
 22
-0.1914017
 32
0.0
 13
-4.869398439999999
 23
0.2085975
 33
0.0
  0
SOLID
  5
475
330
2F9
100
AcDbEntity
  8
BottomSolder
100
AcDbTrace
 10
-2.36779816
 20
-0.2930017
 30
0.0
 11
-2.36779816
 21
0.3101975
 31
0.0
 12
-4.97099844
 22
-0.2930017
 32
0.0
 13
-4.97099844
 23
0.3101975
 33
0.0
  0
SOLID
  5
476
330
2F9
100
AcDbEntity
  8
BottomLayer
100
AcDbTrace
 10
-2.46939816
 20
-0.9914000999999999
 30
0.0
 11
-2.46939816
 21
-0.5914009
 31
0.0
 12
-4.869398439999999
 22
-0.9914000999999999
 32
0.0
 13
-4.869398439999999
 23
-0.5914009
 33
0.0
  0
SOLID
  5
477
330
2F9
100
AcDbEntity
  8
BottomPaste
100
AcDbTrace
 10
-2.46939816
 20
-0.9914000999999999
 30
0.0
 11
-2.46939816
 21
-0.5914009
 31
0.0
 12
-4.869398439999999
 22
-0.9914000999999999
 32
0.0
 13
-4.869398439999999
 23
-0.5914009
 33
0.0
  0
SOLID
  5
478
330
2F9
100
AcDbEntity
  8
BottomSolder
100
AcDbTrace
 10
-2.36779816
 20
-1.0930001
 30
0.0
 11
-2.36779816
 21
-0.4898009
 31
0.0
 12
-4.97099844
 22
-1.0930001
 32
0.0
 13
-4.97099844
 23
-0.4898009
 33
0.0
  0
SOLID
  5
479
330
2F9
100
AcDbEntity
  8
BottomLayer
100
AcDbTrace
 10
-2.46939816
 20
-1.79140104
 30
0.0
 11
-2.46939816
 21
-1.39140184
 31
0.0
 12
-4.869398439999999
 22
-1.79140104
 32
0.0
 13
-4.869398439999999
 23
-1.39140184
 33
0.0
  0
SOLID
  5
47A
330
2F9
100
AcDbEntity
  8
BottomPaste
100
AcDbTrace
 10
-2.46939816
 20
-1.79140104
 30
0.0
 11
-2.46939816
 21
-1.39140184
 31
0.0
 12
-4.869398439999999
 22
-1.79140104
 32
0.0
 13
-4.869398439999999
 23
-1.39140184
 33
0.0
  0
SOLID
  5
47B
330
2F9
100
AcDbEntity
  8
BottomSolder
100
AcDbTrace
 10
-2.36779816
 20
-1.89300104
 30
0.0
 11
-2.36779816
 21
-1.28980184
 31
0.0
 12
-4.97099844
 22
-1.89300104
 32
0.0
 13
-4.97099844
 23
-1.28980184
 33
0.0
  0
SOLID
  5
47C
330
2F9
100
AcDbEntity
  8
BottomLayer
100
AcDbTrace
 10
-2.46939816
 20
-2.59140198
 30
0.0
 11
-2.46939816
 21
-2.19140278
 31
0.0
 12
-4.869398439999999
 22
-2.59140198
 32
0.0
 13
-4.869398439999999
 23
-2.19140278
 33
0.0
  0
SOLID
  5
47D
330
2F9
100
AcDbEntity
  8
BottomPaste
100
AcDbTrace
 10
-2.46939816
 20
-2.59140198
 30
0.0
 11
-2.46939816
 21
-2.19140278
 31
0.0
 12
-4.869398439999999
 22
-2.59140198
 32
0.0
 13
-4.869398439999999
 23
-2.19140278
 33
0.0
  0
SOLID
  5
47E
330
2F9
100
AcDbEntity
  8
BottomSolder
100
AcDbTrace
 10
-2.36779816
 20
-2.69300198
 30
0.0
 11
-2.36779816
 21
-2.08980278
 31
0.0
 12
-4.97099844
 22
-2.69300198
 32
0.0
 13
-4.97099844
 23
-2.08980278
 33
0.0
  0
SOLID
  5
47F
330
2F9
100
AcDbEntity
  8
BottomLayer
100
AcDbTrace
 10
-2.46939816
 20
-3.39140038
 30
0.0
 11
-2.46939816
 21
-2.99140118
 31
0.0
 12
-4.869398439999999
 22
-3.39140038
 32
0.0
 13
-4.869398439999999
 23
-2.99140118
 33
0.0
  0
SOLID
  5
480
330
2F9
100
AcDbEntity
  8
BottomPaste
100
AcDbTrace
 10
-2.46939816
 20
-3.39140038
 30
0.0
 11
-2.46939816
 21
-2.99140118
 31
0.0
 12
-4.869398439999999
 22
-3.39140038
 32
0.0
 13
-4.869398439999999
 23
-2.99140118
 33
0.0
  0
SOLID
  5
481
330
2F9
100
AcDbEntity
  8
BottomSolder
100
AcDbTrace
 10
-2.36779816
 20
-3.49300038
 30
0.0
 11
-2.36779816
 21
-2.88980118
 31
0.0
 12
-4.97099844
 22
-3.49300038
 32
0.0
 13
-4.97099844
 23
-2.88980118
 33
0.0
  0
SOLID
  5
482
330
2F9
100
AcDbEntity
  8
BottomLayer
100
AcDbTrace
 10
-2.46939816
 20
-4.19140132
 30
0.0
 11
-2.46939816
 21
-3.79140212
 31
0.0
 12
-4.869398439999999
 22
-4.19140132
 32
0.0
 13
-4.869398439999999
 23
-3.79140212
 33
0.0
  0
SOLID
  5
483
330
2F9
100
AcDbEntity
  8
BottomPaste
100
AcDbTrace
 10
-2.46939816
 20
-4.19140132
 30
0.0
 11
-2.46939816
 21
-3.79140212
 31
0.0
 12
-4.869398439999999
 22
-4.19140132
 32
0.0
 13
-4.869398439999999
 23
-3.79140212
 33
0.0
  0
SOLID
  5
484
330
2F9
100
AcDbEntity
  8
BottomSolder
100
AcDbTrace
 10
-2.36779816
 20
-4.29300132
 30
0.0
 11
-2.36779816
 21
-3.68980212
 31
0.0
 12
-4.97099844
 22
-4.29300132
 32
0.0
 13
-4.97099844
 23
-3.68980212
 33
0.0
  0
SOLID
  5
485
330
2F9
100
AcDbEntity
  8
BottomLayer
100
AcDbTrace
 10
-2.46939816
 20
-4.99140226
 30
0.0
 11
-2.46939816
 21
-4.591403059999999
 31
0.0
 12
-4.869398439999999
 22
-4.99140226
 32
0.0
 13
-4.869398439999999
 23
-4.591403059999999
 33
0.0
  0
SOLID
  5
486
330
2F9
100
AcDbEntity
  8
BottomPaste
100
AcDbTrace
 10
-2.46939816
 20
-4.99140226
 30
0.0
 11
-2.46939816
 21
-4.591403059999999
 31
0.0
 12
-4.869398439999999
 22
-4.99140226
 32
0.0
 13
-4.869398439999999
 23
-4.591403059999999
 33
0.0
  0
SOLID
  5
487
330
2F9
100
AcDbEntity
  8
BottomSolder
100
AcDbTrace
 10
-2.36779816
 20
-5.09300226
 30
0.0
 11
-2.36779816
 21
-4.48980306
 31
0.0
 12
-4.97099844
 22
-5.09300226
 32
0.0
 13
-4.97099844
 23
-4.48980306
 33
0.0
  0
SOLID
  5
488
330
2F9
100
AcDbEntity
  8
BottomLayer
100
AcDbTrace
 10
-2.46939816
 20
-5.79140066
 30
0.0
 11
-2.46939816
 21
-5.39140146
 31
0.0
 12
-4.869398439999999
 22
-5.79140066
 32
0.0
 13
-4.869398439999999
 23
-5.39140146
 33
0.0
  0
SOLID
  5
489
330
2F9
100
AcDbEntity
  8
BottomPaste
100
AcDbTrace
 10
-2.46939816
 20
-5.79140066
 30
0.0
 11
-2.46939816
 21
-5.39140146
 31
0.0
 12
-4.869398439999999
 22
-5.79140066
 32
0.0
 13
-4.869398439999999
 23
-5.39140146
 33
0.0
  0
SOLID
  5
48A
330
2F9
100
AcDbEntity
  8
BottomSolder
100
AcDbTrace
 10
-2.36779816
 20
-5.893000659999999
 30
0.0
 11
-2.36779816
 21
-5.28980146
 31
0.0
 12
-4.97099844
 22
-5.893000659999999
 32
0.0
 13
-4.97099844
 23
-5.28980146
 33
0.0
  0
SOLID
  5
48B
330
2F9
100
AcDbEntity
  8
BottomLayer
100
AcDbTrace
 10
-2.46939816
 20
-6.591401599999999
 30
0.0
 11
-2.46939816
 21
-6.191402399999999
 31
0.0
 12
-4.869398439999999
 22
-6.591401599999999
 32
0.0
 13
-4.869398439999999
 23
-6.191402399999999
 33
0.0
  0
SOLID
  5
48C
330
2F9
100
AcDbEntity
  8
BottomPaste
100
AcDbTrace
 10
-2.46939816
 20
-6.591401599999999
 30
0.0
 11
-2.46939816
 21
-6.191402399999999
 31
0.0
 12
-4.869398439999999
 22
-6.591401599999999
 32
0.0
 13
-4.869398439999999
 23
-6.191402399999999
 33
0.0
  0
SOLID
  5
48D
330
2F9
100
AcDbEntity
  8
BottomSolder
100
AcDbTrace
 10
-2.36779816
 20
-6.6930016
 30
0.0
 11
-2.36779816
 21
-6.0898024
 31
0.0
 12
-4.97099844
 22
-6.6930016
 32
0.0
 13
-4.97099844
 23
-6.0898024
 33
0.0
  0
SOLID
  5
48E
330
2F9
100
AcDbEntity
  8
BottomLayer
100
AcDbTrace
 10
-2.46939816
 20
-7.3914
 30
0.0
 11
-2.46939816
 21
-6.991400799999999
 31
0.0
 12
-4.869398439999999
 22
-7.3914
 32
0.0
 13
-4.869398439999999
 23
-6.991400799999999
 33
0.0
  0
SOLID
  5
48F
330
2F9
100
AcDbEntity
  8
BottomPaste
100
AcDbTrace
 10
-2.46939816
 20
-7.3914
 30
0.0
 11
-2.46939816
 21
-6.991400799999999
 31
0.0
 12
-4.869398439999999
 22
-7.3914
 32
0.0
 13
-4.869398439999999
 23
-6.991400799999999
 33
0.0
  0
SOLID
  5
490
330
2F9
100
AcDbEntity
  8
BottomSolder
100
AcDbTrace
 10
-2.36779816
 20
-7.492999999999999
 30
0.0
 11
-2.36779816
 21
-6.8898008
 31
0.0
 12
-4.97099844
 22
-7.492999999999999
 32
0.0
 13
-4.97099844
 23
-6.8898008
 33
0.0
  0
SOLID
  5
491
330
2F9
100
AcDbEntity
  8
BottomLayer
100
AcDbTrace
 10
-2.46939816
 20
-8.19140094
 30
0.0
 11
-2.46939816
 21
-7.79140174
 31
0.0
 12
-4.869398439999999
 22
-8.19140094
 32
0.0
 13
-4.869398439999999
 23
-7.79140174
 33
0.0
  0
SOLID
  5
492
330
2F9
100
AcDbEntity
  8
BottomPaste
100
AcDbTrace
 10
-2.46939816
 20
-8.19140094
 30
0.0
 11
-2.46939816
 21
-7.79140174
 31
0.0
 12
-4.869398439999999
 22
-8.19140094
 32
0.0
 13
-4.869398439999999
 23
-7.79140174
 33
0.0
  0
SOLID
  5
493
330
2F9
100
AcDbEntity
  8
BottomSolder
100
AcDbTrace
 10
-2.36779816
 20
-8.293000939999999
 30
0.0
 11
-2.36779816
 21
-7.689801739999999
 31
0.0
 12
-4.97099844
 22
-8.293000939999999
 32
0.0
 13
-4.97099844
 23
-7.689801739999999
 33
0.0
  0
SOLID
  5
494
330
2F9
100
AcDbEntity
  8
BottomLayer
100
AcDbTrace
 10
-2.46939816
 20
-8.99140188
 30
0.0
 11
-2.46939816
 21
-8.59140268
 31
0.0
 12
-4.869398439999999
 22
-8.99140188
 32
0.0
 13
-4.869398439999999
 23
-8.59140268
 33
0.0
  0
SOLID
  5
495
330
2F9
100
AcDbEntity
  8
BottomPaste
100
AcDbTrace
 10
-2.46939816
 20
-8.99140188
 30
0.0
 11
-2.46939816
 21
-8.59140268
 31
0.0
 12
-4.869398439999999
 22
-8.99140188
 32
0.0
 13
-4.869398439999999
 23
-8.59140268
 33
0.0
  0
SOLID
  5
496
330
2F9
100
AcDbEntity
  8
BottomSolder
100
AcDbTrace
 10
-2.36779816
 20
-9.09300188
 30
0.0
 11
-2.36779816
 21
-8.48980268
 31
0.0
 12
-4.97099844
 22
-9.09300188
 32
0.0
 13
-4.97099844
 23
-8.48980268
 33
0.0
  0
SOLID
  5
497
330
2F9
100
AcDbEntity
  8
BottomLayer
100
AcDbTrace
 10
-2.46939816
 20
-9.79140028
 30
0.0
 11
-2.46939816
 21
-9.39140108
 31
0.0
 12
-4.869398439999999
 22
-9.79140028
 32
0.0
 13
-4.869398439999999
 23
-9.39140108
 33
0.0
  0
SOLID
  5
498
330
2F9
100
AcDbEntity
  8
BottomPaste
100
AcDbTrace
 10
-2.46939816
 20
-9.79140028
 30
0.0
 11
-2.46939816
 21
-9.39140108
 31
0.0
 12
-4.869398439999999
 22
-9.79140028
 32
0.0
 13
-4.869398439999999
 23
-9.39140108
 33
0.0
  0
SOLID
  5
499
330
2F9
100
AcDbEntity
  8
BottomSolder
100
AcDbTrace
 10
-2.36779816
 20
-9.893000279999999
 30
0.0
 11
-2.36779816
 21
-9.28980108
 31
0.0
 12
-4.97099844
 22
-9.893000279999999
 32
0.0
 13
-4.97099844
 23
-9.28980108
 33
0.0
  0
SOLID
  5
49A
330
2F9
100
AcDbEntity
  8
BottomLayer
100
AcDbTrace
 10
-2.46939816
 20
-10.59140122
 30
0.0
 11
-2.46939816
 21
-10.19140202
 31
0.0
 12
-4.869398439999999
 22
-10.59140122
 32
0.0
 13
-4.869398439999999
 23
-10.19140202
 33
0.0
  0
SOLID
  5
49B
330
2F9
100
AcDbEntity
  8
BottomPaste
100
AcDbTrace
 10
-2.46939816
 20
-10.59140122
 30
0.0
 11
-2.46939816
 21
-10.19140202
 31
0.0
 12
-4.869398439999999
 22
-10.59140122
 32
0.0
 13
-4.869398439999999
 23
-10.19140202
 33
0.0
  0
SOLID
  5
49C
330
2F9
100
AcDbEntity
  8
BottomSolder
100
AcDbTrace
 10
-2.36779816
 20
-10.69300122
 30
0.0
 11
-2.36779816
 21
-10.08980202
 31
0.0
 12
-4.97099844
 22
-10.69300122
 32
0.0
 13
-4.97099844
 23
-10.08980202
 33
0.0
  0
SOLID
  5
49D
330
2F9
100
AcDbEntity
  8
BottomLayer
100
AcDbTrace
 10
-2.46939816
 20
-11.39140216
 30
0.0
 11
-2.46939816
 21
-10.99140296
 31
0.0
 12
-4.869398439999999
 22
-11.39140216
 32
0.0
 13
-4.869398439999999
 23
-10.99140296
 33
0.0
  0
SOLID
  5
49E
330
2F9
100
AcDbEntity
  8
BottomPaste
100
AcDbTrace
 10
-2.46939816
 20
-11.39140216
 30
0.0
 11
-2.46939816
 21
-10.99140296
 31
0.0
 12
-4.869398439999999
 22
-11.39140216
 32
0.0
 13
-4.869398439999999
 23
-10.99140296
 33
0.0
  0
SOLID
  5
49F
330
2F9
100
AcDbEntity
  8
BottomSolder
100
AcDbTrace
 10
-2.36779816
 20
-11.49300216
 30
0.0
 11
-2.36779816
 21
-10.88980296
 31
0.0
 12
-4.97099844
 22
-11.49300216
 32
0.0
 13
-4.97099844
 23
-10.88980296
 33
0.0
  0
LWPOLYLINE
  5
4A0
330
2F9
100
AcDbEntity
  8
TopLayer
100
AcDbPolyline
 90
        2
 70
     1
 43
2.28499924
 10
2.38810038
 20
-17.19139818
 42
1.0
 10
4.673099619999999
 20
-17.19139818
 42
1.0
  0
LWPOLYLINE
  5
4A1
330
2F9
100
AcDbEntity
  8
BottomLayer
100
AcDbPolyline
 90
        2
 70
     1
 43
2.28499924
 10
2.38810038
 20
-17.19139818
 42
1.0
 10
4.673099619999999
 20
-17.19139818
 42
1.0
  0
LWPOLYLINE
  5
4A2
330
2F9
100
AcDbEntity
  8
TopSolder
100
AcDbPolyline
 90
        2
 70
     1
 43
2.38659924
 10
2.33730038
 20
-17.19139818
 42
1.0
 10
4.72389962
 20
-17.19139818
 42
1.0
  0
LWPOLYLINE
  5
4A3
330
2F9
100
AcDbEntity
  8
BottomSolder
100
AcDbPolyline
 90
        2
 70
     1
 43
2.38659924
 10
2.33730038
 20
-17.19139818
 42
1.0
 10
4.72389962
 20
-17.19139818
 42
1.0
  0
LWPOLYLINE
  5
4A4
330
2F9
100
AcDbEntity
  8
MultiLayer
100
AcDbPolyline
 90
        2
 70
     1
 43
2.28499924
 10
2.38810038
 20
-17.19139818
 42
1.0
 10
4.673099619999999
 20
-17.19139818
 42
1.0
  0
LWPOLYLINE
  5
4A5
330
2F9
100
AcDbEntity
  8
TopLayer
100
AcDbPolyline
 90
        2
 70
     1
 43
2.28499924
 10
2.38810038
 20
18.0086
 42
1.0
 10
4.673099619999999
 20
18.0086
 42
1.0
  0
LWPOLYLINE
  5
4A6
330
2F9
100
AcDbEntity
  8
BottomLayer
100
AcDbPolyline
 90
        2
 70
     1
 43
2.28499924
 10
2.38810038
 20
18.0086
 42
1.0
 10
4.673099619999999
 20
18.0086
 42
1.0
  0
LWPOLYLINE
  5
4A7
330
2F9
100
AcDbEntity
  8
TopSolder
100
AcDbPolyline
 90
        2
 70
     1
 43
2.38659924
 10
2.33730038
 20
18.0086
 42
1.0
 10
4.72389962
 20
18.0086
 42
1.0
  0
LWPOLYLINE
  5
4A8
330
2F9
100
AcDbEntity
  8
BottomSolder
100
AcDbPolyline
 90
        2
 70
     1
 43
2.38659924
 10
2.33730038
 20
18.0086
 42
1.0
 10
4.72389962
 20
18.0086
 42
1.0
  0
LWPOLYLINE
  5
4A9
330
2F9
100
AcDbEntity
  8
MultiLayer
100
AcDbPolyline
 90
        2
 70
     1
 43
2.28499924
 10
2.38810038
 20
18.0086
 42
1.0
 10
4.673099619999999
 20
18.0086
 42
1.0
  0
LWPOLYLINE
  5
4AA
330
2F9
100
AcDbEntity
  8
TopLayer
100
AcDbPolyline
 90
        2
 70
     1
 43
0.5999987999999999
 10
-1.76939956
 20
-13.69139756
 42
1.0
 10
-1.16940076
 20
-13.69139756
 42
1.0
  0
LWPOLYLINE
  5
4AB
330
2F9
100
AcDbEntity
  8
BottomLayer
100
AcDbPolyline
 90
        2
 70
     1
 43
0.5999987999999999
 10
-1.76939956
 20
-13.69139756
 42
1.0
 10
-1.16940076
 20
-13.69139756
 42
1.0
  0
LWPOLYLINE
  5
4AC
330
2F9
100
AcDbEntity
  8
TopSolder
100
AcDbPolyline
 90
        2
 70
     1
 43
0.7015988
 10
-1.82019956
 20
-13.69139756
 42
1.0
 10
-1.11860076
 20
-13.69139756
 42
1.0
  0
LWPOLYLINE
  5
4AD
330
2F9
100
AcDbEntity
  8
BottomSolder
100
AcDbPolyline
 90
        2
 70
     1
 43
0.7015988
 10
-1.82019956
 20
-13.69139756
 42
1.0
 10
-1.11860076
 20
-13.69139756
 42
1.0
  0
LWPOLYLINE
  5
4AE
330
2F9
100
AcDbEntity
  8
MultiLayer
100
AcDbPolyline
 90
        2
 70
     1
 43
0.5999987999999999
 10
-1.76939956
 20
-13.69139756
 42
1.0
 10
-1.16940076
 20
-13.69139756
 42
1.0
  0
LWPOLYLINE
  5
4AF
330
2F9
100
AcDbEntity
  8
TopLayer
100
AcDbPolyline
 90
        2
 70
     1
 43
0.4445
 10
-1.69165016
 20
14.50859938
 42
1.0
 10
-1.24715016
 20
14.50859938
 42
1.0
  0
LWPOLYLINE
  5
4B0
330
2F9
100
AcDbEntity
  8
BottomLayer
100
AcDbPolyline
 90
        2
 70
     1
 43
0.4445
 10
-1.69165016
 20
14.50859938
 42
1.0
 10
-1.24715016
 20
14.50859938
 42
1.0
  0
LWPOLYLINE
  5
4B1
330
2F9
100
AcDbEntity
  8
TopSolder
100
AcDbPolyline
 90
        2
 70
     1
 43
0.5460999999999999
 10
-1.74245016
 20
14.50859938
 42
1.0
 10
-1.19635016
 20
14.50859938
 42
1.0
  0
LWPOLYLINE
  5
4B2
330
2F9
100
AcDbEntity
  8
BottomSolder
100
AcDbPolyline
 90
        2
 70
     1
 43
0.5460999999999999
 10
-1.74245016
 20
14.50859938
 42
1.0
 10
-1.19635016
 20
14.50859938
 42
1.0
  0
LWPOLYLINE
  5
4B3
330
2F9
100
AcDbEntity
  8
MultiLayer
100
AcDbPolyline
 90
        2
 70
     1
 43
0.4445
 10
-1.69165016
 20
14.50859938
 42
1.0
 10
-1.24715016
 20
14.50859938
 42
1.0
  0
LWPOLYLINE
  5
4B4
330
2F9
100
AcDbEntity
  8
TopLayer
100
AcDbPolyline
 90
        2
 70
     1
 43
0.5999987999999999
 10
8.23060076
 20
-13.69139756
 42
1.0
 10
8.83059956
 20
-13.69139756
 42
1.0
  0
LWPOLYLINE
  5
4B5
330
2F9
100
AcDbEntity
  8
BottomLayer
100
AcDbPolyline
 90
        2
 70
     1
 43
0.5999987999999999
 10
8.23060076
 20
-13.69139756
 42
1.0
 10
8.83059956
 20
-13.69139756
 42
1.0
  0
LWPOLYLINE
  5
4B6
330
2F9
100
AcDbEntity
  8
TopSolder
100
AcDbPolyline
 90
        2
 70
     1
 43
0.7015988
 10
8.17980076
 20
-13.69139756
 42
1.0
 10
8.88139956
 20
-13.69139756
 42
1.0
  0
LWPOLYLINE
  5
4B7
330
2F9
100
AcDbEntity
  8
BottomSolder
100
AcDbPolyline
 90
        2
 70
     1
 43
0.7015988
 10
8.17980076
 20
-13.69139756
 42
1.0
 10
8.88139956
 20
-13.69139756
 42
1.0
  0
LWPOLYLINE
  5
4B8
330
2F9
100
AcDbEntity
  8
MultiLayer
100
AcDbPolyline
 90
        2
 70
     1
 43
0.5999987999999999
 10
8.23060076
 20
-13.69139756
 42
1.0
 10
8.83059956
 20
-13.69139756
 42
1.0
  0
LWPOLYLINE
  5
4B9
330
2F9
100
AcDbEntity
  8
TopLayer
100
AcDbPolyline
 90
        2
 70
     1
 43
0.4445
 10
8.30835016
 20
14.50859938
 42
1.0
 10
8.75285016
 20
14.50859938
 42
1.0
  0
LWPOLYLINE
  5
4BA
330
2F9
100
AcDbEntity
  8
BottomLayer
100
AcDbPolyline
 90
        2
 70
     1
 43
0.4445
 10
8.30835016
 20
14.50859938
 42
1.0
 10
8.75285016
 20
14.50859938
 42
1.0
  0
LWPOLYLINE
  5
4BB
330
2F9
100
AcDbEntity
  8
TopSolder
100
AcDbPolyline
 90
        2
 70
     1
 43
0.5460999999999999
 10
8.25755016
 20
14.50859938
 42
1.0
 10
8.80365016
 20
14.50859938
 42
1.0
  0
LWPOLYLINE
  5
4BC
330
2F9
100
AcDbEntity
  8
BottomSolder
100
AcDbPolyline
 90
        2
 70
     1
 43
0.5460999999999999
 10
8.25755016
 20
14.50859938
 42
1.0
 10
8.80365016
 20
14.50859938
 42
1.0
  0
LWPOLYLINE
  5
4BD
330
2F9
100
AcDbEntity
  8
MultiLayer
100
AcDbPolyline
 90
        2
 70
     1
 43
0.4445
 10
8.30835016
 20
14.50859938
 42
1.0
 10
8.75285016
 20
14.50859938
 42
1.0
  0
LINE
  5
4BE
330
2F9
100
AcDbEntity
  8
BottomOverlay
100
AcDbLine
 10
-2.43856256
 20
17.13776608
 30
0.0
 11
-3.2004
 21
17.13776608
 31
0.0
  0
LINE
  5
4BF
330
2F9
100
AcDbEntity
  8
BottomOverlay
100
AcDbLine
 10
-2.43856256
 20
17.10148726
 30
0.0
 11
-3.2004
 21
17.10148726
 31
0.0
  0
LINE
  5
4C0
330
2F9
100
AcDbEntity
  8
BottomOverlay
100
AcDbLine
 10
-2.43856256
 20
17.2466
 30
0.0
 11
-2.43856256
 21
16.88381942
 31
0.0
  0
LINE
  5
4C1
330
2F9
100
AcDbEntity
  8
BottomOverlay
100
AcDbLine
 10
-2.43856256
 20
16.88381942
 30
0.0
 11
-2.47484138
 21
16.77498804
 31
0.0
  0
LINE
  5
4C2
330
2F9
100
AcDbEntity
  8
BottomOverlay
100
AcDbLine
 10
-2.47484138
 20
16.77498804
 30
0.0
 11
-2.54739648
 21
16.7024304
 31
0.0
  0
LINE
  5
4C3
330
2F9
100
AcDbEntity
  8
BottomOverlay
100
AcDbLine
 10
-2.54739648
 20
16.7024304
 30
0.0
 11
-2.61995412
 21
16.66615412
 31
0.0
  0
LINE
  5
4C4
330
2F9
100
AcDbEntity
  8
BottomOverlay
100
AcDbLine
 10
-2.61995412
 20
16.66615412
 30
0.0
 11
-2.72878804
 21
16.6298753
 31
0.0
  0
LINE
  5
4C5
330
2F9
100
AcDbEntity
  8
BottomOverlay
100
AcDbLine
 10
-2.72878804
 20
16.6298753
 30
0.0
 11
-2.91017706
 21
16.6298753
 31
0.0
  0
LINE
  5
4C6
330
2F9
100
AcDbEntity
  8
BottomOverlay
100
AcDbLine
 10
-2.91017706
 20
16.6298753
 30
0.0
 11
-3.01901098
 21
16.66615412
 31
0.0
  0
LINE
  5
4C7
330
2F9
100
AcDbEntity
  8
BottomOverlay
100
AcDbLine
 10
-3.01901098
 20
16.66615412
 30
0.0
 11
-3.09156608
 21
16.7024304
 31
0.0
  0
LINE
  5
4C8
330
2F9
100
AcDbEntity
  8
BottomOverlay
100
AcDbLine
 10
-3.09156608
 20
16.7024304
 30
0.0
 11
-3.16412118
 21
16.77498804
 31
0.0
  0
LINE
  5
4C9
330
2F9
100
AcDbEntity
  8
BottomOverlay
100
AcDbLine
 10
-3.16412118
 20
16.77498804
 30
0.0
 11
-3.2004
 21
16.88381942
 31
0.0
  0
LINE
  5
4CA
330
2F9
100
AcDbEntity
  8
BottomOverlay
100
AcDbLine
 10
-3.2004
 20
16.88381942
 30
0.0
 11
-3.2004
 21
17.2466
 31
0.0
  0
LINE
  5
4CB
330
2F9
100
AcDbEntity
  8
BottomOverlay
100
AcDbLine
 10
-2.43856256
 20
16.88381942
 30
0.0
 11
-2.47484138
 21
16.81126432
 31
0.0
  0
LINE
  5
4CC
330
2F9
100
AcDbEntity
  8
BottomOverlay
100
AcDbLine
 10
-2.47484138
 20
16.81126432
 30
0.0
 11
-2.54739648
 21
16.73870922
 31
0.0
  0
LINE
  5
4CD
330
2F9
100
AcDbEntity
  8
BottomOverlay
100
AcDbLine
 10
-2.54739648
 20
16.73870922
 30
0.0
 11
-2.61995412
 21
16.7024304
 31
0.0
  0
LINE
  5
4CE
330
2F9
100
AcDbEntity
  8
BottomOverlay
100
AcDbLine
 10
-2.61995412
 20
16.7024304
 30
0.0
 11
-2.72878804
 21
16.66615412
 31
0.0
  0
LINE
  5
4CF
330
2F9
100
AcDbEntity
  8
BottomOverlay
100
AcDbLine
 10
-2.72878804
 20
16.66615412
 30
0.0
 11
-2.91017706
 21
16.66615412
 31
0.0
  0
LINE
  5
4D0
330
2F9
100
AcDbEntity
  8
BottomOverlay
100
AcDbLine
 10
-2.91017706
 20
16.66615412
 30
0.0
 11
-3.01901098
 21
16.7024304
 31
0.0
  0
LINE
  5
4D1
330
2F9
100
AcDbEntity
  8
BottomOverlay
100
AcDbLine
 10
-3.01901098
 20
16.7024304
 30
0.0
 11
-3.09156608
 21
16.73870922
 31
0.0
  0
LINE
  5
4D2
330
2F9
100
AcDbEntity
  8
BottomOverlay
100
AcDbLine
 10
-3.09156608
 20
16.73870922
 30
0.0
 11
-3.16412118
 21
16.81126432
 31
0.0
  0
LINE
  5
4D3
330
2F9
100
AcDbEntity
  8
BottomOverlay
100
AcDbLine
 10
-3.16412118
 20
16.81126432
 30
0.0
 11
-3.2004
 21
16.88381942
 31
0.0
  0
LINE
  5
4D4
330
2F9
100
AcDbEntity
  8
BottomOverlay
100
AcDbLine
 10
-2.5836753
 20
16.52829562
 30
0.0
 11
-2.54739648
 21
16.45574052
 31
0.0
  0
LINE
  5
4D5
330
2F9
100
AcDbEntity
  8
BottomOverlay
100
AcDbLine
 10
-2.54739648
 20
16.45574052
 30
0.0
 11
-2.43856256
 21
16.3469066
 31
0.0
  0
LINE
  5
4D6
330
2F9
100
AcDbEntity
  8
BottomOverlay
100
AcDbLine
 10
-2.43856256
 20
16.3469066
 30
0.0
 11
-3.2004
 21
16.3469066
 31
0.0
  0
LINE
  5
4D7
330
2F9
100
AcDbEntity
  8
BottomOverlay
100
AcDbLine
 10
-2.47484138
 20
16.38318288
 30
0.0
 11
-3.2004
 21
16.38318288
 31
0.0
  0
LINE
  5
4D8
330
2F9
100
AcDbEntity
  8
BottomOverlay
100
AcDbLine
 10
-3.2004
 20
16.52829562
 30
0.0
 11
-3.2004
 21
16.20179386
 31
0.0
  0
LINE
  5
4D9
330
2F9
100
AcDbEntity
  8
BottomOverlay
100
AcDbLine
 10
-0.00739648
 20
16.73870922
 30
0.0
 11
-0.1162304
 21
16.7024304
 31
0.0
  0
LINE
  5
4DA
330
2F9
100
AcDbEntity
  8
BottomOverlay
100
AcDbLine
 10
-0.1162304
 20
16.7024304
 30
0.0
 11
0.10143744
 21
16.7024304
 31
0.0
  0
LINE
  5
4DB
330
2F9
100
AcDbEntity
  8
BottomOverlay
100
AcDbLine
 10
0.10143744
 20
16.7024304
 30
0.0
 11
-0.00739648
 21
16.73870922
 31
0.0
  0
LINE
  5
4DC
330
2F9
100
AcDbEntity
  8
BottomOverlay
100
AcDbLine
 10
-0.00739648
 20
16.73870922
 30
0.0
 11
0.06515862
 21
16.81126432
 31
0.0
  0
LINE
  5
4DD
330
2F9
100
AcDbEntity
  8
BottomOverlay
100
AcDbLine
 10
0.06515862
 20
16.81126432
 30
0.0
 11
0.10143744
 21
16.92009824
 31
0.0
  0
LINE
  5
4DE
330
2F9
100
AcDbEntity
  8
BottomOverlay
100
AcDbLine
 10
0.10143744
 20
16.92009824
 30
0.0
 11
0.10143744
 21
16.99265334
 31
0.0
  0
LINE
  5
4DF
330
2F9
100
AcDbEntity
  8
BottomOverlay
100
AcDbLine
 10
0.10143744
 20
16.99265334
 30
0.0
 11
0.06515862
 21
17.10148726
 31
0.0
  0
LINE
  5
4E0
330
2F9
100
AcDbEntity
  8
BottomOverlay
100
AcDbLine
 10
0.06515862
 20
17.10148726
 30
0.0
 11
-0.00739648
 21
17.1740449
 31
0.0
  0
LINE
  5
4E1
330
2F9
100
AcDbEntity
  8
BottomOverlay
100
AcDbLine
 10
-0.00739648
 20
17.1740449
 30
0.0
 11
-0.07995412
 21
17.21032118
 31
0.0
  0
LINE
  5
4E2
330
2F9
100
AcDbEntity
  8
BottomOverlay
100
AcDbLine
 10
-0.07995412
 20
17.21032118
 30
0.0
 11
-0.18878804
 21
17.2466
 31
0.0
  0
LINE
  5
4E3
330
2F9
100
AcDbEntity
  8
BottomOverlay
100
AcDbLine
 10
-0.18878804
 20
17.2466
 30
0.0
 11
-0.37017706
 21
17.2466
 31
0.0
  0
LINE
  5
4E4
330
2F9
100
AcDbEntity
  8
BottomOverlay
100
AcDbLine
 10
-0.37017706
 20
17.2466
 30
0.0
 11
-0.47901098
 21
17.21032118
 31
0.0
  0
LINE
  5
4E5
330
2F9
100
AcDbEntity
  8
BottomOverlay
100
AcDbLine
 10
-0.47901098
 20
17.21032118
 30
0.0
 11
-0.55156608
 21
17.1740449
 31
0.0
  0
LINE
  5
4E6
330
2F9
100
AcDbEntity
  8
BottomOverlay
100
AcDbLine
 10
-0.55156608
 20
17.1740449
 30
0.0
 11
-0.6241211799999999
 21
17.10148726
 31
0.0
  0
LINE
  5
4E7
330
2F9
100
AcDbEntity
  8
BottomOverlay
100
AcDbLine
 10
-0.6241211799999999
 20
17.10148726
 30
0.0
 11
-0.6604
 21
16.99265334
 31
0.0
  0
LINE
  5
4E8
330
2F9
100
AcDbEntity
  8
BottomOverlay
100
AcDbLine
 10
-0.6604
 20
16.99265334
 30
0.0
 11
-0.6604
 21
16.92009824
 31
0.0
  0
LINE
  5
4E9
330
2F9
100
AcDbEntity
  8
BottomOverlay
100
AcDbLine
 10
-0.6604
 20
16.92009824
 30
0.0
 11
-0.6241211799999999
 21
16.81126432
 31
0.0
  0
LINE
  5
4EA
330
2F9
100
AcDbEntity
  8
BottomOverlay
100
AcDbLine
 10
-0.6241211799999999
 20
16.81126432
 30
0.0
 11
-0.55156608
 21
16.73870922
 31
0.0
  0
LINE
  5
4EB
330
2F9
100
AcDbEntity
  8
BottomOverlay
100
AcDbLine
 10
-0.55156608
 20
16.73870922
 30
0.0
 11
-0.47901098
 21
16.7024304
 31
0.0
  0
LINE
  5
4EC
330
2F9
100
AcDbEntity
  8
BottomOverlay
100
AcDbLine
 10
0.10143744
 20
16.99265334
 30
0.0
 11
0.06515862
 21
17.06521098
 31
0.0
  0
LINE
  5
4ED
330
2F9
100
AcDbEntity
  8
BottomOverlay
100
AcDbLine
 10
0.06515862
 20
17.06521098
 30
0.0
 11
-0.00739648
 21
17.13776608
 31
0.0
  0
LINE
  5
4EE
330
2F9
100
AcDbEntity
  8
BottomOverlay
100
AcDbLine
 10
-0.00739648
 20
17.13776608
 30
0.0
 11
-0.07995412
 21
17.1740449
 31
0.0
  0
LINE
  5
4EF
330
2F9
100
AcDbEntity
  8
BottomOverlay
100
AcDbLine
 10
-0.07995412
 20
17.1740449
 30
0.0
 11
-0.18878804
 21
17.21032118
 31
0.0
  0
LINE
  5
4F0
330
2F9
100
AcDbEntity
  8
BottomOverlay
100
AcDbLine
 10
-0.18878804
 20
17.21032118
 30
0.0
 11
-0.37017706
 21
17.21032118
 31
0.0
  0
LINE
  5
4F1
330
2F9
100
AcDbEntity
  8
BottomOverlay
100
AcDbLine
 10
-0.37017706
 20
17.21032118
 30
0.0
 11
-0.47901098
 21
17.1740449
 31
0.0
  0
LINE
  5
4F2
330
2F9
100
AcDbEntity
  8
BottomOverlay
100
AcDbLine
 10
-0.47901098
 20
17.1740449
 30
0.0
 11
-0.55156608
 21
17.13776608
 31
0.0
  0
LINE
  5
4F3
330
2F9
100
AcDbEntity
  8
BottomOverlay
100
AcDbLine
 10
-0.55156608
 20
17.13776608
 30
0.0
 11
-0.6241211799999999
 21
17.06521098
 31
0.0
  0
LINE
  5
4F4
330
2F9
100
AcDbEntity
  8
BottomOverlay
100
AcDbLine
 10
-0.6241211799999999
 20
17.06521098
 30
0.0
 11
-0.6604
 21
16.99265334
 31
0.0
  0
LINE
  5
4F5
330
2F9
100
AcDbEntity
  8
BottomOverlay
100
AcDbLine
 10
-0.0436753
 20
16.59359648
 30
0.0
 11
-0.00739648
 21
16.52104138
 31
0.0
  0
LINE
  5
4F6
330
2F9
100
AcDbEntity
  8
BottomOverlay
100
AcDbLine
 10
-0.00739648
 20
16.52104138
 30
0.0
 11
0.10143744
 21
16.41220746
 31
0.0
  0
LINE
  5
4F7
330
2F9
100
AcDbEntity
  8
BottomOverlay
100
AcDbLine
 10
0.10143744
 20
16.41220746
 30
0.0
 11
-0.6604
 21
16.41220746
 31
0.0
  0
LINE
  5
4F8
330
2F9
100
AcDbEntity
  8
BottomOverlay
100
AcDbLine
 10
0.06515862
 20
16.44848374
 30
0.0
 11
-0.6604
 21
16.44848374
 31
0.0
  0
LINE
  5
4F9
330
2F9
100
AcDbEntity
  8
BottomOverlay
100
AcDbLine
 10
-0.6604
 20
16.59359648
 30
0.0
 11
-0.6604
 21
16.26709472
 31
0.0
  0
LINE
  5
4FA
330
2F9
100
AcDbEntity
  8
BottomOverlay
100
AcDbLine
 10
-2.81956256
 20
-14.73923392
 30
0.0
 11
-3.5814
 21
-14.73923392
 31
0.0
  0
LINE
  5
4FB
330
2F9
100
AcDbEntity
  8
BottomOverlay
100
AcDbLine
 10
-2.81956256
 20
-14.77551274
 30
0.0
 11
-3.5814
 21
-14.77551274
 31
0.0
  0
LINE
  5
4FC
330
2F9
100
AcDbEntity
  8
BottomOverlay
100
AcDbLine
 10
-2.81956256
 20
-14.6304
 30
0.0
 11
-2.81956256
 21
-14.99318058
 31
0.0
  0
LINE
  5
4FD
330
2F9
100
AcDbEntity
  8
BottomOverlay
100
AcDbLine
 10
-2.81956256
 20
-14.99318058
 30
0.0
 11
-2.85584138
 21
-15.10201196
 31
0.0
  0
LINE
  5
4FE
330
2F9
100
AcDbEntity
  8
BottomOverlay
100
AcDbLine
 10
-2.85584138
 20
-15.10201196
 30
0.0
 11
-2.92839648
 21
-15.1745696
 31
0.0
  0
LINE
  5
4FF
330
2F9
100
AcDbEntity
  8
BottomOverlay
100
AcDbLine
 10
-2.92839648
 20
-15.1745696
 30
0.0
 11
-3.00095412
 21
-15.21084588
 31
0.0
  0
LINE
  5
500
330
2F9
100
AcDbEntity
  8
BottomOverlay
100
AcDbLine
 10
-3.00095412
 20
-15.21084588
 30
0.0
 11
-3.10978804
 21
-15.2471247
 31
0.0
  0
LINE
  5
501
330
2F9
100
AcDbEntity
  8
BottomOverlay
100
AcDbLine
 10
-3.10978804
 20
-15.2471247
 30
0.0
 11
-3.29117706
 21
-15.2471247
 31
0.0
  0
LINE
  5
502
330
2F9
100
AcDbEntity
  8
BottomOverlay
100
AcDbLine
 10
-3.29117706
 20
-15.2471247
 30
0.0
 11
-3.40001098
 21
-15.21084588
 31
0.0
  0
LINE
  5
503
330
2F9
100
AcDbEntity
  8
BottomOverlay
100
AcDbLine
 10
-3.40001098
 20
-15.21084588
 30
0.0
 11
-3.47256608
 21
-15.1745696
 31
0.0
  0
LINE
  5
504
330
2F9
100
AcDbEntity
  8
BottomOverlay
100
AcDbLine
 10
-3.47256608
 20
-15.1745696
 30
0.0
 11
-3.54512118
 21
-15.10201196
 31
0.0
  0
LINE
  5
505
330
2F9
100
AcDbEntity
  8
BottomOverlay
100
AcDbLine
 10
-3.54512118
 20
-15.10201196
 30
0.0
 11
-3.5814
 21
-14.99318058
 31
0.0
  0
LINE
  5
506
330
2F9
100
AcDbEntity
  8
BottomOverlay
100
AcDbLine
 10
-3.5814
 20
-14.99318058
 30
0.0
 11
-3.5814
 21
-14.6304
 31
0.0
  0
LINE
  5
507
330
2F9
100
AcDbEntity
  8
BottomOverlay
100
AcDbLine
 10
-2.81956256
 20
-14.99318058
 30
0.0
 11
-2.85584138
 21
-15.06573568
 31
0.0
  0
LINE
  5
508
330
2F9
100
AcDbEntity
  8
BottomOverlay
100
AcDbLine
 10
-2.85584138
 20
-15.06573568
 30
0.0
 11
-2.92839648
 21
-15.13829078
 31
0.0
  0
LINE
  5
509
330
2F9
100
AcDbEntity
  8
BottomOverlay
100
AcDbLine
 10
-2.92839648
 20
-15.13829078
 30
0.0
 11
-3.00095412
 21
-15.1745696
 31
0.0
  0
LINE
  5
50A
330
2F9
100
AcDbEntity
  8
BottomOverlay
100
AcDbLine
 10
-3.00095412
 20
-15.1745696
 30
0.0
 11
-3.10978804
 21
-15.21084588
 31
0.0
  0
LINE
  5
50B
330
2F9
100
AcDbEntity
  8
BottomOverlay
100
AcDbLine
 10
-3.10978804
 20
-15.21084588
 30
0.0
 11
-3.29117706
 21
-15.21084588
 31
0.0
  0
LINE
  5
50C
330
2F9
100
AcDbEntity
  8
BottomOverlay
100
AcDbLine
 10
-3.29117706
 20
-15.21084588
 30
0.0
 11
-3.40001098
 21
-15.1745696
 31
0.0
  0
LINE
  5
50D
330
2F9
100
AcDbEntity
  8
BottomOverlay
100
AcDbLine
 10
-3.40001098
 20
-15.1745696
 30
0.0
 11
-3.47256608
 21
-15.13829078
 31
0.0
  0
LINE
  5
50E
330
2F9
100
AcDbEntity
  8
BottomOverlay
100
AcDbLine
 10
-3.47256608
 20
-15.13829078
 30
0.0
 11
-3.54512118
 21
-15.06573568
 31
0.0
  0
LINE
  5
50F
330
2F9
100
AcDbEntity
  8
BottomOverlay
100
AcDbLine
 10
-3.54512118
 20
-15.06573568
 30
0.0
 11
-3.5814
 21
-14.99318058
 31
0.0
  0
LINE
  5
510
330
2F9
100
AcDbEntity
  8
BottomOverlay
100
AcDbLine
 10
-2.9646753
 20
-15.3849832
 30
0.0
 11
-3.00095412
 21
-15.42125948
 31
0.0
  0
LINE
  5
511
330
2F9
100
AcDbEntity
  8
BottomOverlay
100
AcDbLine
 10
-3.00095412
 20
-15.42125948
 30
0.0
 11
-3.0372304
 21
-15.3849832
 31
0.0
  0
LINE
  5
512
330
2F9
100
AcDbEntity
  8
BottomOverlay
100
AcDbLine
 10
-3.0372304
 20
-15.3849832
 30
0.0
 11
-3.00095412
 21
-15.34870438
 31
0.0
  0
LINE
  5
513
330
2F9
100
AcDbEntity
  8
BottomOverlay
100
AcDbLine
 10
-3.00095412
 20
-15.34870438
 30
0.0
 11
-2.9646753
 21
-15.34870438
 31
0.0
  0
LINE
  5
514
330
2F9
100
AcDbEntity
  8
BottomOverlay
100
AcDbLine
 10
-2.9646753
 20
-15.34870438
 30
0.0
 11
-2.8921202
 21
-15.3849832
 31
0.0
  0
LINE
  5
515
330
2F9
100
AcDbEntity
  8
BottomOverlay
100
AcDbLine
 10
-2.8921202
 20
-15.3849832
 30
0.0
 11
-2.85584138
 21
-15.42125948
 31
0.0
  0
LINE
  5
516
330
2F9
100
AcDbEntity
  8
BottomOverlay
100
AcDbLine
 10
-2.85584138
 20
-15.42125948
 30
0.0
 11
-2.81956256
 21
-15.5300934
 31
0.0
  0
LINE
  5
517
330
2F9
100
AcDbEntity
  8
BottomOverlay
100
AcDbLine
 10
-2.81956256
 20
-15.5300934
 30
0.0
 11
-2.81956256
 21
-15.67520614
 31
0.0
  0
LINE
  5
518
330
2F9
100
AcDbEntity
  8
BottomOverlay
100
AcDbLine
 10
-2.81956256
 20
-15.67520614
 30
0.0
 11
-2.85584138
 21
-15.78404006
 31
0.0
  0
LINE
  5
519
330
2F9
100
AcDbEntity
  8
BottomOverlay
100
AcDbLine
 10
-2.85584138
 20
-15.78404006
 30
0.0
 11
-2.92839648
 21
-15.82031634
 31
0.0
  0
LINE
  5
51A
330
2F9
100
AcDbEntity
  8
BottomOverlay
100
AcDbLine
 10
-2.92839648
 20
-15.82031634
 30
0.0
 11
-3.0372304
 21
-15.82031634
 31
0.0
  0
LINE
  5
51B
330
2F9
100
AcDbEntity
  8
BottomOverlay
100
AcDbLine
 10
-3.0372304
 20
-15.82031634
 30
0.0
 11
-3.10978804
 21
-15.78404006
 31
0.0
  0
LINE
  5
51C
330
2F9
100
AcDbEntity
  8
BottomOverlay
100
AcDbLine
 10
-3.10978804
 20
-15.78404006
 30
0.0
 11
-3.14606432
 21
-15.67520614
 31
0.0
  0
LINE
  5
51D
330
2F9
100
AcDbEntity
  8
BottomOverlay
100
AcDbLine
 10
-3.14606432
 20
-15.67520614
 30
0.0
 11
-3.14606432
 21
-15.56637222
 31
0.0
  0
LINE
  5
51E
330
2F9
100
AcDbEntity
  8
BottomOverlay
100
AcDbLine
 10
-2.81956256
 20
-15.67520614
 30
0.0
 11
-2.85584138
 21
-15.74776124
 31
0.0
  0
LINE
  5
51F
330
2F9
100
AcDbEntity
  8
BottomOverlay
100
AcDbLine
 10
-2.85584138
 20
-15.74776124
 30
0.0
 11
-2.92839648
 21
-15.78404006
 31
0.0
  0
LINE
  5
520
330
2F9
100
AcDbEntity
  8
BottomOverlay
100
AcDbLine
 10
-2.92839648
 20
-15.78404006
 30
0.0
 11
-3.0372304
 21
-15.78404006
 31
0.0
  0
LINE
  5
521
330
2F9
100
AcDbEntity
  8
BottomOverlay
100
AcDbLine
 10
-3.0372304
 20
-15.78404006
 30
0.0
 11
-3.10978804
 21
-15.74776124
 31
0.0
  0
LINE
  5
522
330
2F9
100
AcDbEntity
  8
BottomOverlay
100
AcDbLine
 10
-3.10978804
 20
-15.74776124
 30
0.0
 11
-3.14606432
 21
-15.67520614
 31
0.0
  0
LINE
  5
523
330
2F9
100
AcDbEntity
  8
BottomOverlay
100
AcDbLine
 10
-3.14606432
 20
-15.67520614
 30
0.0
 11
-3.18234314
 21
-15.74776124
 31
0.0
  0
LINE
  5
524
330
2F9
100
AcDbEntity
  8
BottomOverlay
100
AcDbLine
 10
-3.18234314
 20
-15.74776124
 30
0.0
 11
-3.25489824
 21
-15.82031634
 31
0.0
  0
LINE
  5
525
330
2F9
100
AcDbEntity
  8
BottomOverlay
100
AcDbLine
 10
-3.25489824
 20
-15.82031634
 30
0.0
 11
-3.32745334
 21
-15.85659516
 31
0.0
  0
LINE
  5
526
330
2F9
100
AcDbEntity
  8
BottomOverlay
100
AcDbLine
 10
-3.32745334
 20
-15.85659516
 30
0.0
 11
-3.43628726
 21
-15.85659516
 31
0.0
  0
LINE
  5
527
330
2F9
100
AcDbEntity
  8
BottomOverlay
100
AcDbLine
 10
-3.43628726
 20
-15.85659516
 30
0.0
 11
-3.5088449
 21
-15.82031634
 31
0.0
  0
LINE
  5
528
330
2F9
100
AcDbEntity
  8
BottomOverlay
100
AcDbLine
 10
-3.5088449
 20
-15.82031634
 30
0.0
 11
-3.54512118
 21
-15.78404006
 31
0.0
  0
LINE
  5
529
330
2F9
100
AcDbEntity
  8
BottomOverlay
100
AcDbLine
 10
-3.54512118
 20
-15.78404006
 30
0.0
 11
-3.5814
 21
-15.67520614
 31
0.0
  0
LINE
  5
52A
330
2F9
100
AcDbEntity
  8
BottomOverlay
100
AcDbLine
 10
-3.5814
 20
-15.67520614
 30
0.0
 11
-3.5814
 21
-15.5300934
 31
0.0
  0
LINE
  5
52B
330
2F9
100
AcDbEntity
  8
BottomOverlay
100
AcDbLine
 10
-3.5814
 20
-15.5300934
 30
0.0
 11
-3.54512118
 21
-15.42125948
 31
0.0
  0
LINE
  5
52C
330
2F9
100
AcDbEntity
  8
BottomOverlay
100
AcDbLine
 10
-3.54512118
 20
-15.42125948
 30
0.0
 11
-3.5088449
 21
-15.3849832
 31
0.0
  0
LINE
  5
52D
330
2F9
100
AcDbEntity
  8
BottomOverlay
100
AcDbLine
 10
-3.5088449
 20
-15.3849832
 30
0.0
 11
-3.43628726
 21
-15.34870438
 31
0.0
  0
LINE
  5
52E
330
2F9
100
AcDbEntity
  8
BottomOverlay
100
AcDbLine
 10
-3.43628726
 20
-15.34870438
 30
0.0
 11
-3.40001098
 21
-15.34870438
 31
0.0
  0
LINE
  5
52F
330
2F9
100
AcDbEntity
  8
BottomOverlay
100
AcDbLine
 10
-3.40001098
 20
-15.34870438
 30
0.0
 11
-3.36373216
 21
-15.3849832
 31
0.0
  0
LINE
  5
530
330
2F9
100
AcDbEntity
  8
BottomOverlay
100
AcDbLine
 10
-3.36373216
 20
-15.3849832
 30
0.0
 11
-3.40001098
 21
-15.42125948
 31
0.0
  0
LINE
  5
531
330
2F9
100
AcDbEntity
  8
BottomOverlay
100
AcDbLine
 10
-3.40001098
 20
-15.42125948
 30
0.0
 11
-3.43628726
 21
-15.3849832
 31
0.0
  0
LINE
  5
532
330
2F9
100
AcDbEntity
  8
BottomOverlay
100
AcDbLine
 10
-3.21861942
 20
-15.78404006
 30
0.0
 11
-3.32745334
 21
-15.82031634
 31
0.0
  0
LINE
  5
533
330
2F9
100
AcDbEntity
  8
BottomOverlay
100
AcDbLine
 10
-3.32745334
 20
-15.82031634
 30
0.0
 11
-3.43628726
 21
-15.82031634
 31
0.0
  0
LINE
  5
534
330
2F9
100
AcDbEntity
  8
BottomOverlay
100
AcDbLine
 10
-3.43628726
 20
-15.82031634
 30
0.0
 11
-3.5088449
 21
-15.78404006
 31
0.0
  0
LINE
  5
535
330
2F9
100
AcDbEntity
  8
BottomOverlay
100
AcDbLine
 10
-3.5088449
 20
-15.78404006
 30
0.0
 11
-3.54512118
 21
-15.74776124
 31
0.0
  0
LINE
  5
536
330
2F9
100
AcDbEntity
  8
BottomOverlay
100
AcDbLine
 10
-3.54512118
 20
-15.74776124
 30
0.0
 11
-3.5814
 21
-15.67520614
 31
0.0
  0
LINE
  5
537
330
2F9
100
AcDbEntity
  8
BottomOverlay
100
AcDbLine
 10
-2.81956256
 20
-16.18672404
 30
0.0
 11
-2.85584138
 21
-16.07789012
 31
0.0
  0
LINE
  5
538
330
2F9
100
AcDbEntity
  8
BottomOverlay
100
AcDbLine
 10
-2.85584138
 20
-16.07789012
 30
0.0
 11
-2.9646753
 21
-16.00533502
 31
0.0
  0
LINE
  5
539
330
2F9
100
AcDbEntity
  8
BottomOverlay
100
AcDbLine
 10
-2.9646753
 20
-16.00533502
 30
0.0
 11
-3.14606432
 21
-15.9690562
 31
0.0
  0
LINE
  5
53A
330
2F9
100
AcDbEntity
  8
BottomOverlay
100
AcDbLine
 10
-3.14606432
 20
-15.9690562
 30
0.0
 11
-3.25489824
 21
-15.9690562
 31
0.0
  0
LINE
  5
53B
330
2F9
100
AcDbEntity
  8
BottomOverlay
100
AcDbLine
 10
-3.25489824
 20
-15.9690562
 30
0.0
 11
-3.43628726
 21
-16.00533502
 31
0.0
  0
LINE
  5
53C
330
2F9
100
AcDbEntity
  8
BottomOverlay
100
AcDbLine
 10
-3.43628726
 20
-16.00533502
 30
0.0
 11
-3.54512118
 21
-16.07789012
 31
0.0
  0
LINE
  5
53D
330
2F9
100
AcDbEntity
  8
BottomOverlay
100
AcDbLine
 10
-3.54512118
 20
-16.07789012
 30
0.0
 11
-3.5814
 21
-16.18672404
 31
0.0
  0
LINE
  5
53E
330
2F9
100
AcDbEntity
  8
BottomOverlay
100
AcDbLine
 10
-3.5814
 20
-16.18672404
 30
0.0
 11
-3.5814
 21
-16.25927914
 31
0.0
  0
LINE
  5
53F
330
2F9
100
AcDbEntity
  8
BottomOverlay
100
AcDbLine
 10
-3.5814
 20
-16.25927914
 30
0.0
 11
-3.54512118
 21
-16.36811306
 31
0.0
  0
LINE
  5
540
330
2F9
100
AcDbEntity
  8
BottomOverlay
100
AcDbLine
 10
-3.54512118
 20
-16.36811306
 30
0.0
 11
-3.43628726
 21
-16.44066816
 31
0.0
  0
LINE
  5
541
330
2F9
100
AcDbEntity
  8
BottomOverlay
100
AcDbLine
 10
-3.43628726
 20
-16.44066816
 30
0.0
 11
-3.25489824
 21
-16.47694698
 31
0.0
  0
LINE
  5
542
330
2F9
100
AcDbEntity
  8
BottomOverlay
100
AcDbLine
 10
-3.25489824
 20
-16.47694698
 30
0.0
 11
-3.14606432
 21
-16.47694698
 31
0.0
  0
LINE
  5
543
330
2F9
100
AcDbEntity
  8
BottomOverlay
100
AcDbLine
 10
-3.14606432
 20
-16.47694698
 30
0.0
 11
-2.9646753
 21
-16.44066816
 31
0.0
  0
LINE
  5
544
330
2F9
100
AcDbEntity
  8
BottomOverlay
100
AcDbLine
 10
-2.9646753
 20
-16.44066816
 30
0.0
 11
-2.85584138
 21
-16.36811306
 31
0.0
  0
LINE
  5
545
330
2F9
100
AcDbEntity
  8
BottomOverlay
100
AcDbLine
 10
-2.85584138
 20
-16.36811306
 30
0.0
 11
-2.81956256
 21
-16.25927914
 31
0.0
  0
LINE
  5
546
330
2F9
100
AcDbEntity
  8
BottomOverlay
100
AcDbLine
 10
-2.81956256
 20
-16.25927914
 30
0.0
 11
-2.81956256
 21
-16.18672404
 31
0.0
  0
LINE
  5
547
330
2F9
100
AcDbEntity
  8
BottomOverlay
100
AcDbLine
 10
-2.81956256
 20
-16.18672404
 30
0.0
 11
-2.85584138
 21
-16.11416894
 31
0.0
  0
LINE
  5
548
330
2F9
100
AcDbEntity
  8
BottomOverlay
100
AcDbLine
 10
-2.85584138
 20
-16.11416894
 30
0.0
 11
-2.8921202
 21
-16.07789012
 31
0.0
  0
LINE
  5
549
330
2F9
100
AcDbEntity
  8
BottomOverlay
100
AcDbLine
 10
-2.8921202
 20
-16.07789012
 30
0.0
 11
-2.9646753
 21
-16.0416113
 31
0.0
  0
LINE
  5
54A
330
2F9
100
AcDbEntity
  8
BottomOverlay
100
AcDbLine
 10
-2.9646753
 20
-16.0416113
 30
0.0
 11
-3.14606432
 21
-16.00533502
 31
0.0
  0
LINE
  5
54B
330
2F9
100
AcDbEntity
  8
BottomOverlay
100
AcDbLine
 10
-3.14606432
 20
-16.00533502
 30
0.0
 11
-3.25489824
 21
-16.00533502
 31
0.0
  0
LINE
  5
54C
330
2F9
100
AcDbEntity
  8
BottomOverlay
100
AcDbLine
 10
-3.25489824
 20
-16.00533502
 30
0.0
 11
-3.43628726
 21
-16.0416113
 31
0.0
  0
LINE
  5
54D
330
2F9
100
AcDbEntity
  8
BottomOverlay
100
AcDbLine
 10
-3.43628726
 20
-16.0416113
 30
0.0
 11
-3.5088449
 21
-16.07789012
 31
0.0
  0
LINE
  5
54E
330
2F9
100
AcDbEntity
  8
BottomOverlay
100
AcDbLine
 10
-3.5088449
 20
-16.07789012
 30
0.0
 11
-3.54512118
 21
-16.11416894
 31
0.0
  0
LINE
  5
54F
330
2F9
100
AcDbEntity
  8
BottomOverlay
100
AcDbLine
 10
-3.54512118
 20
-16.11416894
 30
0.0
 11
-3.5814
 21
-16.18672404
 31
0.0
  0
LINE
  5
550
330
2F9
100
AcDbEntity
  8
BottomOverlay
100
AcDbLine
 10
-3.5814
 20
-16.25927914
 30
0.0
 11
-3.54512118
 21
-16.33183678
 31
0.0
  0
LINE
  5
551
330
2F9
100
AcDbEntity
  8
BottomOverlay
100
AcDbLine
 10
-3.54512118
 20
-16.33183678
 30
0.0
 11
-3.5088449
 21
-16.36811306
 31
0.0
  0
LINE
  5
552
330
2F9
100
AcDbEntity
  8
BottomOverlay
100
AcDbLine
 10
-3.5088449
 20
-16.36811306
 30
0.0
 11
-3.43628726
 21
-16.40439188
 31
0.0
  0
LINE
  5
553
330
2F9
100
AcDbEntity
  8
BottomOverlay
100
AcDbLine
 10
-3.43628726
 20
-16.40439188
 30
0.0
 11
-3.25489824
 21
-16.44066816
 31
0.0
  0
LINE
  5
554
330
2F9
100
AcDbEntity
  8
BottomOverlay
100
AcDbLine
 10
-3.25489824
 20
-16.44066816
 30
0.0
 11
-3.14606432
 21
-16.44066816
 31
0.0
  0
LINE
  5
555
330
2F9
100
AcDbEntity
  8
BottomOverlay
100
AcDbLine
 10
-3.14606432
 20
-16.44066816
 30
0.0
 11
-2.9646753
 21
-16.40439188
 31
0.0
  0
LINE
  5
556
330
2F9
100
AcDbEntity
  8
BottomOverlay
100
AcDbLine
 10
-2.9646753
 20
-16.40439188
 30
0.0
 11
-2.8921202
 21
-16.36811306
 31
0.0
  0
LINE
  5
557
330
2F9
100
AcDbEntity
  8
BottomOverlay
100
AcDbLine
 10
-2.8921202
 20
-16.36811306
 30
0.0
 11
-2.85584138
 21
-16.33183678
 31
0.0
  0
LINE
  5
558
330
2F9
100
AcDbEntity
  8
BottomOverlay
100
AcDbLine
 10
-2.85584138
 20
-16.33183678
 30
0.0
 11
-2.81956256
 21
-16.25927914
 31
0.0
  0
LINE
  5
559
330
2F9
100
AcDbEntity
  8
BottomOverlay
100
AcDbLine
 10
0.50060352
 20
-15.13829078
 30
0.0
 11
0.3917696
 21
-15.1745696
 31
0.0
  0
LINE
  5
55A
330
2F9
100
AcDbEntity
  8
BottomOverlay
100
AcDbLine
 10
0.3917696
 20
-15.1745696
 30
0.0
 11
0.60943744
 21
-15.1745696
 31
0.0
  0
LINE
  5
55B
330
2F9
100
AcDbEntity
  8
BottomOverlay
100
AcDbLine
 10
0.60943744
 20
-15.1745696
 30
0.0
 11
0.50060352
 21
-15.13829078
 31
0.0
  0
LINE
  5
55C
330
2F9
100
AcDbEntity
  8
BottomOverlay
100
AcDbLine
 10
0.50060352
 20
-15.13829078
 30
0.0
 11
0.57315862
 21
-15.06573568
 31
0.0
  0
LINE
  5
55D
330
2F9
100
AcDbEntity
  8
BottomOverlay
100
AcDbLine
 10
0.57315862
 20
-15.06573568
 30
0.0
 11
0.60943744
 21
-14.95690176
 31
0.0
  0
LINE
  5
55E
330
2F9
100
AcDbEntity
  8
BottomOverlay
100
AcDbLine
 10
0.60943744
 20
-14.95690176
 30
0.0
 11
0.60943744
 21
-14.88434666
 31
0.0
  0
LINE
  5
55F
330
2F9
100
AcDbEntity
  8
BottomOverlay
100
AcDbLine
 10
0.60943744
 20
-14.88434666
 30
0.0
 11
0.57315862
 21
-14.77551274
 31
0.0
  0
LINE
  5
560
330
2F9
100
AcDbEntity
  8
BottomOverlay
100
AcDbLine
 10
0.57315862
 20
-14.77551274
 30
0.0
 11
0.50060352
 21
-14.7029551
 31
0.0
  0
LINE
  5
561
330
2F9
100
AcDbEntity
  8
BottomOverlay
100
AcDbLine
 10
0.50060352
 20
-14.7029551
 30
0.0
 11
0.42804588
 21
-14.66667882
 31
0.0
  0
LINE
  5
562
330
2F9
100
AcDbEntity
  8
BottomOverlay
100
AcDbLine
 10
0.42804588
 20
-14.66667882
 30
0.0
 11
0.31921196
 21
-14.6304
 31
0.0
  0
LINE
  5
563
330
2F9
100
AcDbEntity
  8
BottomOverlay
100
AcDbLine
 10
0.31921196
 20
-14.6304
 30
0.0
 11
0.13782294
 21
-14.6304
 31
0.0
  0
LINE
  5
564
330
2F9
100
AcDbEntity
  8
BottomOverlay
100
AcDbLine
 10
0.13782294
 20
-14.6304
 30
0.0
 11
0.02898902
 21
-14.66667882
 31
0.0
  0
LINE
  5
565
330
2F9
100
AcDbEntity
  8
BottomOverlay
100
AcDbLine
 10
0.02898902
 20
-14.66667882
 30
0.0
 11
-0.04356608
 21
-14.7029551
 31
0.0
  0
LINE
  5
566
330
2F9
100
AcDbEntity
  8
BottomOverlay
100
AcDbLine
 10
-0.04356608
 20
-14.7029551
 30
0.0
 11
-0.11612118
 21
-14.77551274
 31
0.0
  0
LINE
  5
567
330
2F9
100
AcDbEntity
  8
BottomOverlay
100
AcDbLine
 10
-0.11612118
 20
-14.77551274
 30
0.0
 11
-0.1524
 21
-14.88434666
 31
0.0
  0
LINE
  5
568
330
2F9
100
AcDbEntity
  8
BottomOverlay
100
AcDbLine
 10
-0.1524
 20
-14.88434666
 30
0.0
 11
-0.1524
 21
-14.95690176
 31
0.0
  0
LINE
  5
569
330
2F9
100
AcDbEntity
  8
BottomOverlay
100
AcDbLine
 10
-0.1524
 20
-14.95690176
 30
0.0
 11
-0.11612118
 21
-15.06573568
 31
0.0
  0
LINE
  5
56A
330
2F9
100
AcDbEntity
  8
BottomOverlay
100
AcDbLine
 10
-0.11612118
 20
-15.06573568
 30
0.0
 11
-0.04356608
 21
-15.13829078
 31
0.0
  0
LINE
  5
56B
330
2F9
100
AcDbEntity
  8
BottomOverlay
100
AcDbLine
 10
-0.04356608
 20
-15.13829078
 30
0.0
 11
0.02898902
 21
-15.1745696
 31
0.0
  0
LINE
  5
56C
330
2F9
100
AcDbEntity
  8
BottomOverlay
100
AcDbLine
 10
0.60943744
 20
-14.88434666
 30
0.0
 11
0.57315862
 21
-14.81178902
 31
0.0
  0
LINE
  5
56D
330
2F9
100
AcDbEntity
  8
BottomOverlay
100
AcDbLine
 10
0.57315862
 20
-14.81178902
 30
0.0
 11
0.50060352
 21
-14.73923392
 31
0.0
  0
LINE
  5
56E
330
2F9
100
AcDbEntity
  8
BottomOverlay
100
AcDbLine
 10
0.50060352
 20
-14.73923392
 30
0.0
 11
0.42804588
 21
-14.7029551
 31
0.0
  0
LINE
  5
56F
330
2F9
100
AcDbEntity
  8
BottomOverlay
100
AcDbLine
 10
0.42804588
 20
-14.7029551
 30
0.0
 11
0.31921196
 21
-14.66667882
 31
0.0
  0
LINE
  5
570
330
2F9
100
AcDbEntity
  8
BottomOverlay
100
AcDbLine
 10
0.31921196
 20
-14.66667882
 30
0.0
 11
0.13782294
 21
-14.66667882
 31
0.0
  0
LINE
  5
571
330
2F9
100
AcDbEntity
  8
BottomOverlay
100
AcDbLine
 10
0.13782294
 20
-14.66667882
 30
0.0
 11
0.02898902
 21
-14.7029551
 31
0.0
  0
LINE
  5
572
330
2F9
100
AcDbEntity
  8
BottomOverlay
100
AcDbLine
 10
0.02898902
 20
-14.7029551
 30
0.0
 11
-0.04356608
 21
-14.73923392
 31
0.0
  0
LINE
  5
573
330
2F9
100
AcDbEntity
  8
BottomOverlay
100
AcDbLine
 10
-0.04356608
 20
-14.73923392
 30
0.0
 11
-0.11612118
 21
-14.81178902
 31
0.0
  0
LINE
  5
574
330
2F9
100
AcDbEntity
  8
BottomOverlay
100
AcDbLine
 10
-0.11612118
 20
-14.81178902
 30
0.0
 11
-0.1524
 21
-14.88434666
 31
0.0
  0
LINE
  5
575
330
2F9
100
AcDbEntity
  8
BottomOverlay
100
AcDbLine
 10
0.4643247
 20
-15.31968234
 30
0.0
 11
0.42804588
 21
-15.35595862
 31
0.0
  0
LINE
  5
576
330
2F9
100
AcDbEntity
  8
BottomOverlay
100
AcDbLine
 10
0.42804588
 20
-15.35595862
 30
0.0
 11
0.3917696
 21
-15.31968234
 31
0.0
  0
LINE
  5
577
330
2F9
100
AcDbEntity
  8
BottomOverlay
100
AcDbLine
 10
0.3917696
 20
-15.31968234
 30
0.0
 11
0.42804588
 21
-15.28340352
 31
0.0
  0
LINE
  5
578
330
2F9
100
AcDbEntity
  8
BottomOverlay
100
AcDbLine
 10
0.42804588
 20
-15.28340352
 30
0.0
 11
0.4643247
 21
-15.28340352
 31
0.0
  0
LINE
  5
579
330
2F9
100
AcDbEntity
  8
BottomOverlay
100
AcDbLine
 10
0.4643247
 20
-15.28340352
 30
0.0
 11
0.5368798
 21
-15.31968234
 31
0.0
  0
LINE
  5
57A
330
2F9
100
AcDbEntity
  8
BottomOverlay
100
AcDbLine
 10
0.5368798
 20
-15.31968234
 30
0.0
 11
0.57315862
 21
-15.35595862
 31
0.0
  0
LINE
  5
57B
330
2F9
100
AcDbEntity
  8
BottomOverlay
100
AcDbLine
 10
0.57315862
 20
-15.35595862
 30
0.0
 11
0.60943744
 21
-15.46479254
 31
0.0
  0
LINE
  5
57C
330
2F9
100
AcDbEntity
  8
BottomOverlay
100
AcDbLine
 10
0.60943744
 20
-15.46479254
 30
0.0
 11
0.60943744
 21
-15.60990528
 31
0.0
  0
LINE
  5
57D
330
2F9
100
AcDbEntity
  8
BottomOverlay
100
AcDbLine
 10
0.60943744
 20
-15.60990528
 30
0.0
 11
0.57315862
 21
-15.7187392
 31
0.0
  0
LINE
  5
57E
330
2F9
100
AcDbEntity
  8
BottomOverlay
100
AcDbLine
 10
0.57315862
 20
-15.7187392
 30
0.0
 11
0.50060352
 21
-15.75501548
 31
0.0
  0
LINE
  5
57F
330
2F9
100
AcDbEntity
  8
BottomOverlay
100
AcDbLine
 10
0.50060352
 20
-15.75501548
 30
0.0
 11
0.3917696
 21
-15.75501548
 31
0.0
  0
LINE
  5
580
330
2F9
100
AcDbEntity
  8
BottomOverlay
100
AcDbLine
 10
0.3917696
 20
-15.75501548
 30
0.0
 11
0.31921196
 21
-15.7187392
 31
0.0
  0
LINE
  5
581
330
2F9
100
AcDbEntity
  8
BottomOverlay
100
AcDbLine
 10
0.31921196
 20
-15.7187392
 30
0.0
 11
0.28293568
 21
-15.60990528
 31
0.0
  0
LINE
  5
582
330
2F9
100
AcDbEntity
  8
BottomOverlay
100
AcDbLine
 10
0.28293568
 20
-15.60990528
 30
0.0
 11
0.28293568
 21
-15.50107136
 31
0.0
  0
LINE
  5
583
330
2F9
100
AcDbEntity
  8
BottomOverlay
100
AcDbLine
 10
0.60943744
 20
-15.60990528
 30
0.0
 11
0.57315862
 21
-15.68246038
 31
0.0
  0
LINE
  5
584
330
2F9
100
AcDbEntity
  8
BottomOverlay
100
AcDbLine
 10
0.57315862
 20
-15.68246038
 30
0.0
 11
0.50060352
 21
-15.7187392
 31
0.0
  0
LINE
  5
585
330
2F9
100
AcDbEntity
  8
BottomOverlay
100
AcDbLine
 10
0.50060352
 20
-15.7187392
 30
0.0
 11
0.3917696
 21
-15.7187392
 31
0.0
  0
LINE
  5
586
330
2F9
100
AcDbEntity
  8
BottomOverlay
100
AcDbLine
 10
0.3917696
 20
-15.7187392
 30
0.0
 11
0.31921196
 21
-15.68246038
 31
0.0
  0
LINE
  5
587
330
2F9
100
AcDbEntity
  8
BottomOverlay
100
AcDbLine
 10
0.31921196
 20
-15.68246038
 30
0.0
 11
0.28293568
 21
-15.60990528
 31
0.0
  0
LINE
  5
588
330
2F9
100
AcDbEntity
  8
BottomOverlay
100
AcDbLine
 10
0.28293568
 20
-15.60990528
 30
0.0
 11
0.24665686
 21
-15.68246038
 31
0.0
  0
LINE
  5
589
330
2F9
100
AcDbEntity
  8
BottomOverlay
100
AcDbLine
 10
0.24665686
 20
-15.68246038
 30
0.0
 11
0.17410176
 21
-15.75501548
 31
0.0
  0
LINE
  5
58A
330
2F9
100
AcDbEntity
  8
BottomOverlay
100
AcDbLine
 10
0.17410176
 20
-15.75501548
 30
0.0
 11
0.10154666
 21
-15.7912943
 31
0.0
  0
LINE
  5
58B
330
2F9
100
AcDbEntity
  8
BottomOverlay
100
AcDbLine
 10
0.10154666
 20
-15.7912943
 30
0.0
 11
-0.00728726
 21
-15.7912943
 31
0.0
  0
LINE
  5
58C
330
2F9
100
AcDbEntity
  8
BottomOverlay
100
AcDbLine
 10
-0.00728726
 20
-15.7912943
 30
0.0
 11
-0.0798449
 21
-15.75501548
 31
0.0
  0
LINE
  5
58D
330
2F9
100
AcDbEntity
  8
BottomOverlay
100
AcDbLine
 10
-0.0798449
 20
-15.75501548
 30
0.0
 11
-0.11612118
 21
-15.7187392
 31
0.0
  0
LINE
  5
58E
330
2F9
100
AcDbEntity
  8
BottomOverlay
100
AcDbLine
 10
-0.11612118
 20
-15.7187392
 30
0.0
 11
-0.1524
 21
-15.60990528
 31
0.0
  0
LINE
  5
58F
330
2F9
100
AcDbEntity
  8
BottomOverlay
100
AcDbLine
 10
-0.1524
 20
-15.60990528
 30
0.0
 11
-0.1524
 21
-15.46479254
 31
0.0
  0
LINE
  5
590
330
2F9
100
AcDbEntity
  8
BottomOverlay
100
AcDbLine
 10
-0.1524
 20
-15.46479254
 30
0.0
 11
-0.11612118
 21
-15.35595862
 31
0.0
  0
LINE
  5
591
330
2F9
100
AcDbEntity
  8
BottomOverlay
100
AcDbLine
 10
-0.11612118
 20
-15.35595862
 30
0.0
 11
-0.0798449
 21
-15.31968234
 31
0.0
  0
LINE
  5
592
330
2F9
100
AcDbEntity
  8
BottomOverlay
100
AcDbLine
 10
-0.0798449
 20
-15.31968234
 30
0.0
 11
-0.00728726
 21
-15.28340352
 31
0.0
  0
LINE
  5
593
330
2F9
100
AcDbEntity
  8
BottomOverlay
100
AcDbLine
 10
-0.00728726
 20
-15.28340352
 30
0.0
 11
0.02898902
 21
-15.28340352
 31
0.0
  0
LINE
  5
594
330
2F9
100
AcDbEntity
  8
BottomOverlay
100
AcDbLine
 10
0.02898902
 20
-15.28340352
 30
0.0
 11
0.06526784
 21
-15.31968234
 31
0.0
  0
LINE
  5
595
330
2F9
100
AcDbEntity
  8
BottomOverlay
100
AcDbLine
 10
0.06526784
 20
-15.31968234
 30
0.0
 11
0.02898902
 21
-15.35595862
 31
0.0
  0
LINE
  5
596
330
2F9
100
AcDbEntity
  8
BottomOverlay
100
AcDbLine
 10
0.02898902
 20
-15.35595862
 30
0.0
 11
-0.00728726
 21
-15.31968234
 31
0.0
  0
LINE
  5
597
330
2F9
100
AcDbEntity
  8
BottomOverlay
100
AcDbLine
 10
0.21038058
 20
-15.7187392
 30
0.0
 11
0.10154666
 21
-15.75501548
 31
0.0
  0
LINE
  5
598
330
2F9
100
AcDbEntity
  8
BottomOverlay
100
AcDbLine
 10
0.10154666
 20
-15.75501548
 30
0.0
 11
-0.00728726
 21
-15.75501548
 31
0.0
  0
LINE
  5
599
330
2F9
100
AcDbEntity
  8
BottomOverlay
100
AcDbLine
 10
-0.00728726
 20
-15.75501548
 30
0.0
 11
-0.0798449
 21
-15.7187392
 31
0.0
  0
LINE
  5
59A
330
2F9
100
AcDbEntity
  8
BottomOverlay
100
AcDbLine
 10
-0.0798449
 20
-15.7187392
 30
0.0
 11
-0.11612118
 21
-15.68246038
 31
0.0
  0
LINE
  5
59B
330
2F9
100
AcDbEntity
  8
BottomOverlay
100
AcDbLine
 10
-0.11612118
 20
-15.68246038
 30
0.0
 11
-0.1524
 21
-15.60990528
 31
0.0
  0
LINE
  5
59C
330
2F9
100
AcDbEntity
  8
BottomOverlay
100
AcDbLine
 10
0.60943744
 20
-16.12142318
 30
0.0
 11
0.57315862
 21
-16.01258926
 31
0.0
  0
LINE
  5
59D
330
2F9
100
AcDbEntity
  8
BottomOverlay
100
AcDbLine
 10
0.57315862
 20
-16.01258926
 30
0.0
 11
0.4643247
 21
-15.94003416
 31
0.0
  0
LINE
  5
59E
330
2F9
100
AcDbEntity
  8
BottomOverlay
100
AcDbLine
 10
0.4643247
 20
-15.94003416
 30
0.0
 11
0.28293568
 21
-15.90375534
 31
0.0
  0
LINE
  5
59F
330
2F9
100
AcDbEntity
  8
BottomOverlay
100
AcDbLine
 10
0.28293568
 20
-15.90375534
 30
0.0
 11
0.17410176
 21
-15.90375534
 31
0.0
  0
LINE
  5
5A0
330
2F9
100
AcDbEntity
  8
BottomOverlay
100
AcDbLine
 10
0.17410176
 20
-15.90375534
 30
0.0
 11
-0.00728726
 21
-15.94003416
 31
0.0
  0
LINE
  5
5A1
330
2F9
100
AcDbEntity
  8
BottomOverlay
100
AcDbLine
 10
-0.00728726
 20
-15.94003416
 30
0.0
 11
-0.11612118
 21
-16.01258926
 31
0.0
  0
LINE
  5
5A2
330
2F9
100
AcDbEntity
  8
BottomOverlay
100
AcDbLine
 10
-0.11612118
 20
-16.01258926
 30
0.0
 11
-0.1524
 21
-16.12142318
 31
0.0
  0
LINE
  5
5A3
330
2F9
100
AcDbEntity
  8
BottomOverlay
100
AcDbLine
 10
-0.1524
 20
-16.12142318
 30
0.0
 11
-0.1524
 21
-16.19397828
 31
0.0
  0
LINE
  5
5A4
330
2F9
100
AcDbEntity
  8
BottomOverlay
100
AcDbLine
 10
-0.1524
 20
-16.19397828
 30
0.0
 11
-0.11612118
 21
-16.3028122
 31
0.0
  0
LINE
  5
5A5
330
2F9
100
AcDbEntity
  8
BottomOverlay
100
AcDbLine
 10
-0.11612118
 20
-16.3028122
 30
0.0
 11
-0.00728726
 21
-16.3753673
 31
0.0
  0
LINE
  5
5A6
330
2F9
100
AcDbEntity
  8
BottomOverlay
100
AcDbLine
 10
-0.00728726
 20
-16.3753673
 30
0.0
 11
0.17410176
 21
-16.41164612
 31
0.0
  0
LINE
  5
5A7
330
2F9
100
AcDbEntity
  8
BottomOverlay
100
AcDbLine
 10
0.17410176
 20
-16.41164612
 30
0.0
 11
0.28293568
 21
-16.41164612
 31
0.0
  0
LINE
  5
5A8
330
2F9
100
AcDbEntity
  8
BottomOverlay
100
AcDbLine
 10
0.28293568
 20
-16.41164612
 30
0.0
 11
0.4643247
 21
-16.3753673
 31
0.0
  0
LINE
  5
5A9
330
2F9
100
AcDbEntity
  8
BottomOverlay
100
AcDbLine
 10
0.4643247
 20
-16.3753673
 30
0.0
 11
0.57315862
 21
-16.3028122
 31
0.0
  0
LINE
  5
5AA
330
2F9
100
AcDbEntity
  8
BottomOverlay
100
AcDbLine
 10
0.57315862
 20
-16.3028122
 30
0.0
 11
0.60943744
 21
-16.19397828
 31
0.0
  0
LINE
  5
5AB
330
2F9
100
AcDbEntity
  8
BottomOverlay
100
AcDbLine
 10
0.60943744
 20
-16.19397828
 30
0.0
 11
0.60943744
 21
-16.12142318
 31
0.0
  0
LINE
  5
5AC
330
2F9
100
AcDbEntity
  8
BottomOverlay
100
AcDbLine
 10
0.60943744
 20
-16.12142318
 30
0.0
 11
0.57315862
 21
-16.04886808
 31
0.0
  0
LINE
  5
5AD
330
2F9
100
AcDbEntity
  8
BottomOverlay
100
AcDbLine
 10
0.57315862
 20
-16.04886808
 30
0.0
 11
0.5368798
 21
-16.01258926
 31
0.0
  0
LINE
  5
5AE
330
2F9
100
AcDbEntity
  8
BottomOverlay
100
AcDbLine
 10
0.5368798
 20
-16.01258926
 30
0.0
 11
0.4643247
 21
-15.97631044
 31
0.0
  0
LINE
  5
5AF
330
2F9
100
AcDbEntity
  8
BottomOverlay
100
AcDbLine
 10
0.4643247
 20
-15.97631044
 30
0.0
 11
0.28293568
 21
-15.94003416
 31
0.0
  0
LINE
  5
5B0
330
2F9
100
AcDbEntity
  8
BottomOverlay
100
AcDbLine
 10
0.28293568
 20
-15.94003416
 30
0.0
 11
0.17410176
 21
-15.94003416
 31
0.0
  0
LINE
  5
5B1
330
2F9
100
AcDbEntity
  8
BottomOverlay
100
AcDbLine
 10
0.17410176
 20
-15.94003416
 30
0.0
 11
-0.00728726
 21
-15.97631044
 31
0.0
  0
LINE
  5
5B2
330
2F9
100
AcDbEntity
  8
BottomOverlay
100
AcDbLine
 10
-0.00728726
 20
-15.97631044
 30
0.0
 11
-0.0798449
 21
-16.01258926
 31
0.0
  0
LINE
  5
5B3
330
2F9
100
AcDbEntity
  8
BottomOverlay
100
AcDbLine
 10
-0.0798449
 20
-16.01258926
 30
0.0
 11
-0.11612118
 21
-16.04886808
 31
0.0
  0
LINE
  5
5B4
330
2F9
100
AcDbEntity
  8
BottomOverlay
100
AcDbLine
 10
-0.11612118
 20
-16.04886808
 30
0.0
 11
-0.1524
 21
-16.12142318
 31
0.0
  0
LINE
  5
5B5
330
2F9
100
AcDbEntity
  8
BottomOverlay
100
AcDbLine
 10
-0.1524
 20
-16.19397828
 30
0.0
 11
-0.11612118
 21
-16.26653592
 31
0.0
  0
LINE
  5
5B6
330
2F9
100
AcDbEntity
  8
BottomOverlay
100
AcDbLine
 10
-0.11612118
 20
-16.26653592
 30
0.0
 11
-0.0798449
 21
-16.3028122
 31
0.0
  0
LINE
  5
5B7
330
2F9
100
AcDbEntity
  8
BottomOverlay
100
AcDbLine
 10
-0.0798449
 20
-16.3028122
 30
0.0
 11
-0.00728726
 21
-16.33909102
 31
0.0
  0
LINE
  5
5B8
330
2F9
100
AcDbEntity
  8
BottomOverlay
100
AcDbLine
 10
-0.00728726
 20
-16.33909102
 30
0.0
 11
0.17410176
 21
-16.3753673
 31
0.0
  0
LINE
  5
5B9
330
2F9
100
AcDbEntity
  8
BottomOverlay
100
AcDbLine
 10
0.17410176
 20
-16.3753673
 30
0.0
 11
0.28293568
 21
-16.3753673
 31
0.0
  0
LINE
  5
5BA
330
2F9
100
AcDbEntity
  8
BottomOverlay
100
AcDbLine
 10
0.28293568
 20
-16.3753673
 30
0.0
 11
0.4643247
 21
-16.33909102
 31
0.0
  0
LINE
  5
5BB
330
2F9
100
AcDbEntity
  8
BottomOverlay
100
AcDbLine
 10
0.4643247
 20
-16.33909102
 30
0.0
 11
0.5368798
 21
-16.3028122
 31
0.0
  0
LINE
  5
5BC
330
2F9
100
AcDbEntity
  8
BottomOverlay
100
AcDbLine
 10
0.5368798
 20
-16.3028122
 30
0.0
 11
0.57315862
 21
-16.26653592
 31
0.0
  0
LINE
  5
5BD
330
2F9
100
AcDbEntity
  8
BottomOverlay
100
AcDbLine
 10
0.57315862
 20
-16.26653592
 30
0.0
 11
0.60943744
 21
-16.19397828
 31
0.0
  0
LINE
  5
5BE
330
2F9
100
AcDbEntity
  8
BottomOverlay
100
AcDbLine
 10
7.467437439999999
 20
-14.86623392
 30
0.0
 11
6.7056
 21
-14.86623392
 31
0.0
  0
LINE
  5
5BF
330
2F9
100
AcDbEntity
  8
BottomOverlay
100
AcDbLine
 10
7.467437439999999
 20
-14.90251274
 30
0.0
 11
6.7056
 21
-14.90251274
 31
0.0
  0
LINE
  5
5C0
330
2F9
100
AcDbEntity
  8
BottomOverlay
100
AcDbLine
 10
7.467437439999999
 20
-14.7574
 30
0.0
 11
7.467437439999999
 21
-15.19273568
 31
0.0
  0
LINE
  5
5C1
330
2F9
100
AcDbEntity
  8
BottomOverlay
100
AcDbLine
 10
7.467437439999999
 20
-15.19273568
 30
0.0
 11
7.43115862
 21
-15.3015696
 31
0.0
  0
LINE
  5
5C2
330
2F9
100
AcDbEntity
  8
BottomOverlay
100
AcDbLine
 10
7.43115862
 20
-15.3015696
 30
0.0
 11
7.3948798
 21
-15.33784588
 31
0.0
  0
LINE
  5
5C3
330
2F9
100
AcDbEntity
  8
BottomOverlay
100
AcDbLine
 10
7.3948798
 20
-15.33784588
 30
0.0
 11
7.322324699999999
 21
-15.3741247
 31
0.0
  0
LINE
  5
5C4
330
2F9
100
AcDbEntity
  8
BottomOverlay
100
AcDbLine
 10
7.322324699999999
 20
-15.3741247
 30
0.0
 11
7.2497696
 21
-15.3741247
 31
0.0
  0
LINE
  5
5C5
330
2F9
100
AcDbEntity
  8
BottomOverlay
100
AcDbLine
 10
7.2497696
 20
-15.3741247
 30
0.0
 11
7.177211959999999
 21
-15.33784588
 31
0.0
  0
LINE
  5
5C6
330
2F9
100
AcDbEntity
  8
BottomOverlay
100
AcDbLine
 10
7.177211959999999
 20
-15.33784588
 30
0.0
 11
7.140935679999999
 21
-15.3015696
 31
0.0
  0
LINE
  5
5C7
330
2F9
100
AcDbEntity
  8
BottomOverlay
100
AcDbLine
 10
7.140935679999999
 20
-15.3015696
 30
0.0
 11
7.10465686
 21
-15.19273568
 31
0.0
  0
LINE
  5
5C8
330
2F9
100
AcDbEntity
  8
BottomOverlay
100
AcDbLine
 10
7.467437439999999
 20
-15.19273568
 30
0.0
 11
7.43115862
 21
-15.26529078
 31
0.0
  0
LINE
  5
5C9
330
2F9
100
AcDbEntity
  8
BottomOverlay
100
AcDbLine
 10
7.43115862
 20
-15.26529078
 30
0.0
 11
7.3948798
 21
-15.3015696
 31
0.0
  0
LINE
  5
5CA
330
2F9
100
AcDbEntity
  8
BottomOverlay
100
AcDbLine
 10
7.3948798
 20
-15.3015696
 30
0.0
 11
7.322324699999999
 21
-15.33784588
 31
0.0
  0
LINE
  5
5CB
330
2F9
100
AcDbEntity
  8
BottomOverlay
100
AcDbLine
 10
7.322324699999999
 20
-15.33784588
 30
0.0
 11
7.2497696
 21
-15.33784588
 31
0.0
  0
LINE
  5
5CC
330
2F9
100
AcDbEntity
  8
BottomOverlay
100
AcDbLine
 10
7.2497696
 20
-15.33784588
 30
0.0
 11
7.177211959999999
 21
-15.3015696
 31
0.0
  0
LINE
  5
5CD
330
2F9
100
AcDbEntity
  8
BottomOverlay
100
AcDbLine
 10
7.177211959999999
 20
-15.3015696
 30
0.0
 11
7.140935679999999
 21
-15.26529078
 31
0.0
  0
LINE
  5
5CE
330
2F9
100
AcDbEntity
  8
BottomOverlay
100
AcDbLine
 10
7.140935679999999
 20
-15.26529078
 30
0.0
 11
7.10465686
 21
-15.19273568
 31
0.0
  0
LINE
  5
5CF
330
2F9
100
AcDbEntity
  8
BottomOverlay
100
AcDbLine
 10
7.10465686
 20
-14.90251274
 30
0.0
 11
7.10465686
 21
-15.19273568
 31
0.0
  0
LINE
  5
5D0
330
2F9
100
AcDbEntity
  8
BottomOverlay
100
AcDbLine
 10
7.10465686
 20
-15.19273568
 30
0.0
 11
7.068380579999999
 21
-15.3015696
 31
0.0
  0
LINE
  5
5D1
330
2F9
100
AcDbEntity
  8
BottomOverlay
100
AcDbLine
 10
7.068380579999999
 20
-15.3015696
 30
0.0
 11
7.03210176
 21
-15.33784588
 31
0.0
  0
LINE
  5
5D2
330
2F9
100
AcDbEntity
  8
BottomOverlay
100
AcDbLine
 10
7.03210176
 20
-15.33784588
 30
0.0
 11
6.95954666
 21
-15.3741247
 31
0.0
  0
LINE
  5
5D3
330
2F9
100
AcDbEntity
  8
BottomOverlay
100
AcDbLine
 10
6.95954666
 20
-15.3741247
 30
0.0
 11
6.85071274
 21
-15.3741247
 31
0.0
  0
LINE
  5
5D4
330
2F9
100
AcDbEntity
  8
BottomOverlay
100
AcDbLine
 10
6.85071274
 20
-15.3741247
 30
0.0
 11
6.778155099999999
 21
-15.33784588
 31
0.0
  0
LINE
  5
5D5
330
2F9
100
AcDbEntity
  8
BottomOverlay
100
AcDbLine
 10
6.778155099999999
 20
-15.33784588
 30
0.0
 11
6.741878819999999
 21
-15.3015696
 31
0.0
  0
LINE
  5
5D6
330
2F9
100
AcDbEntity
  8
BottomOverlay
100
AcDbLine
 10
6.741878819999999
 20
-15.3015696
 30
0.0
 11
6.7056
 21
-15.19273568
 31
0.0
  0
LINE
  5
5D7
330
2F9
100
AcDbEntity
  8
BottomOverlay
100
AcDbLine
 10
6.7056
 20
-15.19273568
 30
0.0
 11
6.7056
 21
-14.7574
 31
0.0
  0
LINE
  5
5D8
330
2F9
100
AcDbEntity
  8
BottomOverlay
100
AcDbLine
 10
7.10465686
 20
-15.19273568
 30
0.0
 11
7.068380579999999
 21
-15.26529078
 31
0.0
  0
LINE
  5
5D9
330
2F9
100
AcDbEntity
  8
BottomOverlay
100
AcDbLine
 10
7.068380579999999
 20
-15.26529078
 30
0.0
 11
7.03210176
 21
-15.3015696
 31
0.0
  0
LINE
  5
5DA
330
2F9
100
AcDbEntity
  8
BottomOverlay
100
AcDbLine
 10
7.03210176
 20
-15.3015696
 30
0.0
 11
6.95954666
 21
-15.33784588
 31
0.0
  0
LINE
  5
5DB
330
2F9
100
AcDbEntity
  8
BottomOverlay
100
AcDbLine
 10
6.95954666
 20
-15.33784588
 30
0.0
 11
6.85071274
 21
-15.33784588
 31
0.0
  0
LINE
  5
5DC
330
2F9
100
AcDbEntity
  8
BottomOverlay
100
AcDbLine
 10
6.85071274
 20
-15.33784588
 30
0.0
 11
6.778155099999999
 21
-15.3015696
 31
0.0
  0
LINE
  5
5DD
330
2F9
100
AcDbEntity
  8
BottomOverlay
100
AcDbLine
 10
6.778155099999999
 20
-15.3015696
 30
0.0
 11
6.741878819999999
 21
-15.26529078
 31
0.0
  0
LINE
  5
5DE
330
2F9
100
AcDbEntity
  8
BottomOverlay
100
AcDbLine
 10
6.741878819999999
 20
-15.26529078
 30
0.0
 11
6.7056
 21
-15.19273568
 31
0.0
  0
LINE
  5
5DF
330
2F9
100
AcDbEntity
  8
BottomOverlay
100
AcDbLine
 10
7.322324699999999
 20
-15.5119832
 30
0.0
 11
7.28604588
 21
-15.54825948
 31
0.0
  0
LINE
  5
5E0
330
2F9
100
AcDbEntity
  8
BottomOverlay
100
AcDbLine
 10
7.28604588
 20
-15.54825948
 30
0.0
 11
7.2497696
 21
-15.5119832
 31
0.0
  0
LINE
  5
5E1
330
2F9
100
AcDbEntity
  8
BottomOverlay
100
AcDbLine
 10
7.2497696
 20
-15.5119832
 30
0.0
 11
7.28604588
 21
-15.47570438
 31
0.0
  0
LINE
  5
5E2
330
2F9
100
AcDbEntity
  8
BottomOverlay
100
AcDbLine
 10
7.28604588
 20
-15.47570438
 30
0.0
 11
7.322324699999999
 21
-15.47570438
 31
0.0
  0
LINE
  5
5E3
330
2F9
100
AcDbEntity
  8
BottomOverlay
100
AcDbLine
 10
7.322324699999999
 20
-15.47570438
 30
0.0
 11
7.3948798
 21
-15.5119832
 31
0.0
  0
LINE
  5
5E4
330
2F9
100
AcDbEntity
  8
BottomOverlay
100
AcDbLine
 10
7.3948798
 20
-15.5119832
 30
0.0
 11
7.43115862
 21
-15.54825948
 31
0.0
  0
LINE
  5
5E5
330
2F9
100
AcDbEntity
  8
BottomOverlay
100
AcDbLine
 10
7.43115862
 20
-15.54825948
 30
0.0
 11
7.467437439999999
 21
-15.6570934
 31
0.0
  0
LINE
  5
5E6
330
2F9
100
AcDbEntity
  8
BottomOverlay
100
AcDbLine
 10
7.467437439999999
 20
-15.6570934
 30
0.0
 11
7.467437439999999
 21
-15.80220614
 31
0.0
  0
LINE
  5
5E7
330
2F9
100
AcDbEntity
  8
BottomOverlay
100
AcDbLine
 10
7.467437439999999
 20
-15.80220614
 30
0.0
 11
7.43115862
 21
-15.91104006
 31
0.0
  0
LINE
  5
5E8
330
2F9
100
AcDbEntity
  8
BottomOverlay
100
AcDbLine
 10
7.43115862
 20
-15.91104006
 30
0.0
 11
7.35860352
 21
-15.94731634
 31
0.0
  0
LINE
  5
5E9
330
2F9
100
AcDbEntity
  8
BottomOverlay
100
AcDbLine
 10
7.35860352
 20
-15.94731634
 30
0.0
 11
7.2497696
 21
-15.94731634
 31
0.0
  0
LINE
  5
5EA
330
2F9
100
AcDbEntity
  8
BottomOverlay
100
AcDbLine
 10
7.2497696
 20
-15.94731634
 30
0.0
 11
7.177211959999999
 21
-15.91104006
 31
0.0
  0
LINE
  5
5EB
330
2F9
100
AcDbEntity
  8
BottomOverlay
100
AcDbLine
 10
7.177211959999999
 20
-15.91104006
 30
0.0
 11
7.140935679999999
 21
-15.80220614
 31
0.0
  0
LINE
  5
5EC
330
2F9
100
AcDbEntity
  8
BottomOverlay
100
AcDbLine
 10
7.140935679999999
 20
-15.80220614
 30
0.0
 11
7.140935679999999
 21
-15.69337222
 31
0.0
  0
LINE
  5
5ED
330
2F9
100
AcDbEntity
  8
BottomOverlay
100
AcDbLine
 10
7.467437439999999
 20
-15.80220614
 30
0.0
 11
7.43115862
 21
-15.87476124
 31
0.0
  0
LINE
  5
5EE
330
2F9
100
AcDbEntity
  8
BottomOverlay
100
AcDbLine
 10
7.43115862
 20
-15.87476124
 30
0.0
 11
7.35860352
 21
-15.91104006
 31
0.0
  0
LINE
  5
5EF
330
2F9
100
AcDbEntity
  8
BottomOverlay
100
AcDbLine
 10
7.35860352
 20
-15.91104006
 30
0.0
 11
7.2497696
 21
-15.91104006
 31
0.0
  0
LINE
  5
5F0
330
2F9
100
AcDbEntity
  8
BottomOverlay
100
AcDbLine
 10
7.2497696
 20
-15.91104006
 30
0.0
 11
7.177211959999999
 21
-15.87476124
 31
0.0
  0
LINE
  5
5F1
330
2F9
100
AcDbEntity
  8
BottomOverlay
100
AcDbLine
 10
7.177211959999999
 20
-15.87476124
 30
0.0
 11
7.140935679999999
 21
-15.80220614
 31
0.0
  0
LINE
  5
5F2
330
2F9
100
AcDbEntity
  8
BottomOverlay
100
AcDbLine
 10
7.140935679999999
 20
-15.80220614
 30
0.0
 11
7.10465686
 21
-15.87476124
 31
0.0
  0
LINE
  5
5F3
330
2F9
100
AcDbEntity
  8
BottomOverlay
100
AcDbLine
 10
7.10465686
 20
-15.87476124
 30
0.0
 11
7.03210176
 21
-15.94731634
 31
0.0
  0
LINE
  5
5F4
330
2F9
100
AcDbEntity
  8
BottomOverlay
100
AcDbLine
 10
7.03210176
 20
-15.94731634
 30
0.0
 11
6.95954666
 21
-15.98359516
 31
0.0
  0
LINE
  5
5F5
330
2F9
100
AcDbEntity
  8
BottomOverlay
100
AcDbLine
 10
6.95954666
 20
-15.98359516
 30
0.0
 11
6.85071274
 21
-15.98359516
 31
0.0
  0
LINE
  5
5F6
330
2F9
100
AcDbEntity
  8
BottomOverlay
100
AcDbLine
 10
6.85071274
 20
-15.98359516
 30
0.0
 11
6.778155099999999
 21
-15.94731634
 31
0.0
  0
LINE
  5
5F7
330
2F9
100
AcDbEntity
  8
BottomOverlay
100
AcDbLine
 10
6.778155099999999
 20
-15.94731634
 30
0.0
 11
6.741878819999999
 21
-15.91104006
 31
0.0
  0
LINE
  5
5F8
330
2F9
100
AcDbEntity
  8
BottomOverlay
100
AcDbLine
 10
6.741878819999999
 20
-15.91104006
 30
0.0
 11
6.7056
 21
-15.80220614
 31
0.0
  0
LINE
  5
5F9
330
2F9
100
AcDbEntity
  8
BottomOverlay
100
AcDbLine
 10
6.7056
 20
-15.80220614
 30
0.0
 11
6.7056
 21
-15.6570934
 31
0.0
  0
LINE
  5
5FA
330
2F9
100
AcDbEntity
  8
BottomOverlay
100
AcDbLine
 10
6.7056
 20
-15.6570934
 30
0.0
 11
6.741878819999999
 21
-15.54825948
 31
0.0
  0
LINE
  5
5FB
330
2F9
100
AcDbEntity
  8
BottomOverlay
100
AcDbLine
 10
6.741878819999999
 20
-15.54825948
 30
0.0
 11
6.778155099999999
 21
-15.5119832
 31
0.0
  0
LINE
  5
5FC
330
2F9
100
AcDbEntity
  8
BottomOverlay
100
AcDbLine
 10
6.778155099999999
 20
-15.5119832
 30
0.0
 11
6.85071274
 21
-15.47570438
 31
0.0
  0
LINE
  5
5FD
330
2F9
100
AcDbEntity
  8
BottomOverlay
100
AcDbLine
 10
6.85071274
 20
-15.47570438
 30
0.0
 11
6.88698902
 21
-15.47570438
 31
0.0
  0
LINE
  5
5FE
330
2F9
100
AcDbEntity
  8
BottomOverlay
100
AcDbLine
 10
6.88698902
 20
-15.47570438
 30
0.0
 11
6.923267839999999
 21
-15.5119832
 31
0.0
  0
LINE
  5
5FF
330
2F9
100
AcDbEntity
  8
BottomOverlay
100
AcDbLine
 10
6.923267839999999
 20
-15.5119832
 30
0.0
 11
6.88698902
 21
-15.54825948
 31
0.0
  0
LINE
  5
600
330
2F9
100
AcDbEntity
  8
BottomOverlay
100
AcDbLine
 10
6.88698902
 20
-15.54825948
 30
0.0
 11
6.85071274
 21
-15.5119832
 31
0.0
  0
LINE
  5
601
330
2F9
100
AcDbEntity
  8
BottomOverlay
100
AcDbLine
 10
7.068380579999999
 20
-15.91104006
 30
0.0
 11
6.95954666
 21
-15.94731634
 31
0.0
  0
LINE
  5
602
330
2F9
100
AcDbEntity
  8
BottomOverlay
100
AcDbLine
 10
6.95954666
 20
-15.94731634
 30
0.0
 11
6.85071274
 21
-15.94731634
 31
0.0
  0
LINE
  5
603
330
2F9
100
AcDbEntity
  8
BottomOverlay
100
AcDbLine
 10
6.85071274
 20
-15.94731634
 30
0.0
 11
6.778155099999999
 21
-15.91104006
 31
0.0
  0
LINE
  5
604
330
2F9
100
AcDbEntity
  8
BottomOverlay
100
AcDbLine
 10
6.778155099999999
 20
-15.91104006
 30
0.0
 11
6.741878819999999
 21
-15.87476124
 31
0.0
  0
LINE
  5
605
330
2F9
100
AcDbEntity
  8
BottomOverlay
100
AcDbLine
 10
6.741878819999999
 20
-15.87476124
 30
0.0
 11
6.7056
 21
-15.80220614
 31
0.0
  0
LINE
  5
606
330
2F9
100
AcDbEntity
  8
BottomOverlay
100
AcDbLine
 10
7.467437439999999
 20
-16.31372404
 30
0.0
 11
7.43115862
 21
-16.20489012
 31
0.0
  0
LINE
  5
607
330
2F9
100
AcDbEntity
  8
BottomOverlay
100
AcDbLine
 10
7.43115862
 20
-16.20489012
 30
0.0
 11
7.322324699999999
 21
-16.13233502
 31
0.0
  0
LINE
  5
608
330
2F9
100
AcDbEntity
  8
BottomOverlay
100
AcDbLine
 10
7.322324699999999
 20
-16.13233502
 30
0.0
 11
7.140935679999999
 21
-16.0960562
 31
0.0
  0
LINE
  5
609
330
2F9
100
AcDbEntity
  8
BottomOverlay
100
AcDbLine
 10
7.140935679999999
 20
-16.0960562
 30
0.0
 11
7.03210176
 21
-16.0960562
 31
0.0
  0
LINE
  5
60A
330
2F9
100
AcDbEntity
  8
BottomOverlay
100
AcDbLine
 10
7.03210176
 20
-16.0960562
 30
0.0
 11
6.85071274
 21
-16.13233502
 31
0.0
  0
LINE
  5
60B
330
2F9
100
AcDbEntity
  8
BottomOverlay
100
AcDbLine
 10
6.85071274
 20
-16.13233502
 30
0.0
 11
6.741878819999999
 21
-16.20489012
 31
0.0
  0
LINE
  5
60C
330
2F9
100
AcDbEntity
  8
BottomOverlay
100
AcDbLine
 10
6.741878819999999
 20
-16.20489012
 30
0.0
 11
6.7056
 21
-16.31372404
 31
0.0
  0
LINE
  5
60D
330
2F9
100
AcDbEntity
  8
BottomOverlay
100
AcDbLine
 10
6.7056
 20
-16.31372404
 30
0.0
 11
6.7056
 21
-16.38627914
 31
0.0
  0
LINE
  5
60E
330
2F9
100
AcDbEntity
  8
BottomOverlay
100
AcDbLine
 10
6.7056
 20
-16.38627914
 30
0.0
 11
6.741878819999999
 21
-16.49511306
 31
0.0
  0
LINE
  5
60F
330
2F9
100
AcDbEntity
  8
BottomOverlay
100
AcDbLine
 10
6.741878819999999
 20
-16.49511306
 30
0.0
 11
6.85071274
 21
-16.56766816
 31
0.0
  0
LINE
  5
610
330
2F9
100
AcDbEntity
  8
BottomOverlay
100
AcDbLine
 10
6.85071274
 20
-16.56766816
 30
0.0
 11
7.03210176
 21
-16.60394698
 31
0.0
  0
LINE
  5
611
330
2F9
100
AcDbEntity
  8
BottomOverlay
100
AcDbLine
 10
7.03210176
 20
-16.60394698
 30
0.0
 11
7.140935679999999
 21
-16.60394698
 31
0.0
  0
LINE
  5
612
330
2F9
100
AcDbEntity
  8
BottomOverlay
100
AcDbLine
 10
7.140935679999999
 20
-16.60394698
 30
0.0
 11
7.322324699999999
 21
-16.56766816
 31
0.0
  0
LINE
  5
613
330
2F9
100
AcDbEntity
  8
BottomOverlay
100
AcDbLine
 10
7.322324699999999
 20
-16.56766816
 30
0.0
 11
7.43115862
 21
-16.49511306
 31
0.0
  0
LINE
  5
614
330
2F9
100
AcDbEntity
  8
BottomOverlay
100
AcDbLine
 10
7.43115862
 20
-16.49511306
 30
0.0
 11
7.467437439999999
 21
-16.38627914
 31
0.0
  0
LINE
  5
615
330
2F9
100
AcDbEntity
  8
BottomOverlay
100
AcDbLine
 10
7.467437439999999
 20
-16.38627914
 30
0.0
 11
7.467437439999999
 21
-16.31372404
 31
0.0
  0
LINE
  5
616
330
2F9
100
AcDbEntity
  8
BottomOverlay
100
AcDbLine
 10
7.467437439999999
 20
-16.31372404
 30
0.0
 11
7.43115862
 21
-16.24116894
 31
0.0
  0
LINE
  5
617
330
2F9
100
AcDbEntity
  8
BottomOverlay
100
AcDbLine
 10
7.43115862
 20
-16.24116894
 30
0.0
 11
7.3948798
 21
-16.20489012
 31
0.0
  0
LINE
  5
618
330
2F9
100
AcDbEntity
  8
BottomOverlay
100
AcDbLine
 10
7.3948798
 20
-16.20489012
 30
0.0
 11
7.322324699999999
 21
-16.1686113
 31
0.0
  0
LINE
  5
619
330
2F9
100
AcDbEntity
  8
BottomOverlay
100
AcDbLine
 10
7.322324699999999
 20
-16.1686113
 30
0.0
 11
7.140935679999999
 21
-16.13233502
 31
0.0
  0
LINE
  5
61A
330
2F9
100
AcDbEntity
  8
BottomOverlay
100
AcDbLine
 10
7.140935679999999
 20
-16.13233502
 30
0.0
 11
7.03210176
 21
-16.13233502
 31
0.0
  0
LINE
  5
61B
330
2F9
100
AcDbEntity
  8
BottomOverlay
100
AcDbLine
 10
7.03210176
 20
-16.13233502
 30
0.0
 11
6.85071274
 21
-16.1686113
 31
0.0
  0
LINE
  5
61C
330
2F9
100
AcDbEntity
  8
BottomOverlay
100
AcDbLine
 10
6.85071274
 20
-16.1686113
 30
0.0
 11
6.778155099999999
 21
-16.20489012
 31
0.0
  0
LINE
  5
61D
330
2F9
100
AcDbEntity
  8
BottomOverlay
100
AcDbLine
 10
6.778155099999999
 20
-16.20489012
 30
0.0
 11
6.741878819999999
 21
-16.24116894
 31
0.0
  0
LINE
  5
61E
330
2F9
100
AcDbEntity
  8
BottomOverlay
100
AcDbLine
 10
6.741878819999999
 20
-16.24116894
 30
0.0
 11
6.7056
 21
-16.31372404
 31
0.0
  0
LINE
  5
61F
330
2F9
100
AcDbEntity
  8
BottomOverlay
100
AcDbLine
 10
6.7056
 20
-16.38627914
 30
0.0
 11
6.741878819999999
 21
-16.45883678
 31
0.0
  0
LINE
  5
620
330
2F9
100
AcDbEntity
  8
BottomOverlay
100
AcDbLine
 10
6.741878819999999
 20
-16.45883678
 30
0.0
 11
6.778155099999999
 21
-16.49511306
 31
0.0
  0
LINE
  5
621
330
2F9
100
AcDbEntity
  8
BottomOverlay
100
AcDbLine
 10
6.778155099999999
 20
-16.49511306
 30
0.0
 11
6.85071274
 21
-16.53139188
 31
0.0
  0
LINE
  5
622
330
2F9
100
AcDbEntity
  8
BottomOverlay
100
AcDbLine
 10
6.85071274
 20
-16.53139188
 30
0.0
 11
7.03210176
 21
-16.56766816
 31
0.0
  0
LINE
  5
623
330
2F9
100
AcDbEntity
  8
BottomOverlay
100
AcDbLine
 10
7.03210176
 20
-16.56766816
 30
0.0
 11
7.140935679999999
 21
-16.56766816
 31
0.0
  0
LINE
  5
624
330
2F9
100
AcDbEntity
  8
BottomOverlay
100
AcDbLine
 10
7.140935679999999
 20
-16.56766816
 30
0.0
 11
7.322324699999999
 21
-16.53139188
 31
0.0
  0
LINE
  5
625
330
2F9
100
AcDbEntity
  8
BottomOverlay
100
AcDbLine
 10
7.322324699999999
 20
-16.53139188
 30
0.0
 11
7.3948798
 21
-16.49511306
 31
0.0
  0
LINE
  5
626
330
2F9
100
AcDbEntity
  8
BottomOverlay
100
AcDbLine
 10
7.3948798
 20
-16.49511306
 30
0.0
 11
7.43115862
 21
-16.45883678
 31
0.0
  0
LINE
  5
627
330
2F9
100
AcDbEntity
  8
BottomOverlay
100
AcDbLine
 10
7.43115862
 20
-16.45883678
 30
0.0
 11
7.467437439999999
 21
-16.38627914
 31
0.0
  0
LINE
  5
628
330
2F9
100
AcDbEntity
  8
BottomOverlay
100
AcDbLine
 10
10.64243744
 20
-15.08390176
 30
0.0
 11
9.8806
 21
-14.8299551
 31
0.0
  0
LINE
  5
629
330
2F9
100
AcDbEntity
  8
BottomOverlay
100
AcDbLine
 10
10.64243744
 20
-15.08390176
 30
0.0
 11
9.8806
 21
-15.33784588
 31
0.0
  0
LINE
  5
62A
330
2F9
100
AcDbEntity
  8
BottomOverlay
100
AcDbLine
 10
10.53360352
 20
-15.08390176
 30
0.0
 11
9.8806
 21
-15.3015696
 31
0.0
  0
LINE
  5
62B
330
2F9
100
AcDbEntity
  8
BottomOverlay
100
AcDbLine
 10
10.09826784
 20
-14.90251274
 30
0.0
 11
10.09826784
 21
-15.22901196
 31
0.0
  0
LINE
  5
62C
330
2F9
100
AcDbEntity
  8
BottomOverlay
100
AcDbLine
 10
9.8806
 20
-14.7574
 30
0.0
 11
9.8806
 21
-14.97506784
 31
0.0
  0
LINE
  5
62D
330
2F9
100
AcDbEntity
  8
BottomOverlay
100
AcDbLine
 10
9.8806
 20
-15.19273568
 30
0.0
 11
9.8806
 21
-15.41040352
 31
0.0
  0
LINE
  5
62E
330
2F9
100
AcDbEntity
  8
BottomOverlay
100
AcDbLine
 10
10.4973247
 20
-15.54463236
 30
0.0
 11
10.46104588
 21
-15.58090864
 31
0.0
  0
LINE
  5
62F
330
2F9
100
AcDbEntity
  8
BottomOverlay
100
AcDbLine
 10
10.46104588
 20
-15.58090864
 30
0.0
 11
10.4247696
 21
-15.54463236
 31
0.0
  0
LINE
  5
630
330
2F9
100
AcDbEntity
  8
BottomOverlay
100
AcDbLine
 10
10.4247696
 20
-15.54463236
 30
0.0
 11
10.46104588
 21
-15.50835354
 31
0.0
  0
LINE
  5
631
330
2F9
100
AcDbEntity
  8
BottomOverlay
100
AcDbLine
 10
10.46104588
 20
-15.50835354
 30
0.0
 11
10.4973247
 21
-15.50835354
 31
0.0
  0
LINE
  5
632
330
2F9
100
AcDbEntity
  8
BottomOverlay
100
AcDbLine
 10
10.4973247
 20
-15.50835354
 30
0.0
 11
10.5698798
 21
-15.54463236
 31
0.0
  0
LINE
  5
633
330
2F9
100
AcDbEntity
  8
BottomOverlay
100
AcDbLine
 10
10.5698798
 20
-15.54463236
 30
0.0
 11
10.60615862
 21
-15.58090864
 31
0.0
  0
LINE
  5
634
330
2F9
100
AcDbEntity
  8
BottomOverlay
100
AcDbLine
 10
10.60615862
 20
-15.58090864
 30
0.0
 11
10.64243744
 21
-15.68974256
 31
0.0
  0
LINE
  5
635
330
2F9
100
AcDbEntity
  8
BottomOverlay
100
AcDbLine
 10
10.64243744
 20
-15.68974256
 30
0.0
 11
10.64243744
 21
-15.8348553
 31
0.0
  0
LINE
  5
636
330
2F9
100
AcDbEntity
  8
BottomOverlay
100
AcDbLine
 10
10.64243744
 20
-15.8348553
 30
0.0
 11
10.60615862
 21
-15.94368922
 31
0.0
  0
LINE
  5
637
330
2F9
100
AcDbEntity
  8
BottomOverlay
100
AcDbLine
 10
10.60615862
 20
-15.94368922
 30
0.0
 11
10.53360352
 21
-15.9799655
 31
0.0
  0
LINE
  5
638
330
2F9
100
AcDbEntity
  8
BottomOverlay
100
AcDbLine
 10
10.53360352
 20
-15.9799655
 30
0.0
 11
10.4247696
 21
-15.9799655
 31
0.0
  0
LINE
  5
639
330
2F9
100
AcDbEntity
  8
BottomOverlay
100
AcDbLine
 10
10.4247696
 20
-15.9799655
 30
0.0
 11
10.35221196
 21
-15.94368922
 31
0.0
  0
LINE
  5
63A
330
2F9
100
AcDbEntity
  8
BottomOverlay
100
AcDbLine
 10
10.35221196
 20
-15.94368922
 30
0.0
 11
10.31593568
 21
-15.8348553
 31
0.0
  0
LINE
  5
63B
330
2F9
100
AcDbEntity
  8
BottomOverlay
100
AcDbLine
 10
10.31593568
 20
-15.8348553
 30
0.0
 11
10.31593568
 21
-15.72602138
 31
0.0
  0
LINE
  5
63C
330
2F9
100
AcDbEntity
  8
BottomOverlay
100
AcDbLine
 10
10.64243744
 20
-15.8348553
 30
0.0
 11
10.60615862
 21
-15.9074104
 31
0.0
  0
LINE
  5
63D
330
2F9
100
AcDbEntity
  8
BottomOverlay
100
AcDbLine
 10
10.60615862
 20
-15.9074104
 30
0.0
 11
10.53360352
 21
-15.94368922
 31
0.0
  0
LINE
  5
63E
330
2F9
100
AcDbEntity
  8
BottomOverlay
100
AcDbLine
 10
10.53360352
 20
-15.94368922
 30
0.0
 11
10.4247696
 21
-15.94368922
 31
0.0
  0
LINE
  5
63F
330
2F9
100
AcDbEntity
  8
BottomOverlay
100
AcDbLine
 10
10.4247696
 20
-15.94368922
 30
0.0
 11
10.35221196
 21
-15.9074104
 31
0.0
  0
LINE
  5
640
330
2F9
100
AcDbEntity
  8
BottomOverlay
100
AcDbLine
 10
10.35221196
 20
-15.9074104
 30
0.0
 11
10.31593568
 21
-15.8348553
 31
0.0
  0
LINE
  5
641
330
2F9
100
AcDbEntity
  8
BottomOverlay
100
AcDbLine
 10
10.31593568
 20
-15.8348553
 30
0.0
 11
10.27965686
 21
-15.9074104
 31
0.0
  0
LINE
  5
642
330
2F9
100
AcDbEntity
  8
BottomOverlay
100
AcDbLine
 10
10.27965686
 20
-15.9074104
 30
0.0
 11
10.20710176
 21
-15.9799655
 31
0.0
  0
LINE
  5
643
330
2F9
100
AcDbEntity
  8
BottomOverlay
100
AcDbLine
 10
10.20710176
 20
-15.9799655
 30
0.0
 11
10.13454666
 21
-16.01624432
 31
0.0
  0
LINE
  5
644
330
2F9
100
AcDbEntity
  8
BottomOverlay
100
AcDbLine
 10
10.13454666
 20
-16.01624432
 30
0.0
 11
10.02571274
 21
-16.01624432
 31
0.0
  0
LINE
  5
645
330
2F9
100
AcDbEntity
  8
BottomOverlay
100
AcDbLine
 10
10.02571274
 20
-16.01624432
 30
0.0
 11
9.9531551
 21
-15.9799655
 31
0.0
  0
LINE
  5
646
330
2F9
100
AcDbEntity
  8
BottomOverlay
100
AcDbLine
 10
9.9531551
 20
-15.9799655
 30
0.0
 11
9.916878819999999
 21
-15.94368922
 31
0.0
  0
LINE
  5
647
330
2F9
100
AcDbEntity
  8
BottomOverlay
100
AcDbLine
 10
9.916878819999999
 20
-15.94368922
 30
0.0
 11
9.8806
 21
-15.8348553
 31
0.0
  0
LINE
  5
648
330
2F9
100
AcDbEntity
  8
BottomOverlay
100
AcDbLine
 10
9.8806
 20
-15.8348553
 30
0.0
 11
9.8806
 21
-15.68974256
 31
0.0
  0
LINE
  5
649
330
2F9
100
AcDbEntity
  8
BottomOverlay
100
AcDbLine
 10
9.8806
 20
-15.68974256
 30
0.0
 11
9.916878819999999
 21
-15.58090864
 31
0.0
  0
LINE
  5
64A
330
2F9
100
AcDbEntity
  8
BottomOverlay
100
AcDbLine
 10
9.916878819999999
 20
-15.58090864
 30
0.0
 11
9.9531551
 21
-15.54463236
 31
0.0
  0
LINE
  5
64B
330
2F9
100
AcDbEntity
  8
BottomOverlay
100
AcDbLine
 10
9.9531551
 20
-15.54463236
 30
0.0
 11
10.02571274
 21
-15.50835354
 31
0.0
  0
LINE
  5
64C
330
2F9
100
AcDbEntity
  8
BottomOverlay
100
AcDbLine
 10
10.02571274
 20
-15.50835354
 30
0.0
 11
10.06198902
 21
-15.50835354
 31
0.0
  0
LINE
  5
64D
330
2F9
100
AcDbEntity
  8
BottomOverlay
100
AcDbLine
 10
10.06198902
 20
-15.50835354
 30
0.0
 11
10.09826784
 21
-15.54463236
 31
0.0
  0
LINE
  5
64E
330
2F9
100
AcDbEntity
  8
BottomOverlay
100
AcDbLine
 10
10.09826784
 20
-15.54463236
 30
0.0
 11
10.06198902
 21
-15.58090864
 31
0.0
  0
LINE
  5
64F
330
2F9
100
AcDbEntity
  8
BottomOverlay
100
AcDbLine
 10
10.06198902
 20
-15.58090864
 30
0.0
 11
10.02571274
 21
-15.54463236
 31
0.0
  0
LINE
  5
650
330
2F9
100
AcDbEntity
  8
BottomOverlay
100
AcDbLine
 10
10.24338058
 20
-15.94368922
 30
0.0
 11
10.13454666
 21
-15.9799655
 31
0.0
  0
LINE
  5
651
330
2F9
100
AcDbEntity
  8
BottomOverlay
100
AcDbLine
 10
10.13454666
 20
-15.9799655
 30
0.0
 11
10.02571274
 21
-15.9799655
 31
0.0
  0
LINE
  5
652
330
2F9
100
AcDbEntity
  8
BottomOverlay
100
AcDbLine
 10
10.02571274
 20
-15.9799655
 30
0.0
 11
9.9531551
 21
-15.94368922
 31
0.0
  0
LINE
  5
653
330
2F9
100
AcDbEntity
  8
BottomOverlay
100
AcDbLine
 10
9.9531551
 20
-15.94368922
 30
0.0
 11
9.916878819999999
 21
-15.9074104
 31
0.0
  0
LINE
  5
654
330
2F9
100
AcDbEntity
  8
BottomOverlay
100
AcDbLine
 10
9.916878819999999
 20
-15.9074104
 30
0.0
 11
9.8806
 21
-15.8348553
 31
0.0
  0
LINE
  5
655
330
2F9
100
AcDbEntity
  8
BottomOverlay
100
AcDbLine
 10
10.64243744
 20
-16.3463732
 30
0.0
 11
10.60615862
 21
-16.23753928
 31
0.0
  0
LINE
  5
656
330
2F9
100
AcDbEntity
  8
BottomOverlay
100
AcDbLine
 10
10.60615862
 20
-16.23753928
 30
0.0
 11
10.4973247
 21
-16.16498418
 31
0.0
  0
LINE
  5
657
330
2F9
100
AcDbEntity
  8
BottomOverlay
100
AcDbLine
 10
10.4973247
 20
-16.16498418
 30
0.0
 11
10.31593568
 21
-16.12870536
 31
0.0
  0
LINE
  5
658
330
2F9
100
AcDbEntity
  8
BottomOverlay
100
AcDbLine
 10
10.31593568
 20
-16.12870536
 30
0.0
 11
10.20710176
 21
-16.12870536
 31
0.0
  0
LINE
  5
659
330
2F9
100
AcDbEntity
  8
BottomOverlay
100
AcDbLine
 10
10.20710176
 20
-16.12870536
 30
0.0
 11
10.02571274
 21
-16.16498418
 31
0.0
  0
LINE
  5
65A
330
2F9
100
AcDbEntity
  8
BottomOverlay
100
AcDbLine
 10
10.02571274
 20
-16.16498418
 30
0.0
 11
9.916878819999999
 21
-16.23753928
 31
0.0
  0
LINE
  5
65B
330
2F9
100
AcDbEntity
  8
BottomOverlay
100
AcDbLine
 10
9.916878819999999
 20
-16.23753928
 30
0.0
 11
9.8806
 21
-16.3463732
 31
0.0
  0
LINE
  5
65C
330
2F9
100
AcDbEntity
  8
BottomOverlay
100
AcDbLine
 10
9.8806
 20
-16.3463732
 30
0.0
 11
9.8806
 21
-16.4189283
 31
0.0
  0
LINE
  5
65D
330
2F9
100
AcDbEntity
  8
BottomOverlay
100
AcDbLine
 10
9.8806
 20
-16.4189283
 30
0.0
 11
9.916878819999999
 21
-16.52776222
 31
0.0
  0
LINE
  5
65E
330
2F9
100
AcDbEntity
  8
BottomOverlay
100
AcDbLine
 10
9.916878819999999
 20
-16.52776222
 30
0.0
 11
10.02571274
 21
-16.60031732
 31
0.0
  0
LINE
  5
65F
330
2F9
100
AcDbEntity
  8
BottomOverlay
100
AcDbLine
 10
10.02571274
 20
-16.60031732
 30
0.0
 11
10.20710176
 21
-16.63659614
 31
0.0
  0
LINE
  5
660
330
2F9
100
AcDbEntity
  8
BottomOverlay
100
AcDbLine
 10
10.20710176
 20
-16.63659614
 30
0.0
 11
10.31593568
 21
-16.63659614
 31
0.0
  0
LINE
  5
661
330
2F9
100
AcDbEntity
  8
BottomOverlay
100
AcDbLine
 10
10.31593568
 20
-16.63659614
 30
0.0
 11
10.4973247
 21
-16.60031732
 31
0.0
  0
LINE
  5
662
330
2F9
100
AcDbEntity
  8
BottomOverlay
100
AcDbLine
 10
10.4973247
 20
-16.60031732
 30
0.0
 11
10.60615862
 21
-16.52776222
 31
0.0
  0
LINE
  5
663
330
2F9
100
AcDbEntity
  8
BottomOverlay
100
AcDbLine
 10
10.60615862
 20
-16.52776222
 30
0.0
 11
10.64243744
 21
-16.4189283
 31
0.0
  0
LINE
  5
664
330
2F9
100
AcDbEntity
  8
BottomOverlay
100
AcDbLine
 10
10.64243744
 20
-16.4189283
 30
0.0
 11
10.64243744
 21
-16.3463732
 31
0.0
  0
LINE
  5
665
330
2F9
100
AcDbEntity
  8
BottomOverlay
100
AcDbLine
 10
10.64243744
 20
-16.3463732
 30
0.0
 11
10.60615862
 21
-16.2738181
 31
0.0
  0
LINE
  5
666
330
2F9
100
AcDbEntity
  8
BottomOverlay
100
AcDbLine
 10
10.60615862
 20
-16.2738181
 30
0.0
 11
10.5698798
 21
-16.23753928
 31
0.0
  0
LINE
  5
667
330
2F9
100
AcDbEntity
  8
BottomOverlay
100
AcDbLine
 10
10.5698798
 20
-16.23753928
 30
0.0
 11
10.4973247
 21
-16.20126046
 31
0.0
  0
LINE
  5
668
330
2F9
100
AcDbEntity
  8
BottomOverlay
100
AcDbLine
 10
10.4973247
 20
-16.20126046
 30
0.0
 11
10.31593568
 21
-16.16498418
 31
0.0
  0
LINE
  5
669
330
2F9
100
AcDbEntity
  8
BottomOverlay
100
AcDbLine
 10
10.31593568
 20
-16.16498418
 30
0.0
 11
10.20710176
 21
-16.16498418
 31
0.0
  0
LINE
  5
66A
330
2F9
100
AcDbEntity
  8
BottomOverlay
100
AcDbLine
 10
10.20710176
 20
-16.16498418
 30
0.0
 11
10.02571274
 21
-16.20126046
 31
0.0
  0
LINE
  5
66B
330
2F9
100
AcDbEntity
  8
BottomOverlay
100
AcDbLine
 10
10.02571274
 20
-16.20126046
 30
0.0
 11
9.9531551
 21
-16.23753928
 31
0.0
  0
LINE
  5
66C
330
2F9
100
AcDbEntity
  8
BottomOverlay
100
AcDbLine
 10
9.9531551
 20
-16.23753928
 30
0.0
 11
9.916878819999999
 21
-16.2738181
 31
0.0
  0
LINE
  5
66D
330
2F9
100
AcDbEntity
  8
BottomOverlay
100
AcDbLine
 10
9.916878819999999
 20
-16.2738181
 30
0.0
 11
9.8806
 21
-16.3463732
 31
0.0
  0
LINE
  5
66E
330
2F9
100
AcDbEntity
  8
BottomOverlay
100
AcDbLine
 10
9.8806
 20
-16.4189283
 30
0.0
 11
9.916878819999999
 21
-16.49148594
 31
0.0
  0
LINE
  5
66F
330
2F9
100
AcDbEntity
  8
BottomOverlay
100
AcDbLine
 10
9.916878819999999
 20
-16.49148594
 30
0.0
 11
9.9531551
 21
-16.52776222
 31
0.0
  0
LINE
  5
670
330
2F9
100
AcDbEntity
  8
BottomOverlay
100
AcDbLine
 10
9.9531551
 20
-16.52776222
 30
0.0
 11
10.02571274
 21
-16.56404104
 31
0.0
  0
LINE
  5
671
330
2F9
100
AcDbEntity
  8
BottomOverlay
100
AcDbLine
 10
10.02571274
 20
-16.56404104
 30
0.0
 11
10.20710176
 21
-16.60031732
 31
0.0
  0
LINE
  5
672
330
2F9
100
AcDbEntity
  8
BottomOverlay
100
AcDbLine
 10
10.20710176
 20
-16.60031732
 30
0.0
 11
10.31593568
 21
-16.60031732
 31
0.0
  0
LINE
  5
673
330
2F9
100
AcDbEntity
  8
BottomOverlay
100
AcDbLine
 10
10.31593568
 20
-16.60031732
 30
0.0
 11
10.4973247
 21
-16.56404104
 31
0.0
  0
LINE
  5
674
330
2F9
100
AcDbEntity
  8
BottomOverlay
100
AcDbLine
 10
10.4973247
 20
-16.56404104
 30
0.0
 11
10.5698798
 21
-16.52776222
 31
0.0
  0
LINE
  5
675
330
2F9
100
AcDbEntity
  8
BottomOverlay
100
AcDbLine
 10
10.5698798
 20
-16.52776222
 30
0.0
 11
10.60615862
 21
-16.49148594
 31
0.0
  0
LINE
  5
676
330
2F9
100
AcDbEntity
  8
BottomOverlay
100
AcDbLine
 10
10.60615862
 20
-16.49148594
 30
0.0
 11
10.64243744
 21
-16.4189283
 31
0.0
  0
LINE
  5
677
330
2F9
100
AcDbEntity
  8
BottomOverlay
100
AcDbLine
 10
7.594437439999999
 20
17.13776608
 30
0.0
 11
6.832599999999999
 21
17.13776608
 31
0.0
  0
LINE
  5
678
330
2F9
100
AcDbEntity
  8
BottomOverlay
100
AcDbLine
 10
7.594437439999999
 20
17.10148726
 30
0.0
 11
6.832599999999999
 21
17.10148726
 31
0.0
  0
LINE
  5
679
330
2F9
100
AcDbEntity
  8
BottomOverlay
100
AcDbLine
 10
7.594437439999999
 20
17.2466
 30
0.0
 11
7.594437439999999
 21
16.81126432
 31
0.0
  0
LINE
  5
67A
330
2F9
100
AcDbEntity
  8
BottomOverlay
100
AcDbLine
 10
7.594437439999999
 20
16.81126432
 30
0.0
 11
7.558158619999999
 21
16.7024304
 31
0.0
  0
LINE
  5
67B
330
2F9
100
AcDbEntity
  8
BottomOverlay
100
AcDbLine
 10
7.558158619999999
 20
16.7024304
 30
0.0
 11
7.5218798
 21
16.66615412
 31
0.0
  0
LINE
  5
67C
330
2F9
100
AcDbEntity
  8
BottomOverlay
100
AcDbLine
 10
7.5218798
 20
16.66615412
 30
0.0
 11
7.4493247
 21
16.6298753
 31
0.0
  0
LINE
  5
67D
330
2F9
100
AcDbEntity
  8
BottomOverlay
100
AcDbLine
 10
7.4493247
 20
16.6298753
 30
0.0
 11
7.376769599999999
 21
16.6298753
 31
0.0
  0
LINE
  5
67E
330
2F9
100
AcDbEntity
  8
BottomOverlay
100
AcDbLine
 10
7.376769599999999
 20
16.6298753
 30
0.0
 11
7.30421196
 21
16.66615412
 31
0.0
  0
LINE
  5
67F
330
2F9
100
AcDbEntity
  8
BottomOverlay
100
AcDbLine
 10
7.30421196
 20
16.66615412
 30
0.0
 11
7.26793568
 21
16.7024304
 31
0.0
  0
LINE
  5
680
330
2F9
100
AcDbEntity
  8
BottomOverlay
100
AcDbLine
 10
7.26793568
 20
16.7024304
 30
0.0
 11
7.231656859999999
 21
16.81126432
 31
0.0
  0
LINE
  5
681
330
2F9
100
AcDbEntity
  8
BottomOverlay
100
AcDbLine
 10
7.594437439999999
 20
16.81126432
 30
0.0
 11
7.558158619999999
 21
16.73870922
 31
0.0
  0
LINE
  5
682
330
2F9
100
AcDbEntity
  8
BottomOverlay
100
AcDbLine
 10
7.558158619999999
 20
16.73870922
 30
0.0
 11
7.5218798
 21
16.7024304
 31
0.0
  0
LINE
  5
683
330
2F9
100
AcDbEntity
  8
BottomOverlay
100
AcDbLine
 10
7.5218798
 20
16.7024304
 30
0.0
 11
7.4493247
 21
16.66615412
 31
0.0
  0
LINE
  5
684
330
2F9
100
AcDbEntity
  8
BottomOverlay
100
AcDbLine
 10
7.4493247
 20
16.66615412
 30
0.0
 11
7.376769599999999
 21
16.66615412
 31
0.0
  0
LINE
  5
685
330
2F9
100
AcDbEntity
  8
BottomOverlay
100
AcDbLine
 10
7.376769599999999
 20
16.66615412
 30
0.0
 11
7.30421196
 21
16.7024304
 31
0.0
  0
LINE
  5
686
330
2F9
100
AcDbEntity
  8
BottomOverlay
100
AcDbLine
 10
7.30421196
 20
16.7024304
 30
0.0
 11
7.26793568
 21
16.73870922
 31
0.0
  0
LINE
  5
687
330
2F9
100
AcDbEntity
  8
BottomOverlay
100
AcDbLine
 10
7.26793568
 20
16.73870922
 30
0.0
 11
7.231656859999999
 21
16.81126432
 31
0.0
  0
LINE
  5
688
330
2F9
100
AcDbEntity
  8
BottomOverlay
100
AcDbLine
 10
7.231656859999999
 20
17.10148726
 30
0.0
 11
7.231656859999999
 21
16.81126432
 31
0.0
  0
LINE
  5
689
330
2F9
100
AcDbEntity
  8
BottomOverlay
100
AcDbLine
 10
7.231656859999999
 20
16.81126432
 30
0.0
 11
7.195380579999999
 21
16.7024304
 31
0.0
  0
LINE
  5
68A
330
2F9
100
AcDbEntity
  8
BottomOverlay
100
AcDbLine
 10
7.195380579999999
 20
16.7024304
 30
0.0
 11
7.15910176
 21
16.66615412
 31
0.0
  0
LINE
  5
68B
330
2F9
100
AcDbEntity
  8
BottomOverlay
100
AcDbLine
 10
7.15910176
 20
16.66615412
 30
0.0
 11
7.08654666
 21
16.6298753
 31
0.0
  0
LINE
  5
68C
330
2F9
100
AcDbEntity
  8
BottomOverlay
100
AcDbLine
 10
7.08654666
 20
16.6298753
 30
0.0
 11
6.977712739999999
 21
16.6298753
 31
0.0
  0
LINE
  5
68D
330
2F9
100
AcDbEntity
  8
BottomOverlay
100
AcDbLine
 10
6.977712739999999
 20
16.6298753
 30
0.0
 11
6.9051551
 21
16.66615412
 31
0.0
  0
LINE
  5
68E
330
2F9
100
AcDbEntity
  8
BottomOverlay
100
AcDbLine
 10
6.9051551
 20
16.66615412
 30
0.0
 11
6.86887882
 21
16.7024304
 31
0.0
  0
LINE
  5
68F
330
2F9
100
AcDbEntity
  8
BottomOverlay
100
AcDbLine
 10
6.86887882
 20
16.7024304
 30
0.0
 11
6.832599999999999
 21
16.81126432
 31
0.0
  0
LINE
  5
690
330
2F9
100
AcDbEntity
  8
BottomOverlay
100
AcDbLine
 10
6.832599999999999
 20
16.81126432
 30
0.0
 11
6.832599999999999
 21
17.2466
 31
0.0
  0
LINE
  5
691
330
2F9
100
AcDbEntity
  8
BottomOverlay
100
AcDbLine
 10
7.231656859999999
 20
16.81126432
 30
0.0
 11
7.195380579999999
 21
16.73870922
 31
0.0
  0
LINE
  5
692
330
2F9
100
AcDbEntity
  8
BottomOverlay
100
AcDbLine
 10
7.195380579999999
 20
16.73870922
 30
0.0
 11
7.15910176
 21
16.7024304
 31
0.0
  0
LINE
  5
693
330
2F9
100
AcDbEntity
  8
BottomOverlay
100
AcDbLine
 10
7.15910176
 20
16.7024304
 30
0.0
 11
7.08654666
 21
16.66615412
 31
0.0
  0
LINE
  5
694
330
2F9
100
AcDbEntity
  8
BottomOverlay
100
AcDbLine
 10
7.08654666
 20
16.66615412
 30
0.0
 11
6.977712739999999
 21
16.66615412
 31
0.0
  0
LINE
  5
695
330
2F9
100
AcDbEntity
  8
BottomOverlay
100
AcDbLine
 10
6.977712739999999
 20
16.66615412
 30
0.0
 11
6.9051551
 21
16.7024304
 31
0.0
  0
LINE
  5
696
330
2F9
100
AcDbEntity
  8
BottomOverlay
100
AcDbLine
 10
6.9051551
 20
16.7024304
 30
0.0
 11
6.86887882
 21
16.73870922
 31
0.0
  0
LINE
  5
697
330
2F9
100
AcDbEntity
  8
BottomOverlay
100
AcDbLine
 10
6.86887882
 20
16.73870922
 30
0.0
 11
6.832599999999999
 21
16.81126432
 31
0.0
  0
LINE
  5
698
330
2F9
100
AcDbEntity
  8
BottomOverlay
100
AcDbLine
 10
7.4493247
 20
16.52829562
 30
0.0
 11
7.48560352
 21
16.45574052
 31
0.0
  0
LINE
  5
699
330
2F9
100
AcDbEntity
  8
BottomOverlay
100
AcDbLine
 10
7.48560352
 20
16.45574052
 30
0.0
 11
7.594437439999999
 21
16.3469066
 31
0.0
  0
LINE
  5
69A
330
2F9
100
AcDbEntity
  8
BottomOverlay
100
AcDbLine
 10
7.594437439999999
 20
16.3469066
 30
0.0
 11
6.832599999999999
 21
16.3469066
 31
0.0
  0
LINE
  5
69B
330
2F9
100
AcDbEntity
  8
BottomOverlay
100
AcDbLine
 10
7.558158619999999
 20
16.38318288
 30
0.0
 11
6.832599999999999
 21
16.38318288
 31
0.0
  0
LINE
  5
69C
330
2F9
100
AcDbEntity
  8
BottomOverlay
100
AcDbLine
 10
6.832599999999999
 20
16.52829562
 30
0.0
 11
6.832599999999999
 21
16.20179386
 31
0.0
  0
LINE
  5
69D
330
2F9
100
AcDbEntity
  8
BottomOverlay
100
AcDbLine
 10
10.13443744
 20
16.92009824
 30
0.0
 11
9.3726
 21
17.1740449
 31
0.0
  0
LINE
  5
69E
330
2F9
100
AcDbEntity
  8
BottomOverlay
100
AcDbLine
 10
10.13443744
 20
16.92009824
 30
0.0
 11
9.3726
 21
16.66615412
 31
0.0
  0
LINE
  5
69F
330
2F9
100
AcDbEntity
  8
BottomOverlay
100
AcDbLine
 10
10.02560352
 20
16.92009824
 30
0.0
 11
9.3726
 21
16.7024304
 31
0.0
  0
LINE
  5
6A0
330
2F9
100
AcDbEntity
  8
BottomOverlay
100
AcDbLine
 10
9.59026784
 20
17.10148726
 30
0.0
 11
9.59026784
 21
16.77498804
 31
0.0
  0
LINE
  5
6A1
330
2F9
100
AcDbEntity
  8
BottomOverlay
100
AcDbLine
 10
9.3726
 20
17.2466
 30
0.0
 11
9.3726
 21
17.02893216
 31
0.0
  0
LINE
  5
6A2
330
2F9
100
AcDbEntity
  8
BottomOverlay
100
AcDbLine
 10
9.3726
 20
16.81126432
 30
0.0
 11
9.3726
 21
16.59359648
 31
0.0
  0
LINE
  5
6A3
330
2F9
100
AcDbEntity
  8
BottomOverlay
100
AcDbLine
 10
9.9893247
 20
16.49564646
 30
0.0
 11
10.02560352
 21
16.42309136
 31
0.0
  0
LINE
  5
6A4
330
2F9
100
AcDbEntity
  8
BottomOverlay
100
AcDbLine
 10
10.02560352
 20
16.42309136
 30
0.0
 11
10.13443744
 21
16.31425744
 31
0.0
  0
LINE
  5
6A5
330
2F9
100
AcDbEntity
  8
BottomOverlay
100
AcDbLine
 10
10.13443744
 20
16.31425744
 30
0.0
 11
9.3726
 21
16.31425744
 31
0.0
  0
LINE
  5
6A6
330
2F9
100
AcDbEntity
  8
BottomOverlay
100
AcDbLine
 10
10.09815862
 20
16.35053372
 30
0.0
 11
9.3726
 21
16.35053372
 31
0.0
  0
LINE
  5
6A7
330
2F9
100
AcDbEntity
  8
BottomOverlay
100
AcDbLine
 10
9.3726
 20
16.49564646
 30
0.0
 11
9.3726
 21
16.1691447
 31
0.0
  0
ENDBLK
  5
2FB
330
2F9
100
AcDbEntity
  8
0
100
AcDbBlockEnd
  0
ENDSEC
  0
SECTION
  2
ENTITIES
  0
LINE
  5
73
330
1F
100
AcDbEntity
  8
TopLayer
100
AcDbLine
 10
78.02879999999999
 20
93.90379999999999
 30
0.0
 11
78.02879999999999
 21
74.90878338
 31
0.0
  0
LINE
  5
74
330
1F
100
AcDbEntity
  8
TopLayer
100
AcDbLine
 10
78.02879999999999
 20
74.90878338
 30
0.0
 11
77.9018
 21
74.88994674
 31
0.0
  0
LINE
  5
75
330
1F
100
AcDbEntity
  8
TopLayer
100
AcDbLine
 10
77.9018
 20
74.88994674
 30
0.0
 11
77.76891735999999
 21
75.32800021999999
 31
0.0
  0
LINE
  5
76
330
1F
100
AcDbEntity
  8
TopLayer
100
AcDbLine
 10
77.76891735999999
 20
75.32800021999999
 30
0.0
 11
77.53787134
 21
75.76025742
 31
0.0
  0
LINE
  5
77
330
1F
100
AcDbEntity
  8
TopLayer
100
AcDbLine
 10
77.53787134
 20
75.76025742
 30
0.0
 11
77.2269347
 21
76.13913652
 31
0.0
  0
LINE
  5
78
330
1F
100
AcDbEntity
  8
TopLayer
100
AcDbLine
 10
77.2269347
 20
76.13913652
 30
0.0
 11
76.8480556
 21
76.45007316
 31
0.0
  0
LINE
  5
79
330
1F
100
AcDbEntity
  8
TopLayer
100
AcDbLine
 10
76.8480556
 20
76.45007316
 30
0.0
 11
76.4157984
 21
76.68111918
 31
0.0
  0
LINE
  5
7A
330
1F
100
AcDbEntity
  8
TopLayer
100
AcDbLine
 10
76.4157984
 20
76.68111918
 30
0.0
 11
75.94676962
 21
76.82339728
 31
0.0
  0
LINE
  5
7B
330
1F
100
AcDbEntity
  8
TopLayer
100
AcDbLine
 10
75.94676962
 20
76.82339728
 30
0.0
 11
75.45899818
 21
76.87143884
 31
0.0
  0
LINE
  5
7C
330
1F
100
AcDbEntity
  8
TopLayer
100
AcDbLine
 10
75.45899818
 20
76.87143884
 30
0.0
 11
74.97122673999999
 21
76.82339728
 31
0.0
  0
LINE
  5
7D
330
1F
100
AcDbEntity
  8
TopLayer
100
AcDbLine
 10
74.97122673999999
 20
76.82339728
 30
0.0
 11
74.50219795999999
 21
76.68111918
 31
0.0
  0
LINE
  5
7E
330
1F
100
AcDbEntity
  8
TopLayer
100
AcDbLine
 10
74.50219795999999
 20
76.68111918
 30
0.0
 11
74.06994076
 21
76.45007316
 31
0.0
  0
LINE
  5
7F
330
1F
100
AcDbEntity
  8
TopLayer
100
AcDbLine
 10
74.06994076
 20
76.45007316
 30
0.0
 11
73.69106166
 21
76.13913652
 31
0.0
  0
LINE
  5
80
330
1F
100
AcDbEntity
  8
TopLayer
100
AcDbLine
 10
73.69106166
 20
76.13913652
 30
0.0
 11
73.38012502
 21
75.76025742
 31
0.0
  0
LINE
  5
81
330
1F
100
AcDbEntity
  8
TopLayer
100
AcDbLine
 10
73.38012502
 20
75.76025742
 30
0.0
 11
73.149079
 21
75.32800021999999
 31
0.0
  0
LINE
  5
82
330
1F
100
AcDbEntity
  8
TopLayer
100
AcDbLine
 10
73.149079
 20
75.32800021999999
 30
0.0
 11
73.0068009
 21
74.85897143999999
 31
0.0
  0
LINE
  5
83
330
1F
100
AcDbEntity
  8
TopLayer
100
AcDbLine
 10
73.0068009
 20
74.85897143999999
 30
0.0
 11
72.95875934
 21
74.3712
 31
0.0
  0
LINE
  5
84
330
1F
100
AcDbEntity
  8
TopLayer
100
AcDbLine
 10
72.95875934
 20
74.3712
 30
0.0
 11
73.0068009
 21
73.88342856
 31
0.0
  0
LINE
  5
85
330
1F
100
AcDbEntity
  8
TopLayer
100
AcDbLine
 10
73.0068009
 20
73.88342856
 30
0.0
 11
73.149079
 21
73.41439978
 31
0.0
  0
LINE
  5
86
330
1F
100
AcDbEntity
  8
TopLayer
100
AcDbLine
 10
73.149079
 20
73.41439978
 30
0.0
 11
73.38012502
 21
72.98214258
 31
0.0
  0
LINE
  5
87
330
1F
100
AcDbEntity
  8
TopLayer
100
AcDbLine
 10
73.38012502
 20
72.98214258
 30
0.0
 11
73.69106166
 21
72.60326348
 31
0.0
  0
LINE
  5
88
330
1F
100
AcDbEntity
  8
TopLayer
100
AcDbLine
 10
73.69106166
 20
72.60326348
 30
0.0
 11
74.06994076
 21
72.29232684
 31
0.0
  0
LINE
  5
89
330
1F
100
AcDbEntity
  8
TopLayer
100
AcDbLine
 10
74.06994076
 20
72.29232684
 30
0.0
 11
74.50219795999999
 21
72.06128082
 31
0.0
  0
LINE
  5
8A
330
1F
100
AcDbEntity
  8
TopLayer
100
AcDbLine
 10
74.50219795999999
 20
72.06128082
 30
0.0
 11
74.97122673999999
 21
71.91900272
 31
0.0
  0
LINE
  5
8B
330
1F
100
AcDbEntity
  8
TopLayer
100
AcDbLine
 10
74.97122673999999
 20
71.91900272
 30
0.0
 11
75.45899818
 21
71.87096116
 31
0.0
  0
LINE
  5
8C
330
1F
100
AcDbEntity
  8
TopLayer
100
AcDbLine
 10
75.45899818
 20
71.87096116
 30
0.0
 11
75.94676962
 21
71.91900272
 31
0.0
  0
LINE
  5
8D
330
1F
100
AcDbEntity
  8
TopLayer
100
AcDbLine
 10
75.94676962
 20
71.91900272
 30
0.0
 11
76.4157984
 21
72.06128082
 31
0.0
  0
LINE
  5
8E
330
1F
100
AcDbEntity
  8
TopLayer
100
AcDbLine
 10
76.4157984
 20
72.06128082
 30
0.0
 11
76.8480556
 21
72.29232684
 31
0.0
  0
LINE
  5
8F
330
1F
100
AcDbEntity
  8
TopLayer
100
AcDbLine
 10
76.8480556
 20
72.29232684
 30
0.0
 11
77.2269347
 21
72.60326348
 31
0.0
  0
LINE
  5
90
330
1F
100
AcDbEntity
  8
TopLayer
100
AcDbLine
 10
77.2269347
 20
72.60326348
 30
0.0
 11
77.53787134
 21
72.98214258
 31
0.0
  0
LINE
  5
91
330
1F
100
AcDbEntity
  8
TopLayer
100
AcDbLine
 10
77.53787134
 20
72.98214258
 30
0.0
 11
77.76891735999999
 21
73.41439978
 31
0.0
  0
LINE
  5
92
330
1F
100
AcDbEntity
  8
TopLayer
100
AcDbLine
 10
77.76891735999999
 20
73.41439978
 30
0.0
 11
77.9018
 21
73.85245325999999
 31
0.0
  0
LINE
  5
93
330
1F
100
AcDbEntity
  8
TopLayer
100
AcDbLine
 10
77.9018
 20
73.85245325999999
 30
0.0
 11
78.02879999999999
 21
73.83361662
 31
0.0
  0
LINE
  5
94
330
1F
100
AcDbEntity
  8
TopLayer
100
AcDbLine
 10
78.02879999999999
 20
73.83361662
 30
0.0
 11
78.02879999999999
 21
58.03899999999999
 31
0.0
  0
LINE
  5
95
330
1F
100
AcDbEntity
  8
TopLayer
100
AcDbLine
 10
78.02879999999999
 20
58.03899999999999
 30
0.0
 11
37.7444
 21
58.03899999999999
 31
0.0
  0
LINE
  5
96
330
1F
100
AcDbEntity
  8
TopLayer
100
AcDbLine
 10
37.7444
 20
58.03899999999999
 30
0.0
 11
37.7444
 21
73.65163831999999
 31
0.0
  0
LINE
  5
97
330
1F
100
AcDbEntity
  8
TopLayer
100
AcDbLine
 10
37.7444
 20
73.65163831999999
 30
0.0
 11
37.8714
 21
73.67047749999999
 31
0.0
  0
LINE
  5
98
330
1F
100
AcDbEntity
  8
TopLayer
100
AcDbLine
 10
37.8714
 20
73.67047749999999
 30
0.0
 11
37.94908082
 21
73.41439978
 31
0.0
  0
LINE
  5
99
330
1F
100
AcDbEntity
  8
TopLayer
100
AcDbLine
 10
37.94908082
 20
73.41439978
 30
0.0
 11
38.18012684
 21
72.98214258
 31
0.0
  0
LINE
  5
9A
330
1F
100
AcDbEntity
  8
TopLayer
100
AcDbLine
 10
38.18012684
 20
72.98214258
 30
0.0
 11
38.49106348
 21
72.60326348
 31
0.0
  0
LINE
  5
9B
330
1F
100
AcDbEntity
  8
TopLayer
100
AcDbLine
 10
38.49106348
 20
72.60326348
 30
0.0
 11
38.86994258
 21
72.29232684
 31
0.0
  0
LINE
  5
9C
330
1F
100
AcDbEntity
  8
TopLayer
100
AcDbLine
 10
38.86994258
 20
72.29232684
 30
0.0
 11
39.30219978
 21
72.06128082
 31
0.0
  0
LINE
  5
9D
330
1F
100
AcDbEntity
  8
TopLayer
100
AcDbLine
 10
39.30219978
 20
72.06128082
 30
0.0
 11
39.77122856
 21
71.91900272
 31
0.0
  0
LINE
  5
9E
330
1F
100
AcDbEntity
  8
TopLayer
100
AcDbLine
 10
39.77122856
 20
71.91900272
 30
0.0
 11
40.259
 21
71.87096116
 31
0.0
  0
LINE
  5
9F
330
1F
100
AcDbEntity
  8
TopLayer
100
AcDbLine
 10
40.259
 20
71.87096116
 30
0.0
 11
40.74677144
 21
71.91900272
 31
0.0
  0
LINE
  5
A0
330
1F
100
AcDbEntity
  8
TopLayer
100
AcDbLine
 10
40.74677144
 20
71.91900272
 30
0.0
 11
41.21580022
 21
72.06128082
 31
0.0
  0
LINE
  5
A1
330
1F
100
AcDbEntity
  8
TopLayer
100
AcDbLine
 10
41.21580022
 20
72.06128082
 30
0.0
 11
41.64805742
 21
72.29232684
 31
0.0
  0
LINE
  5
A2
330
1F
100
AcDbEntity
  8
TopLayer
100
AcDbLine
 10
41.64805742
 20
72.29232684
 30
0.0
 11
42.02693652
 21
72.60326348
 31
0.0
  0
LINE
  5
A3
330
1F
100
AcDbEntity
  8
TopLayer
100
AcDbLine
 10
42.02693652
 20
72.60326348
 30
0.0
 11
42.33787316
 21
72.98214258
 31
0.0
  0
LINE
  5
A4
330
1F
100
AcDbEntity
  8
TopLayer
100
AcDbLine
 10
42.33787316
 20
72.98214258
 30
0.0
 11
42.56891917999999
 21
73.41439978
 31
0.0
  0
LINE
  5
A5
330
1F
100
AcDbEntity
  8
TopLayer
100
AcDbLine
 10
42.56891917999999
 20
73.41439978
 30
0.0
 11
42.71119728
 21
73.88342856
 31
0.0
  0
LINE
  5
A6
330
1F
100
AcDbEntity
  8
TopLayer
100
AcDbLine
 10
42.71119728
 20
73.88342856
 30
0.0
 11
42.75923883999999
 21
74.3712
 31
0.0
  0
LINE
  5
A7
330
1F
100
AcDbEntity
  8
TopLayer
100
AcDbLine
 10
42.75923883999999
 20
74.3712
 30
0.0
 11
42.71119728
 21
74.85897143999999
 31
0.0
  0
LINE
  5
A8
330
1F
100
AcDbEntity
  8
TopLayer
100
AcDbLine
 10
42.71119728
 20
74.85897143999999
 30
0.0
 11
42.56891917999999
 21
75.32800021999999
 31
0.0
  0
LINE
  5
A9
330
1F
100
AcDbEntity
  8
TopLayer
100
AcDbLine
 10
42.56891917999999
 20
75.32800021999999
 30
0.0
 11
42.33787316
 21
75.76025742
 31
0.0
  0
LINE
  5
AA
330
1F
100
AcDbEntity
  8
TopLayer
100
AcDbLine
 10
42.33787316
 20
75.76025742
 30
0.0
 11
42.02693652
 21
76.13913652
 31
0.0
  0
LINE
  5
AB
330
1F
100
AcDbEntity
  8
TopLayer
100
AcDbLine
 10
42.02693652
 20
76.13913652
 30
0.0
 11
41.64805742
 21
76.45007316
 31
0.0
  0
LINE
  5
AC
330
1F
100
AcDbEntity
  8
TopLayer
100
AcDbLine
 10
41.64805742
 20
76.45007316
 30
0.0
 11
41.21580022
 21
76.68111918
 31
0.0
  0
LINE
  5
AD
330
1F
100
AcDbEntity
  8
TopLayer
100
AcDbLine
 10
41.21580022
 20
76.68111918
 30
0.0
 11
40.74677144
 21
76.82339728
 31
0.0
  0
LINE
  5
AE
330
1F
100
AcDbEntity
  8
TopLayer
100
AcDbLine
 10
40.74677144
 20
76.82339728
 30
0.0
 11
40.259
 21
76.87143884
 31
0.0
  0
LINE
  5
AF
330
1F
100
AcDbEntity
  8
TopLayer
100
AcDbLine
 10
40.259
 20
76.87143884
 30
0.0
 11
39.77122856
 21
76.82339728
 31
0.0
  0
LINE
  5
B0
330
1F
100
AcDbEntity
  8
TopLayer
100
AcDbLine
 10
39.77122856
 20
76.82339728
 30
0.0
 11
39.30219978
 21
76.68111918
 31
0.0
  0
LINE
  5
B1
330
1F
100
AcDbEntity
  8
TopLayer
100
AcDbLine
 10
39.30219978
 20
76.68111918
 30
0.0
 11
38.86994258
 21
76.45007316
 31
0.0
  0
LINE
  5
B2
330
1F
100
AcDbEntity
  8
TopLayer
100
AcDbLine
 10
38.86994258
 20
76.45007316
 30
0.0
 11
38.49106348
 21
76.13913652
 31
0.0
  0
LINE
  5
B3
330
1F
100
AcDbEntity
  8
TopLayer
100
AcDbLine
 10
38.49106348
 20
76.13913652
 30
0.0
 11
38.18012684
 21
75.76025742
 31
0.0
  0
LINE
  5
B4
330
1F
100
AcDbEntity
  8
TopLayer
100
AcDbLine
 10
38.18012684
 20
75.76025742
 30
0.0
 11
37.94908082
 21
75.32800021999999
 31
0.0
  0
LINE
  5
B5
330
1F
100
AcDbEntity
  8
TopLayer
100
AcDbLine
 10
37.94908082
 20
75.32800021999999
 30
0.0
 11
37.8714
 21
75.0719225
 31
0.0
  0
LINE
  5
B6
330
1F
100
AcDbEntity
  8
TopLayer
100
AcDbLine
 10
37.8714
 20
75.0719225
 30
0.0
 11
37.7444
 21
75.09076168
 31
0.0
  0
LINE
  5
B7
330
1F
100
AcDbEntity
  8
TopLayer
100
AcDbLine
 10
37.7444
 20
75.09076168
 30
0.0
 11
37.7444
 21
93.90379999999999
 31
0.0
  0
LINE
  5
B8
330
1F
100
AcDbEntity
  8
TopLayer
100
AcDbLine
 10
37.7444
 20
93.90379999999999
 30
0.0
 11
78.02879999999999
 21
93.90379999999999
 31
0.0
  0
LINE
  5
B9
330
1F
100
AcDbEntity
  8
TopLayer
100
AcDbLine
 10
44.01172046
 20
79.98132086
 30
0.0
 11
43.75900061999999
 21
80.03159
 31
0.0
  0
LINE
  5
BA
330
1F
100
AcDbEntity
  8
TopLayer
100
AcDbLine
 10
43.75900061999999
 20
80.03159
 30
0.0
 11
43.50628078
 21
79.98132086
 31
0.0
  0
LINE
  5
BB
330
1F
100
AcDbEntity
  8
TopLayer
100
AcDbLine
 10
43.50628078
 20
79.98132086
 30
0.0
 11
43.29203432
 21
79.83816646
 31
0.0
  0
LINE
  5
BC
330
1F
100
AcDbEntity
  8
TopLayer
100
AcDbLine
 10
43.29203432
 20
79.83816646
 30
0.0
 11
43.14887992
 21
79.62392
 31
0.0
  0
LINE
  5
BD
330
1F
100
AcDbEntity
  8
TopLayer
100
AcDbLine
 10
43.14887992
 20
79.62392
 30
0.0
 11
43.09861077999999
 21
79.37120016
 31
0.0
  0
LINE
  5
BE
330
1F
100
AcDbEntity
  8
TopLayer
100
AcDbLine
 10
43.09861077999999
 20
79.37120016
 30
0.0
 11
43.14887992
 21
79.11848031999999
 31
0.0
  0
LINE
  5
BF
330
1F
100
AcDbEntity
  8
TopLayer
100
AcDbLine
 10
43.14887992
 20
79.11848031999999
 30
0.0
 11
43.29203432
 21
78.90423385999999
 31
0.0
  0
LINE
  5
C0
330
1F
100
AcDbEntity
  8
TopLayer
100
AcDbLine
 10
43.29203432
 20
78.90423385999999
 30
0.0
 11
43.50628078
 21
78.76107945999999
 31
0.0
  0
LINE
  5
C1
330
1F
100
AcDbEntity
  8
TopLayer
100
AcDbLine
 10
43.50628078
 20
78.76107945999999
 30
0.0
 11
43.75900061999999
 21
78.71081032
 31
0.0
  0
LINE
  5
C2
330
1F
100
AcDbEntity
  8
TopLayer
100
AcDbLine
 10
43.75900061999999
 20
78.71081032
 30
0.0
 11
44.01172046
 21
78.76107945999999
 31
0.0
  0
LINE
  5
C3
330
1F
100
AcDbEntity
  8
TopLayer
100
AcDbLine
 10
44.01172046
 20
78.76107945999999
 30
0.0
 11
44.22596692
 21
78.90423385999999
 31
0.0
  0
LINE
  5
C4
330
1F
100
AcDbEntity
  8
TopLayer
100
AcDbLine
 10
44.22596692
 20
78.90423385999999
 30
0.0
 11
44.36912132
 21
79.11848031999999
 31
0.0
  0
LINE
  5
C5
330
1F
100
AcDbEntity
  8
TopLayer
100
AcDbLine
 10
44.36912132
 20
79.11848031999999
 30
0.0
 11
44.41939046
 21
79.37120016
 31
0.0
  0
LINE
  5
C6
330
1F
100
AcDbEntity
  8
TopLayer
100
AcDbLine
 10
44.41939046
 20
79.37120016
 30
0.0
 11
44.36912132
 21
79.62392
 31
0.0
  0
LINE
  5
C7
330
1F
100
AcDbEntity
  8
TopLayer
100
AcDbLine
 10
44.36912132
 20
79.62392
 30
0.0
 11
44.22596692
 21
79.83816646
 31
0.0
  0
LINE
  5
C8
330
1F
100
AcDbEntity
  8
TopLayer
100
AcDbLine
 10
44.22596692
 20
79.83816646
 30
0.0
 11
44.01172046
 21
79.98132086
 31
0.0
  0
LINE
  5
C9
330
1F
100
AcDbEntity
  8
TopLayer
100
AcDbLine
 10
72.16867456
 20
80.1537259
 30
0.0
 11
71.95899756
 21
80.18133062
 31
0.0
  0
LINE
  5
CA
330
1F
100
AcDbEntity
  8
TopLayer
100
AcDbLine
 10
71.95899756
 20
80.18133062
 30
0.0
 11
71.74932056
 21
80.1537259
 31
0.0
  0
LINE
  5
CB
330
1F
100
AcDbEntity
  8
TopLayer
100
AcDbLine
 10
71.74932056
 20
80.1537259
 30
0.0
 11
71.5539336
 21
80.07279387999999
 31
0.0
  0
LINE
  5
CC
330
1F
100
AcDbEntity
  8
TopLayer
100
AcDbLine
 10
71.5539336
 20
80.07279387999999
 30
0.0
 11
71.38614882
 21
79.9440489
 31
0.0
  0
LINE
  5
CD
330
1F
100
AcDbEntity
  8
TopLayer
100
AcDbLine
 10
71.38614882
 20
79.9440489
 30
0.0
 11
71.25740384
 21
79.77626412
 31
0.0
  0
LINE
  5
CE
330
1F
100
AcDbEntity
  8
TopLayer
100
AcDbLine
 10
71.25740384
 20
79.77626412
 30
0.0
 11
71.17647181999999
 21
79.58087716
 31
0.0
  0
LINE
  5
CF
330
1F
100
AcDbEntity
  8
TopLayer
100
AcDbLine
 10
71.17647181999999
 20
79.58087716
 30
0.0
 11
71.14886709999999
 21
79.37120016
 31
0.0
  0
LINE
  5
D0
330
1F
100
AcDbEntity
  8
TopLayer
100
AcDbLine
 10
71.14886709999999
 20
79.37120016
 30
0.0
 11
71.17647181999999
 21
79.16152316
 31
0.0
  0
LINE
  5
D1
330
1F
100
AcDbEntity
  8
TopLayer
100
AcDbLine
 10
71.17647181999999
 20
79.16152316
 30
0.0
 11
71.25740384
 21
78.9661362
 31
0.0
  0
LINE
  5
D2
330
1F
100
AcDbEntity
  8
TopLayer
100
AcDbLine
 10
71.25740384
 20
78.9661362
 30
0.0
 11
71.38614882
 21
78.79835141999999
 31
0.0
  0
LINE
  5
D3
330
1F
100
AcDbEntity
  8
TopLayer
100
AcDbLine
 10
71.38614882
 20
78.79835141999999
 30
0.0
 11
71.5539336
 21
78.66960644
 31
0.0
  0
LINE
  5
D4
330
1F
100
AcDbEntity
  8
TopLayer
100
AcDbLine
 10
71.5539336
 20
78.66960644
 30
0.0
 11
71.74932056
 21
78.58867441999999
 31
0.0
  0
LINE
  5
D5
330
1F
100
AcDbEntity
  8
TopLayer
100
AcDbLine
 10
71.74932056
 20
78.58867441999999
 30
0.0
 11
71.95899756
 21
78.56106969999999
 31
0.0
  0
LINE
  5
D6
330
1F
100
AcDbEntity
  8
TopLayer
100
AcDbLine
 10
71.95899756
 20
78.56106969999999
 30
0.0
 11
72.16867456
 21
78.58867441999999
 31
0.0
  0
LINE
  5
D7
330
1F
100
AcDbEntity
  8
TopLayer
100
AcDbLine
 10
72.16867456
 20
78.58867441999999
 30
0.0
 11
72.36406151999999
 21
78.66960644
 31
0.0
  0
LINE
  5
D8
330
1F
100
AcDbEntity
  8
TopLayer
100
AcDbLine
 10
72.36406151999999
 20
78.66960644
 30
0.0
 11
72.5318463
 21
78.79835141999999
 31
0.0
  0
LINE
  5
D9
330
1F
100
AcDbEntity
  8
TopLayer
100
AcDbLine
 10
72.5318463
 20
78.79835141999999
 30
0.0
 11
72.66059127999999
 21
78.9661362
 31
0.0
  0
LINE
  5
DA
330
1F
100
AcDbEntity
  8
TopLayer
100
AcDbLine
 10
72.66059127999999
 20
78.9661362
 30
0.0
 11
72.7415233
 21
79.16152316
 31
0.0
  0
LINE
  5
DB
330
1F
100
AcDbEntity
  8
TopLayer
100
AcDbLine
 10
72.7415233
 20
79.16152316
 30
0.0
 11
72.76912802
 21
79.37120016
 31
0.0
  0
LINE
  5
DC
330
1F
100
AcDbEntity
  8
TopLayer
100
AcDbLine
 10
72.76912802
 20
79.37120016
 30
0.0
 11
72.7415233
 21
79.58087716
 31
0.0
  0
LINE
  5
DD
330
1F
100
AcDbEntity
  8
TopLayer
100
AcDbLine
 10
72.7415233
 20
79.58087716
 30
0.0
 11
72.66059127999999
 21
79.77626412
 31
0.0
  0
LINE
  5
DE
330
1F
100
AcDbEntity
  8
TopLayer
100
AcDbLine
 10
72.66059127999999
 20
79.77626412
 30
0.0
 11
72.5318463
 21
79.9440489
 31
0.0
  0
LINE
  5
DF
330
1F
100
AcDbEntity
  8
TopLayer
100
AcDbLine
 10
72.5318463
 20
79.9440489
 30
0.0
 11
72.36406151999999
 21
80.07279387999999
 31
0.0
  0
LINE
  5
E0
330
1F
100
AcDbEntity
  8
TopLayer
100
AcDbLine
 10
72.36406151999999
 20
80.07279387999999
 30
0.0
 11
72.16867456
 21
80.1537259
 31
0.0
  0
LINE
  5
E1
330
1F
100
AcDbEntity
  8
TopLayer
100
AcDbLine
 10
44.01172046
 20
69.98132054
 30
0.0
 11
43.75900061999999
 21
70.03158968
 31
0.0
  0
LINE
  5
E2
330
1F
100
AcDbEntity
  8
TopLayer
100
AcDbLine
 10
43.75900061999999
 20
70.03158968
 30
0.0
 11
43.50628078
 21
69.98132054
 31
0.0
  0
LINE
  5
E3
330
1F
100
AcDbEntity
  8
TopLayer
100
AcDbLine
 10
43.50628078
 20
69.98132054
 30
0.0
 11
43.29203432
 21
69.83816614
 31
0.0
  0
LINE
  5
E4
330
1F
100
AcDbEntity
  8
TopLayer
100
AcDbLine
 10
43.29203432
 20
69.83816614
 30
0.0
 11
43.14887992
 21
69.62391968
 31
0.0
  0
LINE
  5
E5
330
1F
100
AcDbEntity
  8
TopLayer
100
AcDbLine
 10
43.14887992
 20
69.62391968
 30
0.0
 11
43.09861077999999
 21
69.37119984
 31
0.0
  0
LINE
  5
E6
330
1F
100
AcDbEntity
  8
TopLayer
100
AcDbLine
 10
43.09861077999999
 20
69.37119984
 30
0.0
 11
43.14887992
 21
69.11847999999999
 31
0.0
  0
LINE
  5
E7
330
1F
100
AcDbEntity
  8
TopLayer
100
AcDbLine
 10
43.14887992
 20
69.11847999999999
 30
0.0
 11
43.29203432
 21
68.90423353999999
 31
0.0
  0
LINE
  5
E8
330
1F
100
AcDbEntity
  8
TopLayer
100
AcDbLine
 10
43.29203432
 20
68.90423353999999
 30
0.0
 11
43.50628078
 21
68.76107913999999
 31
0.0
  0
LINE
  5
E9
330
1F
100
AcDbEntity
  8
TopLayer
100
AcDbLine
 10
43.50628078
 20
68.76107913999999
 30
0.0
 11
43.75900061999999
 21
68.71081
 31
0.0
  0
LINE
  5
EA
330
1F
100
AcDbEntity
  8
TopLayer
100
AcDbLine
 10
43.75900061999999
 20
68.71081
 30
0.0
 11
44.01172046
 21
68.76107913999999
 31
0.0
  0
LINE
  5
EB
330
1F
100
AcDbEntity
  8
TopLayer
100
AcDbLine
 10
44.01172046
 20
68.76107913999999
 30
0.0
 11
44.22596692
 21
68.90423353999999
 31
0.0
  0
LINE
  5
EC
330
1F
100
AcDbEntity
  8
TopLayer
100
AcDbLine
 10
44.22596692
 20
68.90423353999999
 30
0.0
 11
44.36912132
 21
69.11847999999999
 31
0.0
  0
LINE
  5
ED
330
1F
100
AcDbEntity
  8
TopLayer
100
AcDbLine
 10
44.36912132
 20
69.11847999999999
 30
0.0
 11
44.41939046
 21
69.37119984
 31
0.0
  0
LINE
  5
EE
330
1F
100
AcDbEntity
  8
TopLayer
100
AcDbLine
 10
44.41939046
 20
69.37119984
 30
0.0
 11
44.36912132
 21
69.62391968
 31
0.0
  0
LINE
  5
EF
330
1F
100
AcDbEntity
  8
TopLayer
100
AcDbLine
 10
44.36912132
 20
69.62391968
 30
0.0
 11
44.22596692
 21
69.83816614
 31
0.0
  0
LINE
  5
F0
330
1F
100
AcDbEntity
  8
TopLayer
100
AcDbLine
 10
44.22596692
 20
69.83816614
 30
0.0
 11
44.01172046
 21
69.98132054
 31
0.0
  0
LINE
  5
F1
330
1F
100
AcDbEntity
  8
TopLayer
100
AcDbLine
 10
72.16867456
 20
70.15372558
 30
0.0
 11
71.95899756
 21
70.1813303
 31
0.0
  0
LINE
  5
F2
330
1F
100
AcDbEntity
  8
TopLayer
100
AcDbLine
 10
71.95899756
 20
70.1813303
 30
0.0
 11
71.74932056
 21
70.15372558
 31
0.0
  0
LINE
  5
F3
330
1F
100
AcDbEntity
  8
TopLayer
100
AcDbLine
 10
71.74932056
 20
70.15372558
 30
0.0
 11
71.5539336
 21
70.07279356
 31
0.0
  0
LINE
  5
F4
330
1F
100
AcDbEntity
  8
TopLayer
100
AcDbLine
 10
71.5539336
 20
70.07279356
 30
0.0
 11
71.38614882
 21
69.94404858
 31
0.0
  0
LINE
  5
F5
330
1F
100
AcDbEntity
  8
TopLayer
100
AcDbLine
 10
71.38614882
 20
69.94404858
 30
0.0
 11
71.25740384
 21
69.7762638
 31
0.0
  0
LINE
  5
F6
330
1F
100
AcDbEntity
  8
TopLayer
100
AcDbLine
 10
71.25740384
 20
69.7762638
 30
0.0
 11
71.17647181999999
 21
69.58087684
 31
0.0
  0
LINE
  5
F7
330
1F
100
AcDbEntity
  8
TopLayer
100
AcDbLine
 10
71.17647181999999
 20
69.58087684
 30
0.0
 11
71.14886709999999
 21
69.37119984
 31
0.0
  0
LINE
  5
F8
330
1F
100
AcDbEntity
  8
TopLayer
100
AcDbLine
 10
71.14886709999999
 20
69.37119984
 30
0.0
 11
71.17647181999999
 21
69.16152283999999
 31
0.0
  0
LINE
  5
F9
330
1F
100
AcDbEntity
  8
TopLayer
100
AcDbLine
 10
71.17647181999999
 20
69.16152283999999
 30
0.0
 11
71.25740384
 21
68.96613588
 31
0.0
  0
LINE
  5
FA
330
1F
100
AcDbEntity
  8
TopLayer
100
AcDbLine
 10
71.25740384
 20
68.96613588
 30
0.0
 11
71.38614882
 21
68.79835109999999
 31
0.0
  0
LINE
  5
FB
330
1F
100
AcDbEntity
  8
TopLayer
100
AcDbLine
 10
71.38614882
 20
68.79835109999999
 30
0.0
 11
71.5539336
 21
68.66960612
 31
0.0
  0
LINE
  5
FC
330
1F
100
AcDbEntity
  8
TopLayer
100
AcDbLine
 10
71.5539336
 20
68.66960612
 30
0.0
 11
71.74932056
 21
68.58867409999999
 31
0.0
  0
LINE
  5
FD
330
1F
100
AcDbEntity
  8
TopLayer
100
AcDbLine
 10
71.74932056
 20
68.58867409999999
 30
0.0
 11
71.95899756
 21
68.56106937999999
 31
0.0
  0
LINE
  5
FE
330
1F
100
AcDbEntity
  8
TopLayer
100
AcDbLine
 10
71.95899756
 20
68.56106937999999
 30
0.0
 11
72.16867456
 21
68.58867409999999
 31
0.0
  0
LINE
  5
FF
330
1F
100
AcDbEntity
  8
TopLayer
100
AcDbLine
 10
72.16867456
 20
68.58867409999999
 30
0.0
 11
72.36406151999999
 21
68.66960612
 31
0.0
  0
LINE
  5
100
330
1F
100
AcDbEntity
  8
TopLayer
100
AcDbLine
 10
72.36406151999999
 20
68.66960612
 30
0.0
 11
72.5318463
 21
68.79835109999999
 31
0.0
  0
LINE
  5
101
330
1F
100
AcDbEntity
  8
TopLayer
100
AcDbLine
 10
72.5318463
 20
68.79835109999999
 30
0.0
 11
72.66059127999999
 21
68.96613588
 31
0.0
  0
LINE
  5
102
330
1F
100
AcDbEntity
  8
TopLayer
100
AcDbLine
 10
72.66059127999999
 20
68.96613588
 30
0.0
 11
72.7415233
 21
69.16152283999999
 31
0.0
  0
LINE
  5
103
330
1F
100
AcDbEntity
  8
TopLayer
100
AcDbLine
 10
72.7415233
 20
69.16152283999999
 30
0.0
 11
72.76912802
 21
69.37119984
 31
0.0
  0
LINE
  5
104
330
1F
100
AcDbEntity
  8
TopLayer
100
AcDbLine
 10
72.76912802
 20
69.37119984
 30
0.0
 11
72.7415233
 21
69.58087684
 31
0.0
  0
LINE
  5
105
330
1F
100
AcDbEntity
  8
TopLayer
100
AcDbLine
 10
72.7415233
 20
69.58087684
 30
0.0
 11
72.66059127999999
 21
69.7762638
 31
0.0
  0
LINE
  5
106
330
1F
100
AcDbEntity
  8
TopLayer
100
AcDbLine
 10
72.66059127999999
 20
69.7762638
 30
0.0
 11
72.5318463
 21
69.94404858
 31
0.0
  0
LINE
  5
107
330
1F
100
AcDbEntity
  8
TopLayer
100
AcDbLine
 10
72.5318463
 20
69.94404858
 30
0.0
 11
72.36406151999999
 21
70.07279356
 31
0.0
  0
LINE
  5
108
330
1F
100
AcDbEntity
  8
TopLayer
100
AcDbLine
 10
72.36406151999999
 20
70.07279356
 30
0.0
 11
72.16867456
 21
70.15372558
 31
0.0
  0
LINE
  5
109
330
1F
100
AcDbEntity
  8
BottomLayer
100
AcDbLine
 10
77.95259999999999
 20
93.90379999999999
 30
0.0
 11
77.978
 21
93.8784
 31
0.0
  0
LINE
  5
10A
330
1F
100
AcDbEntity
  8
BottomLayer
100
AcDbLine
 10
77.978
 20
93.8784
 30
0.0
 11
77.978
 21
75.07625066
 31
0.0
  0
LINE
  5
10B
330
1F
100
AcDbEntity
  8
BottomLayer
100
AcDbLine
 10
77.978
 20
75.07625066
 30
0.0
 11
77.851
 21
75.05741148
 31
0.0
  0
LINE
  5
10C
330
1F
100
AcDbEntity
  8
BottomLayer
100
AcDbLine
 10
77.851
 20
75.05741148
 30
0.0
 11
77.76891735999999
 21
75.32800021999999
 31
0.0
  0
LINE
  5
10D
330
1F
100
AcDbEntity
  8
BottomLayer
100
AcDbLine
 10
77.76891735999999
 20
75.32800021999999
 30
0.0
 11
77.53787134
 21
75.76025742
 31
0.0
  0
LINE
  5
10E
330
1F
100
AcDbEntity
  8
BottomLayer
100
AcDbLine
 10
77.53787134
 20
75.76025742
 30
0.0
 11
77.2269347
 21
76.13913652
 31
0.0
  0
LINE
  5
10F
330
1F
100
AcDbEntity
  8
BottomLayer
100
AcDbLine
 10
77.2269347
 20
76.13913652
 30
0.0
 11
76.8480556
 21
76.45007316
 31
0.0
  0
LINE
  5
110
330
1F
100
AcDbEntity
  8
BottomLayer
100
AcDbLine
 10
76.8480556
 20
76.45007316
 30
0.0
 11
76.4157984
 21
76.68111918
 31
0.0
  0
LINE
  5
111
330
1F
100
AcDbEntity
  8
BottomLayer
100
AcDbLine
 10
76.4157984
 20
76.68111918
 30
0.0
 11
75.94676962
 21
76.82339728
 31
0.0
  0
LINE
  5
112
330
1F
100
AcDbEntity
  8
BottomLayer
100
AcDbLine
 10
75.94676962
 20
76.82339728
 30
0.0
 11
75.45899818
 21
76.87143884
 31
0.0
  0
LINE
  5
113
330
1F
100
AcDbEntity
  8
BottomLayer
100
AcDbLine
 10
75.45899818
 20
76.87143884
 30
0.0
 11
74.97122673999999
 21
76.82339728
 31
0.0
  0
LINE
  5
114
330
1F
100
AcDbEntity
  8
BottomLayer
100
AcDbLine
 10
74.97122673999999
 20
76.82339728
 30
0.0
 11
74.50219795999999
 21
76.68111918
 31
0.0
  0
LINE
  5
115
330
1F
100
AcDbEntity
  8
BottomLayer
100
AcDbLine
 10
74.50219795999999
 20
76.68111918
 30
0.0
 11
74.06994076
 21
76.45007316
 31
0.0
  0
LINE
  5
116
330
1F
100
AcDbEntity
  8
BottomLayer
100
AcDbLine
 10
74.06994076
 20
76.45007316
 30
0.0
 11
73.69106166
 21
76.13913652
 31
0.0
  0
LINE
  5
117
330
1F
100
AcDbEntity
  8
BottomLayer
100
AcDbLine
 10
73.69106166
 20
76.13913652
 30
0.0
 11
73.38012502
 21
75.76025742
 31
0.0
  0
LINE
  5
118
330
1F
100
AcDbEntity
  8
BottomLayer
100
AcDbLine
 10
73.38012502
 20
75.76025742
 30
0.0
 11
73.149079
 21
75.32800021999999
 31
0.0
  0
LINE
  5
119
330
1F
100
AcDbEntity
  8
BottomLayer
100
AcDbLine
 10
73.149079
 20
75.32800021999999
 30
0.0
 11
73.0068009
 21
74.85897143999999
 31
0.0
  0
LINE
  5
11A
330
1F
100
AcDbEntity
  8
BottomLayer
100
AcDbLine
 10
73.0068009
 20
74.85897143999999
 30
0.0
 11
72.95875934
 21
74.3712
 31
0.0
  0
LINE
  5
11B
330
1F
100
AcDbEntity
  8
BottomLayer
100
AcDbLine
 10
72.95875934
 20
74.3712
 30
0.0
 11
73.0068009
 21
73.88342856
 31
0.0
  0
LINE
  5
11C
330
1F
100
AcDbEntity
  8
BottomLayer
100
AcDbLine
 10
73.0068009
 20
73.88342856
 30
0.0
 11
73.149079
 21
73.41439978
 31
0.0
  0
LINE
  5
11D
330
1F
100
AcDbEntity
  8
BottomLayer
100
AcDbLine
 10
73.149079
 20
73.41439978
 30
0.0
 11
73.38012502
 21
72.98214258
 31
0.0
  0
LINE
  5
11E
330
1F
100
AcDbEntity
  8
BottomLayer
100
AcDbLine
 10
73.38012502
 20
72.98214258
 30
0.0
 11
73.69106166
 21
72.60326348
 31
0.0
  0
LINE
  5
11F
330
1F
100
AcDbEntity
  8
BottomLayer
100
AcDbLine
 10
73.69106166
 20
72.60326348
 30
0.0
 11
74.06994076
 21
72.29232684
 31
0.0
  0
LINE
  5
120
330
1F
100
AcDbEntity
  8
BottomLayer
100
AcDbLine
 10
74.06994076
 20
72.29232684
 30
0.0
 11
74.50219795999999
 21
72.06128082
 31
0.0
  0
LINE
  5
121
330
1F
100
AcDbEntity
  8
BottomLayer
100
AcDbLine
 10
74.50219795999999
 20
72.06128082
 30
0.0
 11
74.97122673999999
 21
71.91900272
 31
0.0
  0
LINE
  5
122
330
1F
100
AcDbEntity
  8
BottomLayer
100
AcDbLine
 10
74.97122673999999
 20
71.91900272
 30
0.0
 11
75.45899818
 21
71.87096116
 31
0.0
  0
LINE
  5
123
330
1F
100
AcDbEntity
  8
BottomLayer
100
AcDbLine
 10
75.45899818
 20
71.87096116
 30
0.0
 11
75.94676962
 21
71.91900272
 31
0.0
  0
LINE
  5
124
330
1F
100
AcDbEntity
  8
BottomLayer
100
AcDbLine
 10
75.94676962
 20
71.91900272
 30
0.0
 11
76.4157984
 21
72.06128082
 31
0.0
  0
LINE
  5
125
330
1F
100
AcDbEntity
  8
BottomLayer
100
AcDbLine
 10
76.4157984
 20
72.06128082
 30
0.0
 11
76.8480556
 21
72.29232684
 31
0.0
  0
LINE
  5
126
330
1F
100
AcDbEntity
  8
BottomLayer
100
AcDbLine
 10
76.8480556
 20
72.29232684
 30
0.0
 11
77.2269347
 21
72.60326348
 31
0.0
  0
LINE
  5
127
330
1F
100
AcDbEntity
  8
BottomLayer
100
AcDbLine
 10
77.2269347
 20
72.60326348
 30
0.0
 11
77.53787134
 21
72.98214258
 31
0.0
  0
LINE
  5
128
330
1F
100
AcDbEntity
  8
BottomLayer
100
AcDbLine
 10
77.53787134
 20
72.98214258
 30
0.0
 11
77.76891735999999
 21
73.41439978
 31
0.0
  0
LINE
  5
129
330
1F
100
AcDbEntity
  8
BottomLayer
100
AcDbLine
 10
77.76891735999999
 20
73.41439978
 30
0.0
 11
77.851
 21
73.68498851999999
 31
0.0
  0
LINE
  5
12A
330
1F
100
AcDbEntity
  8
BottomLayer
100
AcDbLine
 10
77.851
 20
73.68498851999999
 30
0.0
 11
77.978
 21
73.66614933999999
 31
0.0
  0
LINE
  5
12B
330
1F
100
AcDbEntity
  8
BottomLayer
100
AcDbLine
 10
77.978
 20
73.66614933999999
 30
0.0
 11
77.978
 21
58.03899999999999
 31
0.0
  0
LINE
  5
12C
330
1F
100
AcDbEntity
  8
BottomLayer
100
AcDbLine
 10
77.978
 20
58.03899999999999
 30
0.0
 11
37.7952
 21
58.03899999999999
 31
0.0
  0
LINE
  5
12D
330
1F
100
AcDbEntity
  8
BottomLayer
100
AcDbLine
 10
37.7952
 20
58.03899999999999
 30
0.0
 11
37.7444
 21
58.0898
 31
0.0
  0
LINE
  5
12E
330
1F
100
AcDbEntity
  8
BottomLayer
100
AcDbLine
 10
37.7444
 20
58.0898
 30
0.0
 11
37.7444
 21
73.65163831999999
 31
0.0
  0
LINE
  5
12F
330
1F
100
AcDbEntity
  8
BottomLayer
100
AcDbLine
 10
37.7444
 20
73.65163831999999
 30
0.0
 11
37.8714
 21
73.67047749999999
 31
0.0
  0
LINE
  5
130
330
1F
100
AcDbEntity
  8
BottomLayer
100
AcDbLine
 10
37.8714
 20
73.67047749999999
 30
0.0
 11
37.94908082
 21
73.41439978
 31
0.0
  0
LINE
  5
131
330
1F
100
AcDbEntity
  8
BottomLayer
100
AcDbLine
 10
37.94908082
 20
73.41439978
 30
0.0
 11
38.18012684
 21
72.98214258
 31
0.0
  0
LINE
  5
132
330
1F
100
AcDbEntity
  8
BottomLayer
100
AcDbLine
 10
38.18012684
 20
72.98214258
 30
0.0
 11
38.49106348
 21
72.60326348
 31
0.0
  0
LINE
  5
133
330
1F
100
AcDbEntity
  8
BottomLayer
100
AcDbLine
 10
38.49106348
 20
72.60326348
 30
0.0
 11
38.86994258
 21
72.29232684
 31
0.0
  0
LINE
  5
134
330
1F
100
AcDbEntity
  8
BottomLayer
100
AcDbLine
 10
38.86994258
 20
72.29232684
 30
0.0
 11
39.30219978
 21
72.06128082
 31
0.0
  0
LINE
  5
135
330
1F
100
AcDbEntity
  8
BottomLayer
100
AcDbLine
 10
39.30219978
 20
72.06128082
 30
0.0
 11
39.77122856
 21
71.91900272
 31
0.0
  0
LINE
  5
136
330
1F
100
AcDbEntity
  8
BottomLayer
100
AcDbLine
 10
39.77122856
 20
71.91900272
 30
0.0
 11
40.259
 21
71.87096116
 31
0.0
  0
LINE
  5
137
330
1F
100
AcDbEntity
  8
BottomLayer
100
AcDbLine
 10
40.259
 20
71.87096116
 30
0.0
 11
40.74677144
 21
71.91900272
 31
0.0
  0
LINE
  5
138
330
1F
100
AcDbEntity
  8
BottomLayer
100
AcDbLine
 10
40.74677144
 20
71.91900272
 30
0.0
 11
41.21580022
 21
72.06128082
 31
0.0
  0
LINE
  5
139
330
1F
100
AcDbEntity
  8
BottomLayer
100
AcDbLine
 10
41.21580022
 20
72.06128082
 30
0.0
 11
41.64805742
 21
72.29232684
 31
0.0
  0
LINE
  5
13A
330
1F
100
AcDbEntity
  8
BottomLayer
100
AcDbLine
 10
41.64805742
 20
72.29232684
 30
0.0
 11
42.02693652
 21
72.60326348
 31
0.0
  0
LINE
  5
13B
330
1F
100
AcDbEntity
  8
BottomLayer
100
AcDbLine
 10
42.02693652
 20
72.60326348
 30
0.0
 11
42.33787316
 21
72.98214258
 31
0.0
  0
LINE
  5
13C
330
1F
100
AcDbEntity
  8
BottomLayer
100
AcDbLine
 10
42.33787316
 20
72.98214258
 30
0.0
 11
42.56891917999999
 21
73.41439978
 31
0.0
  0
LINE
  5
13D
330
1F
100
AcDbEntity
  8
BottomLayer
100
AcDbLine
 10
42.56891917999999
 20
73.41439978
 30
0.0
 11
42.71119728
 21
73.88342856
 31
0.0
  0
LINE
  5
13E
330
1F
100
AcDbEntity
  8
BottomLayer
100
AcDbLine
 10
42.71119728
 20
73.88342856
 30
0.0
 11
42.75923883999999
 21
74.3712
 31
0.0
  0
LINE
  5
13F
330
1F
100
AcDbEntity
  8
BottomLayer
100
AcDbLine
 10
42.75923883999999
 20
74.3712
 30
0.0
 11
42.71119728
 21
74.85897143999999
 31
0.0
  0
LINE
  5
140
330
1F
100
AcDbEntity
  8
BottomLayer
100
AcDbLine
 10
42.71119728
 20
74.85897143999999
 30
0.0
 11
42.56891917999999
 21
75.32800021999999
 31
0.0
  0
LINE
  5
141
330
1F
100
AcDbEntity
  8
BottomLayer
100
AcDbLine
 10
42.56891917999999
 20
75.32800021999999
 30
0.0
 11
42.33787316
 21
75.76025742
 31
0.0
  0
LINE
  5
142
330
1F
100
AcDbEntity
  8
BottomLayer
100
AcDbLine
 10
42.33787316
 20
75.76025742
 30
0.0
 11
42.02693652
 21
76.13913652
 31
0.0
  0
LINE
  5
143
330
1F
100
AcDbEntity
  8
BottomLayer
100
AcDbLine
 10
42.02693652
 20
76.13913652
 30
0.0
 11
41.64805742
 21
76.45007316
 31
0.0
  0
LINE
  5
144
330
1F
100
AcDbEntity
  8
BottomLayer
100
AcDbLine
 10
41.64805742
 20
76.45007316
 30
0.0
 11
41.21580022
 21
76.68111918
 31
0.0
  0
LINE
  5
145
330
1F
100
AcDbEntity
  8
BottomLayer
100
AcDbLine
 10
41.21580022
 20
76.68111918
 30
0.0
 11
40.74677144
 21
76.82339728
 31
0.0
  0
LINE
  5
146
330
1F
100
AcDbEntity
  8
BottomLayer
100
AcDbLine
 10
40.74677144
 20
76.82339728
 30
0.0
 11
40.259
 21
76.87143884
 31
0.0
  0
LINE
  5
147
330
1F
100
AcDbEntity
  8
BottomLayer
100
AcDbLine
 10
40.259
 20
76.87143884
 30
0.0
 11
39.77122856
 21
76.82339728
 31
0.0
  0
LINE
  5
148
330
1F
100
AcDbEntity
  8
BottomLayer
100
AcDbLine
 10
39.77122856
 20
76.82339728
 30
0.0
 11
39.30219978
 21
76.68111918
 31
0.0
  0
LINE
  5
149
330
1F
100
AcDbEntity
  8
BottomLayer
100
AcDbLine
 10
39.30219978
 20
76.68111918
 30
0.0
 11
38.86994258
 21
76.45007316
 31
0.0
  0
LINE
  5
14A
330
1F
100
AcDbEntity
  8
BottomLayer
100
AcDbLine
 10
38.86994258
 20
76.45007316
 30
0.0
 11
38.49106348
 21
76.13913652
 31
0.0
  0
LINE
  5
14B
330
1F
100
AcDbEntity
  8
BottomLayer
100
AcDbLine
 10
38.49106348
 20
76.13913652
 30
0.0
 11
38.18012684
 21
75.76025742
 31
0.0
  0
LINE
  5
14C
330
1F
100
AcDbEntity
  8
BottomLayer
100
AcDbLine
 10
38.18012684
 20
75.76025742
 30
0.0
 11
37.94908082
 21
75.32800021999999
 31
0.0
  0
LINE
  5
14D
330
1F
100
AcDbEntity
  8
BottomLayer
100
AcDbLine
 10
37.94908082
 20
75.32800021999999
 30
0.0
 11
37.8714
 21
75.0719225
 31
0.0
  0
LINE
  5
14E
330
1F
100
AcDbEntity
  8
BottomLayer
100
AcDbLine
 10
37.8714
 20
75.0719225
 30
0.0
 11
37.7444
 21
75.09076168
 31
0.0
  0
LINE
  5
14F
330
1F
100
AcDbEntity
  8
BottomLayer
100
AcDbLine
 10
37.7444
 20
75.09076168
 30
0.0
 11
37.7444
 21
93.90379999999999
 31
0.0
  0
LINE
  5
150
330
1F
100
AcDbEntity
  8
BottomLayer
100
AcDbLine
 10
37.7444
 20
93.90379999999999
 30
0.0
 11
77.95259999999999
 21
93.90379999999999
 31
0.0
  0
LINE
  5
151
330
1F
100
AcDbEntity
  8
BottomLayer
100
AcDbLine
 10
69.23040256
 20
81.57120083999999
 30
0.0
 11
69.23040256
 21
83.02520098
 31
0.0
  0
LINE
  5
152
330
1F
100
AcDbEntity
  8
BottomLayer
100
AcDbLine
 10
69.23040256
 20
83.02520098
 30
0.0
 11
69.00500296
 21
83.02520098
 31
0.0
  0
LINE
  5
153
330
1F
100
AcDbEntity
  8
BottomLayer
100
AcDbLine
 10
69.00500296
 20
83.02520098
 30
0.0
 11
69.00500296
 21
82.97440098
 31
0.0
  0
LINE
  5
154
330
1F
100
AcDbEntity
  8
BottomLayer
100
AcDbLine
 10
69.00500296
 20
82.97440098
 30
0.0
 11
62.71300132
 21
82.97440098
 31
0.0
  0
LINE
  5
155
330
1F
100
AcDbEntity
  8
BottomLayer
100
AcDbLine
 10
62.71300132
 20
82.97440098
 30
0.0
 11
62.71300132
 21
83.02520098
 31
0.0
  0
LINE
  5
156
330
1F
100
AcDbEntity
  8
BottomLayer
100
AcDbLine
 10
62.71300132
 20
83.02520098
 30
0.0
 11
62.48760171999999
 21
83.02520098
 31
0.0
  0
LINE
  5
157
330
1F
100
AcDbEntity
  8
BottomLayer
100
AcDbLine
 10
62.48760171999999
 20
83.02520098
 30
0.0
 11
62.48760171999999
 21
81.57120083999999
 31
0.0
  0
LINE
  5
158
330
1F
100
AcDbEntity
  8
BottomLayer
100
AcDbLine
 10
62.48760171999999
 20
81.57120083999999
 30
0.0
 11
62.48760171999999
 21
80.1172007
 31
0.0
  0
LINE
  5
159
330
1F
100
AcDbEntity
  8
BottomLayer
100
AcDbLine
 10
62.48760171999999
 20
80.1172007
 30
0.0
 11
62.71300132
 21
80.1172007
 31
0.0
  0
LINE
  5
15A
330
1F
100
AcDbEntity
  8
BottomLayer
100
AcDbLine
 10
62.71300132
 20
80.1172007
 30
0.0
 11
62.71300132
 21
80.1680007
 31
0.0
  0
LINE
  5
15B
330
1F
100
AcDbEntity
  8
BottomLayer
100
AcDbLine
 10
62.71300132
 20
80.1680007
 30
0.0
 11
69.00500296
 21
80.1680007
 31
0.0
  0
LINE
  5
15C
330
1F
100
AcDbEntity
  8
BottomLayer
100
AcDbLine
 10
69.00500296
 20
80.1680007
 30
0.0
 11
69.00500296
 21
80.1172007
 31
0.0
  0
LINE
  5
15D
330
1F
100
AcDbEntity
  8
BottomLayer
100
AcDbLine
 10
69.00500296
 20
80.1172007
 30
0.0
 11
69.23040256
 21
80.1172007
 31
0.0
  0
LINE
  5
15E
330
1F
100
AcDbEntity
  8
BottomLayer
100
AcDbLine
 10
69.23040256
 20
80.1172007
 30
0.0
 11
69.23040256
 21
81.57120083999999
 31
0.0
  0
LINE
  5
15F
330
1F
100
AcDbEntity
  8
BottomLayer
100
AcDbLine
 10
62.03040171999999
 20
81.57120083999999
 30
0.0
 11
62.03040171999999
 21
83.02520098
 31
0.0
  0
LINE
  5
160
330
1F
100
AcDbEntity
  8
BottomLayer
100
AcDbLine
 10
62.03040171999999
 20
83.02520098
 30
0.0
 11
61.80500212
 21
83.02520098
 31
0.0
  0
LINE
  5
161
330
1F
100
AcDbEntity
  8
BottomLayer
100
AcDbLine
 10
61.80500212
 20
83.02520098
 30
0.0
 11
61.80500212
 21
82.97440098
 31
0.0
  0
LINE
  5
162
330
1F
100
AcDbEntity
  8
BottomLayer
100
AcDbLine
 10
61.80500212
 20
82.97440098
 30
0.0
 11
61.15430491999999
 21
82.97440098
 31
0.0
  0
LINE
  5
163
330
1F
100
AcDbEntity
  8
BottomLayer
100
AcDbLine
 10
61.15430491999999
 20
82.97440098
 30
0.0
 11
61.05580118
 21
82.97440352
 31
0.0
  0
LINE
  5
164
330
1F
100
AcDbEntity
  8
BottomLayer
100
AcDbLine
 10
61.05580118
 20
82.97440352
 30
0.0
 11
60.92879864
 21
82.97440098
 31
0.0
  0
LINE
  5
165
330
1F
100
AcDbEntity
  8
BottomLayer
100
AcDbLine
 10
60.92879864
 20
82.97440098
 30
0.0
 11
60.25900064
 21
82.97440352
 31
0.0
  0
LINE
  5
166
330
1F
100
AcDbEntity
  8
BottomLayer
100
AcDbLine
 10
60.25900064
 20
82.97440352
 30
0.0
 11
60.16369984
 21
82.97440098
 31
0.0
  0
LINE
  5
167
330
1F
100
AcDbEntity
  8
BottomLayer
100
AcDbLine
 10
60.16369984
 20
82.97440098
 30
0.0
 11
59.58920264
 21
82.97440098
 31
0.0
  0
LINE
  5
168
330
1F
100
AcDbEntity
  8
BottomLayer
100
AcDbLine
 10
59.58920264
 20
82.97440098
 30
0.0
 11
59.49070144
 21
82.97440352
 31
0.0
  0
LINE
  5
169
330
1F
100
AcDbEntity
  8
BottomLayer
100
AcDbLine
 10
59.49070144
 20
82.97440352
 30
0.0
 11
59.3636989
 21
82.97440098
 31
0.0
  0
LINE
  5
16A
330
1F
100
AcDbEntity
  8
BottomLayer
100
AcDbLine
 10
59.3636989
 20
82.97440098
 30
0.0
 11
55.51300048
 21
82.97440098
 31
0.0
  0
LINE
  5
16B
330
1F
100
AcDbEntity
  8
BottomLayer
100
AcDbLine
 10
55.51300048
 20
82.97440098
 30
0.0
 11
55.51300048
 21
83.02520098
 31
0.0
  0
LINE
  5
16C
330
1F
100
AcDbEntity
  8
BottomLayer
100
AcDbLine
 10
55.51300048
 20
83.02520098
 30
0.0
 11
55.28760088
 21
83.02520098
 31
0.0
  0
LINE
  5
16D
330
1F
100
AcDbEntity
  8
BottomLayer
100
AcDbLine
 10
55.28760088
 20
83.02520098
 30
0.0
 11
55.28760088
 21
81.57120083999999
 31
0.0
  0
LINE
  5
16E
330
1F
100
AcDbEntity
  8
BottomLayer
100
AcDbLine
 10
55.28760088
 20
81.57120083999999
 30
0.0
 11
55.28760088
 21
80.1172007
 31
0.0
  0
LINE
  5
16F
330
1F
100
AcDbEntity
  8
BottomLayer
100
AcDbLine
 10
55.28760088
 20
80.1172007
 30
0.0
 11
55.51300048
 21
80.1172007
 31
0.0
  0
LINE
  5
170
330
1F
100
AcDbEntity
  8
BottomLayer
100
AcDbLine
 10
55.51300048
 20
80.1172007
 30
0.0
 11
55.51300048
 21
80.1680007
 31
0.0
  0
LINE
  5
171
330
1F
100
AcDbEntity
  8
BottomLayer
100
AcDbLine
 10
55.51300048
 20
80.1680007
 30
0.0
 11
59.3636989
 21
80.1680007
 31
0.0
  0
LINE
  5
172
330
1F
100
AcDbEntity
  8
BottomLayer
100
AcDbLine
 10
59.3636989
 20
80.1680007
 30
0.0
 11
59.4622001
 21
80.16799816
 31
0.0
  0
LINE
  5
173
330
1F
100
AcDbEntity
  8
BottomLayer
100
AcDbLine
 10
59.4622001
 20
80.16799816
 30
0.0
 11
59.58920264
 21
80.1680007
 31
0.0
  0
LINE
  5
174
330
1F
100
AcDbEntity
  8
BottomLayer
100
AcDbLine
 10
59.58920264
 20
80.1680007
 30
0.0
 11
60.25900317999999
 21
80.16799816
 31
0.0
  0
LINE
  5
175
330
1F
100
AcDbEntity
  8
BottomLayer
100
AcDbLine
 10
60.25900317999999
 20
80.16799816
 30
0.0
 11
60.35430398
 21
80.1680007
 31
0.0
  0
LINE
  5
176
330
1F
100
AcDbEntity
  8
BottomLayer
100
AcDbLine
 10
60.35430398
 20
80.1680007
 30
0.0
 11
60.92879864
 21
80.1680007
 31
0.0
  0
LINE
  5
177
330
1F
100
AcDbEntity
  8
BottomLayer
100
AcDbLine
 10
60.92879864
 20
80.1680007
 30
0.0
 11
61.02730237999999
 21
80.16799816
 31
0.0
  0
LINE
  5
178
330
1F
100
AcDbEntity
  8
BottomLayer
100
AcDbLine
 10
61.02730237999999
 20
80.16799816
 30
0.0
 11
61.15430491999999
 21
80.1680007
 31
0.0
  0
LINE
  5
179
330
1F
100
AcDbEntity
  8
BottomLayer
100
AcDbLine
 10
61.15430491999999
 20
80.1680007
 30
0.0
 11
61.80500212
 21
80.1680007
 31
0.0
  0
LINE
  5
17A
330
1F
100
AcDbEntity
  8
BottomLayer
100
AcDbLine
 10
61.80500212
 20
80.1680007
 30
0.0
 11
61.80500212
 21
80.1172007
 31
0.0
  0
LINE
  5
17B
330
1F
100
AcDbEntity
  8
BottomLayer
100
AcDbLine
 10
61.80500212
 20
80.1172007
 30
0.0
 11
62.03040171999999
 21
80.1172007
 31
0.0
  0
LINE
  5
17C
330
1F
100
AcDbEntity
  8
BottomLayer
100
AcDbLine
 10
62.03040171999999
 20
80.1172007
 30
0.0
 11
62.03040171999999
 21
81.57120083999999
 31
0.0
  0
LINE
  5
17D
330
1F
100
AcDbEntity
  8
BottomLayer
100
AcDbLine
 10
54.83040088
 20
81.57120083999999
 30
0.0
 11
54.83040088
 21
83.02520098
 31
0.0
  0
LINE
  5
17E
330
1F
100
AcDbEntity
  8
BottomLayer
100
AcDbLine
 10
54.83040088
 20
83.02520098
 30
0.0
 11
54.60500128
 21
83.02520098
 31
0.0
  0
LINE
  5
17F
330
1F
100
AcDbEntity
  8
BottomLayer
100
AcDbLine
 10
54.60500128
 20
83.02520098
 30
0.0
 11
54.60500128
 21
82.97440098
 31
0.0
  0
LINE
  5
180
330
1F
100
AcDbEntity
  8
BottomLayer
100
AcDbLine
 10
54.60500128
 20
82.97440098
 30
0.0
 11
51.5543038
 21
82.97440098
 31
0.0
  0
LINE
  5
181
330
1F
100
AcDbEntity
  8
BottomLayer
100
AcDbLine
 10
51.5543038
 20
82.97440098
 30
0.0
 11
51.4558026
 21
82.97440352
 31
0.0
  0
LINE
  5
182
330
1F
100
AcDbEntity
  8
BottomLayer
100
AcDbLine
 10
51.4558026
 20
82.97440352
 30
0.0
 11
51.32880006
 21
82.97440098
 31
0.0
  0
LINE
  5
183
330
1F
100
AcDbEntity
  8
BottomLayer
100
AcDbLine
 10
51.32880006
 20
82.97440098
 30
0.0
 11
50.65900206
 21
82.97440352
 31
0.0
  0
LINE
  5
184
330
1F
100
AcDbEntity
  8
BottomLayer
100
AcDbLine
 10
50.65900206
 20
82.97440352
 30
0.0
 11
50.56369872
 21
82.97440098
 31
0.0
  0
LINE
  5
185
330
1F
100
AcDbEntity
  8
BottomLayer
100
AcDbLine
 10
50.56369872
 20
82.97440098
 30
0.0
 11
49.85900111999999
 21
82.97440352
 31
0.0
  0
LINE
  5
186
330
1F
100
AcDbEntity
  8
BottomLayer
100
AcDbLine
 10
49.85900111999999
 20
82.97440352
 30
0.0
 11
49.76370032
 21
82.97440098
 31
0.0
  0
LINE
  5
187
330
1F
100
AcDbEntity
  8
BottomLayer
100
AcDbLine
 10
49.76370032
 20
82.97440098
 30
0.0
 11
49.18920311999999
 21
82.97440098
 31
0.0
  0
LINE
  5
188
330
1F
100
AcDbEntity
  8
BottomLayer
100
AcDbLine
 10
49.18920311999999
 20
82.97440098
 30
0.0
 11
49.09070192
 21
82.97440352
 31
0.0
  0
LINE
  5
189
330
1F
100
AcDbEntity
  8
BottomLayer
100
AcDbLine
 10
49.09070192
 20
82.97440352
 30
0.0
 11
48.96369937999999
 21
82.97440098
 31
0.0
  0
LINE
  5
18A
330
1F
100
AcDbEntity
  8
BottomLayer
100
AcDbLine
 10
48.96369937999999
 20
82.97440098
 30
0.0
 11
48.31300218
 21
82.97440098
 31
0.0
  0
LINE
  5
18B
330
1F
100
AcDbEntity
  8
BottomLayer
100
AcDbLine
 10
48.31300218
 20
82.97440098
 30
0.0
 11
48.31300218
 21
83.02520098
 31
0.0
  0
LINE
  5
18C
330
1F
100
AcDbEntity
  8
BottomLayer
100
AcDbLine
 10
48.31300218
 20
83.02520098
 30
0.0
 11
48.08760766
 21
83.02520098
 31
0.0
  0
LINE
  5
18D
330
1F
100
AcDbEntity
  8
BottomLayer
100
AcDbLine
 10
48.08760766
 20
83.02520098
 30
0.0
 11
48.08760766
 21
81.57120083999999
 31
0.0
  0
LINE
  5
18E
330
1F
100
AcDbEntity
  8
BottomLayer
100
AcDbLine
 10
48.08760766
 20
81.57120083999999
 30
0.0
 11
48.08760766
 21
80.1172007
 31
0.0
  0
LINE
  5
18F
330
1F
100
AcDbEntity
  8
BottomLayer
100
AcDbLine
 10
48.08760766
 20
80.1172007
 30
0.0
 11
48.31300218
 21
80.1172007
 31
0.0
  0
LINE
  5
190
330
1F
100
AcDbEntity
  8
BottomLayer
100
AcDbLine
 10
48.31300218
 20
80.1172007
 30
0.0
 11
48.31300218
 21
80.1680007
 31
0.0
  0
LINE
  5
191
330
1F
100
AcDbEntity
  8
BottomLayer
100
AcDbLine
 10
48.31300218
 20
80.1680007
 30
0.0
 11
48.96369937999999
 21
80.1680007
 31
0.0
  0
LINE
  5
192
330
1F
100
AcDbEntity
  8
BottomLayer
100
AcDbLine
 10
48.96369937999999
 20
80.1680007
 30
0.0
 11
49.06220058
 21
80.16799816
 31
0.0
  0
LINE
  5
193
330
1F
100
AcDbEntity
  8
BottomLayer
100
AcDbLine
 10
49.06220058
 20
80.16799816
 30
0.0
 11
49.18920311999999
 21
80.1680007
 31
0.0
  0
LINE
  5
194
330
1F
100
AcDbEntity
  8
BottomLayer
100
AcDbLine
 10
49.18920311999999
 20
80.1680007
 30
0.0
 11
49.85900366
 21
80.16799816
 31
0.0
  0
LINE
  5
195
330
1F
100
AcDbEntity
  8
BottomLayer
100
AcDbLine
 10
49.85900366
 20
80.16799816
 30
0.0
 11
49.95430446
 21
80.1680007
 31
0.0
  0
LINE
  5
196
330
1F
100
AcDbEntity
  8
BottomLayer
100
AcDbLine
 10
49.95430446
 20
80.1680007
 30
0.0
 11
50.65900206
 21
80.16799816
 31
0.0
  0
LINE
  5
197
330
1F
100
AcDbEntity
  8
BottomLayer
100
AcDbLine
 10
50.65900206
 20
80.16799816
 30
0.0
 11
50.7543054
 21
80.1680007
 31
0.0
  0
LINE
  5
198
330
1F
100
AcDbEntity
  8
BottomLayer
100
AcDbLine
 10
50.7543054
 20
80.1680007
 30
0.0
 11
51.32880006
 21
80.1680007
 31
0.0
  0
LINE
  5
199
330
1F
100
AcDbEntity
  8
BottomLayer
100
AcDbLine
 10
51.32880006
 20
80.1680007
 30
0.0
 11
51.42730126
 21
80.16799816
 31
0.0
  0
LINE
  5
19A
330
1F
100
AcDbEntity
  8
BottomLayer
100
AcDbLine
 10
51.42730126
 20
80.16799816
 30
0.0
 11
51.5543038
 21
80.1680007
 31
0.0
  0
LINE
  5
19B
330
1F
100
AcDbEntity
  8
BottomLayer
100
AcDbLine
 10
51.5543038
 20
80.1680007
 30
0.0
 11
54.60500128
 21
80.1680007
 31
0.0
  0
LINE
  5
19C
330
1F
100
AcDbEntity
  8
BottomLayer
100
AcDbLine
 10
54.60500128
 20
80.1680007
 30
0.0
 11
54.60500128
 21
80.1172007
 31
0.0
  0
LINE
  5
19D
330
1F
100
AcDbEntity
  8
BottomLayer
100
AcDbLine
 10
54.60500128
 20
80.1172007
 30
0.0
 11
54.83040088
 21
80.1172007
 31
0.0
  0
LINE
  5
19E
330
1F
100
AcDbEntity
  8
BottomLayer
100
AcDbLine
 10
54.83040088
 20
80.1172007
 30
0.0
 11
54.83040088
 21
81.57120083999999
 31
0.0
  0
LINE
  5
19F
330
1F
100
AcDbEntity
  8
BottomLayer
100
AcDbLine
 10
69.91300215999999
 20
81.79980083999999
 30
0.0
 11
69.91300215999999
 21
83.02520098
 31
0.0
  0
LINE
  5
1A0
330
1F
100
AcDbEntity
  8
BottomLayer
100
AcDbLine
 10
69.91300215999999
 20
83.02520098
 30
0.0
 11
69.68760256
 21
83.02520098
 31
0.0
  0
LINE
  5
1A1
330
1F
100
AcDbEntity
  8
BottomLayer
100
AcDbLine
 10
69.68760256
 20
83.02520098
 30
0.0
 11
69.68760256
 21
81.79980083999999
 31
0.0
  0
LINE
  5
1A2
330
1F
100
AcDbEntity
  8
BottomLayer
100
AcDbLine
 10
69.68760256
 20
81.79980083999999
 30
0.0
 11
69.91300215999999
 21
81.79980083999999
 31
0.0
  0
LINE
  5
1A3
330
1F
100
AcDbEntity
  8
BottomLayer
100
AcDbLine
 10
69.91300215999999
 20
80.1172007
 30
0.0
 11
69.91300215999999
 21
81.34260083999999
 31
0.0
  0
LINE
  5
1A4
330
1F
100
AcDbEntity
  8
BottomLayer
100
AcDbLine
 10
69.91300215999999
 20
81.34260083999999
 30
0.0
 11
69.68760256
 21
81.34260083999999
 31
0.0
  0
LINE
  5
1A5
330
1F
100
AcDbEntity
  8
BottomLayer
100
AcDbLine
 10
69.68760256
 20
81.34260083999999
 30
0.0
 11
69.68760256
 21
80.1172007
 31
0.0
  0
LINE
  5
1A6
330
1F
100
AcDbEntity
  8
BottomLayer
100
AcDbLine
 10
69.68760256
 20
80.1172007
 30
0.0
 11
69.91300215999999
 21
80.1172007
 31
0.0
  0
LINE
  5
1A7
330
1F
100
AcDbEntity
  8
BottomLayer
100
AcDbLine
 10
47.63040766
 20
81.57120083999999
 30
0.0
 11
47.63040766
 21
83.02520098
 31
0.0
  0
LINE
  5
1A8
330
1F
100
AcDbEntity
  8
BottomLayer
100
AcDbLine
 10
47.63040766
 20
83.02520098
 30
0.0
 11
47.28760164
 21
83.02520098
 31
0.0
  0
LINE
  5
1A9
330
1F
100
AcDbEntity
  8
BottomLayer
100
AcDbLine
 10
47.28760164
 20
83.02520098
 30
0.0
 11
47.28760164
 21
81.57120083999999
 31
0.0
  0
LINE
  5
1AA
330
1F
100
AcDbEntity
  8
BottomLayer
100
AcDbLine
 10
47.28760164
 20
81.57120083999999
 30
0.0
 11
47.28760164
 21
80.1172007
 31
0.0
  0
LINE
  5
1AB
330
1F
100
AcDbEntity
  8
BottomLayer
100
AcDbLine
 10
47.28760164
 20
80.1172007
 30
0.0
 11
47.63040766
 21
80.1172007
 31
0.0
  0
LINE
  5
1AC
330
1F
100
AcDbEntity
  8
BottomLayer
100
AcDbLine
 10
47.63040766
 20
80.1172007
 30
0.0
 11
47.63040766
 21
81.57120083999999
 31
0.0
  0
LINE
  5
1AD
330
1F
100
AcDbEntity
  8
BottomLayer
100
AcDbLine
 10
46.83040164
 20
81.57120083999999
 30
0.0
 11
46.83040164
 21
83.02520098
 31
0.0
  0
LINE
  5
1AE
330
1F
100
AcDbEntity
  8
BottomLayer
100
AcDbLine
 10
46.83040164
 20
83.02520098
 30
0.0
 11
46.60500204
 21
83.02520098
 31
0.0
  0
LINE
  5
1AF
330
1F
100
AcDbEntity
  8
BottomLayer
100
AcDbLine
 10
46.60500204
 20
83.02520098
 30
0.0
 11
46.60500204
 21
82.97440098
 31
0.0
  0
LINE
  5
1B0
330
1F
100
AcDbEntity
  8
BottomLayer
100
AcDbLine
 10
46.60500204
 20
82.97440098
 30
0.0
 11
45.8558011
 21
82.97440098
 31
0.0
  0
LINE
  5
1B1
330
1F
100
AcDbEntity
  8
BottomLayer
100
AcDbLine
 10
45.8558011
 20
82.97440098
 30
0.0
 11
45.8558011
 21
80.1680007
 31
0.0
  0
LINE
  5
1B2
330
1F
100
AcDbEntity
  8
BottomLayer
100
AcDbLine
 10
45.8558011
 20
80.1680007
 30
0.0
 11
46.60500204
 21
80.1680007
 31
0.0
  0
LINE
  5
1B3
330
1F
100
AcDbEntity
  8
BottomLayer
100
AcDbLine
 10
46.60500204
 20
80.1680007
 30
0.0
 11
46.60500204
 21
80.1172007
 31
0.0
  0
LINE
  5
1B4
330
1F
100
AcDbEntity
  8
BottomLayer
100
AcDbLine
 10
46.60500204
 20
80.1172007
 30
0.0
 11
46.83040164
 21
80.1172007
 31
0.0
  0
LINE
  5
1B5
330
1F
100
AcDbEntity
  8
BottomLayer
100
AcDbLine
 10
46.83040164
 20
80.1172007
 30
0.0
 11
46.83040164
 21
81.57120083999999
 31
0.0
  0
LINE
  5
1B6
330
1F
100
AcDbEntity
  8
BottomLayer
100
AcDbLine
 10
44.01172046
 20
79.98132086
 30
0.0
 11
43.75900061999999
 21
80.03159
 31
0.0
  0
LINE
  5
1B7
330
1F
100
AcDbEntity
  8
BottomLayer
100
AcDbLine
 10
43.75900061999999
 20
80.03159
 30
0.0
 11
43.50628078
 21
79.98132086
 31
0.0
  0
LINE
  5
1B8
330
1F
100
AcDbEntity
  8
BottomLayer
100
AcDbLine
 10
43.50628078
 20
79.98132086
 30
0.0
 11
43.29203432
 21
79.83816646
 31
0.0
  0
LINE
  5
1B9
330
1F
100
AcDbEntity
  8
BottomLayer
100
AcDbLine
 10
43.29203432
 20
79.83816646
 30
0.0
 11
43.14887992
 21
79.62392
 31
0.0
  0
LINE
  5
1BA
330
1F
100
AcDbEntity
  8
BottomLayer
100
AcDbLine
 10
43.14887992
 20
79.62392
 30
0.0
 11
43.09861077999999
 21
79.37120016
 31
0.0
  0
LINE
  5
1BB
330
1F
100
AcDbEntity
  8
BottomLayer
100
AcDbLine
 10
43.09861077999999
 20
79.37120016
 30
0.0
 11
43.14887992
 21
79.11848031999999
 31
0.0
  0
LINE
  5
1BC
330
1F
100
AcDbEntity
  8
BottomLayer
100
AcDbLine
 10
43.14887992
 20
79.11848031999999
 30
0.0
 11
43.29203432
 21
78.90423385999999
 31
0.0
  0
LINE
  5
1BD
330
1F
100
AcDbEntity
  8
BottomLayer
100
AcDbLine
 10
43.29203432
 20
78.90423385999999
 30
0.0
 11
43.50628078
 21
78.76107945999999
 31
0.0
  0
LINE
  5
1BE
330
1F
100
AcDbEntity
  8
BottomLayer
100
AcDbLine
 10
43.50628078
 20
78.76107945999999
 30
0.0
 11
43.75900061999999
 21
78.71081032
 31
0.0
  0
LINE
  5
1BF
330
1F
100
AcDbEntity
  8
BottomLayer
100
AcDbLine
 10
43.75900061999999
 20
78.71081032
 30
0.0
 11
44.01172046
 21
78.76107945999999
 31
0.0
  0
LINE
  5
1C0
330
1F
100
AcDbEntity
  8
BottomLayer
100
AcDbLine
 10
44.01172046
 20
78.76107945999999
 30
0.0
 11
44.22596692
 21
78.90423385999999
 31
0.0
  0
LINE
  5
1C1
330
1F
100
AcDbEntity
  8
BottomLayer
100
AcDbLine
 10
44.22596692
 20
78.90423385999999
 30
0.0
 11
44.36912132
 21
79.11848031999999
 31
0.0
  0
LINE
  5
1C2
330
1F
100
AcDbEntity
  8
BottomLayer
100
AcDbLine
 10
44.36912132
 20
79.11848031999999
 30
0.0
 11
44.41939046
 21
79.37120016
 31
0.0
  0
LINE
  5
1C3
330
1F
100
AcDbEntity
  8
BottomLayer
100
AcDbLine
 10
44.41939046
 20
79.37120016
 30
0.0
 11
44.36912132
 21
79.62392
 31
0.0
  0
LINE
  5
1C4
330
1F
100
AcDbEntity
  8
BottomLayer
100
AcDbLine
 10
44.36912132
 20
79.62392
 30
0.0
 11
44.22596692
 21
79.83816646
 31
0.0
  0
LINE
  5
1C5
330
1F
100
AcDbEntity
  8
BottomLayer
100
AcDbLine
 10
44.22596692
 20
79.83816646
 30
0.0
 11
44.01172046
 21
79.98132086
 31
0.0
  0
LINE
  5
1C6
330
1F
100
AcDbEntity
  8
BottomLayer
100
AcDbLine
 10
69.23040256
 20
77.17120709999999
 30
0.0
 11
69.23040256
 21
78.62520216
 31
0.0
  0
LINE
  5
1C7
330
1F
100
AcDbEntity
  8
BottomLayer
100
AcDbLine
 10
69.23040256
 20
78.62520216
 30
0.0
 11
69.00500296
 21
78.62520216
 31
0.0
  0
LINE
  5
1C8
330
1F
100
AcDbEntity
  8
BottomLayer
100
AcDbLine
 10
69.00500296
 20
78.62520216
 30
0.0
 11
69.00500296
 21
78.57440215999999
 31
0.0
  0
LINE
  5
1C9
330
1F
100
AcDbEntity
  8
BottomLayer
100
AcDbLine
 10
69.00500296
 20
78.57440215999999
 30
0.0
 11
62.71300132
 21
78.57440215999999
 31
0.0
  0
LINE
  5
1CA
330
1F
100
AcDbEntity
  8
BottomLayer
100
AcDbLine
 10
62.71300132
 20
78.57440215999999
 30
0.0
 11
62.71300132
 21
78.62520216
 31
0.0
  0
LINE
  5
1CB
330
1F
100
AcDbEntity
  8
BottomLayer
100
AcDbLine
 10
62.71300132
 20
78.62520216
 30
0.0
 11
62.48760171999999
 21
78.62520216
 31
0.0
  0
LINE
  5
1CC
330
1F
100
AcDbEntity
  8
BottomLayer
100
AcDbLine
 10
62.48760171999999
 20
78.62520216
 30
0.0
 11
62.48760171999999
 21
77.17120709999999
 31
0.0
  0
LINE
  5
1CD
330
1F
100
AcDbEntity
  8
BottomLayer
100
AcDbLine
 10
62.48760171999999
 20
77.17120709999999
 30
0.0
 11
62.48760171999999
 21
75.71720187999999
 31
0.0
  0
LINE
  5
1CE
330
1F
100
AcDbEntity
  8
BottomLayer
100
AcDbLine
 10
62.48760171999999
 20
75.71720187999999
 30
0.0
 11
62.71300132
 21
75.71720187999999
 31
0.0
  0
LINE
  5
1CF
330
1F
100
AcDbEntity
  8
BottomLayer
100
AcDbLine
 10
62.71300132
 20
75.71720187999999
 30
0.0
 11
62.71300132
 21
75.76800188
 31
0.0
  0
LINE
  5
1D0
330
1F
100
AcDbEntity
  8
BottomLayer
100
AcDbLine
 10
62.71300132
 20
75.76800188
 30
0.0
 11
69.00500296
 21
75.76800188
 31
0.0
  0
LINE
  5
1D1
330
1F
100
AcDbEntity
  8
BottomLayer
100
AcDbLine
 10
69.00500296
 20
75.76800188
 30
0.0
 11
69.00500296
 21
75.71720187999999
 31
0.0
  0
LINE
  5
1D2
330
1F
100
AcDbEntity
  8
BottomLayer
100
AcDbLine
 10
69.00500296
 20
75.71720187999999
 30
0.0
 11
69.23040256
 21
75.71720187999999
 31
0.0
  0
LINE
  5
1D3
330
1F
100
AcDbEntity
  8
BottomLayer
100
AcDbLine
 10
69.23040256
 20
75.71720187999999
 30
0.0
 11
69.23040256
 21
77.17120709999999
 31
0.0
  0
LINE
  5
1D4
330
1F
100
AcDbEntity
  8
BottomLayer
100
AcDbLine
 10
62.03040171999999
 20
77.17120709999999
 30
0.0
 11
62.03040171999999
 21
78.62520216
 31
0.0
  0
LINE
  5
1D5
330
1F
100
AcDbEntity
  8
BottomLayer
100
AcDbLine
 10
62.03040171999999
 20
78.62520216
 30
0.0
 11
61.80500212
 21
78.62520216
 31
0.0
  0
LINE
  5
1D6
330
1F
100
AcDbEntity
  8
BottomLayer
100
AcDbLine
 10
61.80500212
 20
78.62520216
 30
0.0
 11
61.80500212
 21
78.57440215999999
 31
0.0
  0
LINE
  5
1D7
330
1F
100
AcDbEntity
  8
BottomLayer
100
AcDbLine
 10
61.80500212
 20
78.57440215999999
 30
0.0
 11
56.35430435999999
 21
78.57440215999999
 31
0.0
  0
LINE
  5
1D8
330
1F
100
AcDbEntity
  8
BottomLayer
100
AcDbLine
 10
56.35430435999999
 20
78.57440215999999
 30
0.0
 11
56.25580316
 21
78.5744047
 31
0.0
  0
LINE
  5
1D9
330
1F
100
AcDbEntity
  8
BottomLayer
100
AcDbLine
 10
56.25580316
 20
78.5744047
 30
0.0
 11
56.12880062
 21
78.57440215999999
 31
0.0
  0
LINE
  5
1DA
330
1F
100
AcDbEntity
  8
BottomLayer
100
AcDbLine
 10
56.12880062
 20
78.57440215999999
 30
0.0
 11
55.51300048
 21
78.57440215999999
 31
0.0
  0
LINE
  5
1DB
330
1F
100
AcDbEntity
  8
BottomLayer
100
AcDbLine
 10
55.51300048
 20
78.57440215999999
 30
0.0
 11
55.51300048
 21
78.62520216
 31
0.0
  0
LINE
  5
1DC
330
1F
100
AcDbEntity
  8
BottomLayer
100
AcDbLine
 10
55.51300048
 20
78.62520216
 30
0.0
 11
55.28760088
 21
78.62520216
 31
0.0
  0
LINE
  5
1DD
330
1F
100
AcDbEntity
  8
BottomLayer
100
AcDbLine
 10
55.28760088
 20
78.62520216
 30
0.0
 11
55.28760088
 21
77.17120709999999
 31
0.0
  0
LINE
  5
1DE
330
1F
100
AcDbEntity
  8
BottomLayer
100
AcDbLine
 10
55.28760088
 20
77.17120709999999
 30
0.0
 11
55.28760088
 21
75.71720187999999
 31
0.0
  0
LINE
  5
1DF
330
1F
100
AcDbEntity
  8
BottomLayer
100
AcDbLine
 10
55.28760088
 20
75.71720187999999
 30
0.0
 11
55.51300048
 21
75.71720187999999
 31
0.0
  0
LINE
  5
1E0
330
1F
100
AcDbEntity
  8
BottomLayer
100
AcDbLine
 10
55.51300048
 20
75.71720187999999
 30
0.0
 11
55.51300048
 21
75.76800188
 31
0.0
  0
LINE
  5
1E1
330
1F
100
AcDbEntity
  8
BottomLayer
100
AcDbLine
 10
55.51300048
 20
75.76800188
 30
0.0
 11
56.12880062
 21
75.76800188
 31
0.0
  0
LINE
  5
1E2
330
1F
100
AcDbEntity
  8
BottomLayer
100
AcDbLine
 10
56.12880062
 20
75.76800188
 30
0.0
 11
56.22730181999999
 21
75.76799933999999
 31
0.0
  0
LINE
  5
1E3
330
1F
100
AcDbEntity
  8
BottomLayer
100
AcDbLine
 10
56.22730181999999
 20
75.76799933999999
 30
0.0
 11
56.35430435999999
 21
75.76800188
 31
0.0
  0
LINE
  5
1E4
330
1F
100
AcDbEntity
  8
BottomLayer
100
AcDbLine
 10
56.35430435999999
 20
75.76800188
 30
0.0
 11
61.80500212
 21
75.76800188
 31
0.0
  0
LINE
  5
1E5
330
1F
100
AcDbEntity
  8
BottomLayer
100
AcDbLine
 10
61.80500212
 20
75.76800188
 30
0.0
 11
61.80500212
 21
75.71720187999999
 31
0.0
  0
LINE
  5
1E6
330
1F
100
AcDbEntity
  8
BottomLayer
100
AcDbLine
 10
61.80500212
 20
75.71720187999999
 30
0.0
 11
62.03040171999999
 21
75.71720187999999
 31
0.0
  0
LINE
  5
1E7
330
1F
100
AcDbEntity
  8
BottomLayer
100
AcDbLine
 10
62.03040171999999
 20
75.71720187999999
 30
0.0
 11
62.03040171999999
 21
77.17120709999999
 31
0.0
  0
LINE
  5
1E8
330
1F
100
AcDbEntity
  8
BottomLayer
100
AcDbLine
 10
54.83040088
 20
77.17120709999999
 30
0.0
 11
54.83040088
 21
78.62520216
 31
0.0
  0
LINE
  5
1E9
330
1F
100
AcDbEntity
  8
BottomLayer
100
AcDbLine
 10
54.83040088
 20
78.62520216
 30
0.0
 11
54.60500128
 21
78.62520216
 31
0.0
  0
LINE
  5
1EA
330
1F
100
AcDbEntity
  8
BottomLayer
100
AcDbLine
 10
54.60500128
 20
78.62520216
 30
0.0
 11
54.60500128
 21
78.57440215999999
 31
0.0
  0
LINE
  5
1EB
330
1F
100
AcDbEntity
  8
BottomLayer
100
AcDbLine
 10
54.60500128
 20
78.57440215999999
 30
0.0
 11
48.31300218
 21
78.57440215999999
 31
0.0
  0
LINE
  5
1EC
330
1F
100
AcDbEntity
  8
BottomLayer
100
AcDbLine
 10
48.31300218
 20
78.57440215999999
 30
0.0
 11
48.31300218
 21
78.62520216
 31
0.0
  0
LINE
  5
1ED
330
1F
100
AcDbEntity
  8
BottomLayer
100
AcDbLine
 10
48.31300218
 20
78.62520216
 30
0.0
 11
48.08760766
 21
78.62520216
 31
0.0
  0
LINE
  5
1EE
330
1F
100
AcDbEntity
  8
BottomLayer
100
AcDbLine
 10
48.08760766
 20
78.62520216
 30
0.0
 11
48.08760766
 21
77.17120709999999
 31
0.0
  0
LINE
  5
1EF
330
1F
100
AcDbEntity
  8
BottomLayer
100
AcDbLine
 10
48.08760766
 20
77.17120709999999
 30
0.0
 11
48.08760766
 21
75.71720187999999
 31
0.0
  0
LINE
  5
1F0
330
1F
100
AcDbEntity
  8
BottomLayer
100
AcDbLine
 10
48.08760766
 20
75.71720187999999
 30
0.0
 11
48.31300218
 21
75.71720187999999
 31
0.0
  0
LINE
  5
1F1
330
1F
100
AcDbEntity
  8
BottomLayer
100
AcDbLine
 10
48.31300218
 20
75.71720187999999
 30
0.0
 11
48.31300218
 21
75.76800188
 31
0.0
  0
LINE
  5
1F2
330
1F
100
AcDbEntity
  8
BottomLayer
100
AcDbLine
 10
48.31300218
 20
75.76800188
 30
0.0
 11
54.60500128
 21
75.76800188
 31
0.0
  0
LINE
  5
1F3
330
1F
100
AcDbEntity
  8
BottomLayer
100
AcDbLine
 10
54.60500128
 20
75.76800188
 30
0.0
 11
54.60500128
 21
75.71720187999999
 31
0.0
  0
LINE
  5
1F4
330
1F
100
AcDbEntity
  8
BottomLayer
100
AcDbLine
 10
54.60500128
 20
75.71720187999999
 30
0.0
 11
54.83040088
 21
75.71720187999999
 31
0.0
  0
LINE
  5
1F5
330
1F
100
AcDbEntity
  8
BottomLayer
100
AcDbLine
 10
54.83040088
 20
75.71720187999999
 30
0.0
 11
54.83040088
 21
77.17120709999999
 31
0.0
  0
LINE
  5
1F6
330
1F
100
AcDbEntity
  8
BottomLayer
100
AcDbLine
 10
72.16867456
 20
80.1537259
 30
0.0
 11
71.95899756
 21
80.18133062
 31
0.0
  0
LINE
  5
1F7
330
1F
100
AcDbEntity
  8
BottomLayer
100
AcDbLine
 10
71.95899756
 20
80.18133062
 30
0.0
 11
71.74932056
 21
80.1537259
 31
0.0
  0
LINE
  5
1F8
330
1F
100
AcDbEntity
  8
BottomLayer
100
AcDbLine
 10
71.74932056
 20
80.1537259
 30
0.0
 11
71.5539336
 21
80.07279387999999
 31
0.0
  0
LINE
  5
1F9
330
1F
100
AcDbEntity
  8
BottomLayer
100
AcDbLine
 10
71.5539336
 20
80.07279387999999
 30
0.0
 11
71.38614882
 21
79.9440489
 31
0.0
  0
LINE
  5
1FA
330
1F
100
AcDbEntity
  8
BottomLayer
100
AcDbLine
 10
71.38614882
 20
79.9440489
 30
0.0
 11
71.25740384
 21
79.77626412
 31
0.0
  0
LINE
  5
1FB
330
1F
100
AcDbEntity
  8
BottomLayer
100
AcDbLine
 10
71.25740384
 20
79.77626412
 30
0.0
 11
71.17647181999999
 21
79.58087716
 31
0.0
  0
LINE
  5
1FC
330
1F
100
AcDbEntity
  8
BottomLayer
100
AcDbLine
 10
71.17647181999999
 20
79.58087716
 30
0.0
 11
71.14886709999999
 21
79.37120016
 31
0.0
  0
LINE
  5
1FD
330
1F
100
AcDbEntity
  8
BottomLayer
100
AcDbLine
 10
71.14886709999999
 20
79.37120016
 30
0.0
 11
71.17647181999999
 21
79.16152316
 31
0.0
  0
LINE
  5
1FE
330
1F
100
AcDbEntity
  8
BottomLayer
100
AcDbLine
 10
71.17647181999999
 20
79.16152316
 30
0.0
 11
71.25740384
 21
78.9661362
 31
0.0
  0
LINE
  5
1FF
330
1F
100
AcDbEntity
  8
BottomLayer
100
AcDbLine
 10
71.25740384
 20
78.9661362
 30
0.0
 11
71.38614882
 21
78.79835141999999
 31
0.0
  0
LINE
  5
200
330
1F
100
AcDbEntity
  8
BottomLayer
100
AcDbLine
 10
71.38614882
 20
78.79835141999999
 30
0.0
 11
71.5539336
 21
78.66960644
 31
0.0
  0
LINE
  5
201
330
1F
100
AcDbEntity
  8
BottomLayer
100
AcDbLine
 10
71.5539336
 20
78.66960644
 30
0.0
 11
71.74932056
 21
78.58867441999999
 31
0.0
  0
LINE
  5
202
330
1F
100
AcDbEntity
  8
BottomLayer
100
AcDbLine
 10
71.74932056
 20
78.58867441999999
 30
0.0
 11
71.95899756
 21
78.56106969999999
 31
0.0
  0
LINE
  5
203
330
1F
100
AcDbEntity
  8
BottomLayer
100
AcDbLine
 10
71.95899756
 20
78.56106969999999
 30
0.0
 11
72.16867456
 21
78.58867441999999
 31
0.0
  0
LINE
  5
204
330
1F
100
AcDbEntity
  8
BottomLayer
100
AcDbLine
 10
72.16867456
 20
78.58867441999999
 30
0.0
 11
72.36406151999999
 21
78.66960644
 31
0.0
  0
LINE
  5
205
330
1F
100
AcDbEntity
  8
BottomLayer
100
AcDbLine
 10
72.36406151999999
 20
78.66960644
 30
0.0
 11
72.5318463
 21
78.79835141999999
 31
0.0
  0
LINE
  5
206
330
1F
100
AcDbEntity
  8
BottomLayer
100
AcDbLine
 10
72.5318463
 20
78.79835141999999
 30
0.0
 11
72.66059127999999
 21
78.9661362
 31
0.0
  0
LINE
  5
207
330
1F
100
AcDbEntity
  8
BottomLayer
100
AcDbLine
 10
72.66059127999999
 20
78.9661362
 30
0.0
 11
72.7415233
 21
79.16152316
 31
0.0
  0
LINE
  5
208
330
1F
100
AcDbEntity
  8
BottomLayer
100
AcDbLine
 10
72.7415233
 20
79.16152316
 30
0.0
 11
72.76912802
 21
79.37120016
 31
0.0
  0
LINE
  5
209
330
1F
100
AcDbEntity
  8
BottomLayer
100
AcDbLine
 10
72.76912802
 20
79.37120016
 30
0.0
 11
72.7415233
 21
79.58087716
 31
0.0
  0
LINE
  5
20A
330
1F
100
AcDbEntity
  8
BottomLayer
100
AcDbLine
 10
72.7415233
 20
79.58087716
 30
0.0
 11
72.66059127999999
 21
79.77626412
 31
0.0
  0
LINE
  5
20B
330
1F
100
AcDbEntity
  8
BottomLayer
100
AcDbLine
 10
72.66059127999999
 20
79.77626412
 30
0.0
 11
72.5318463
 21
79.9440489
 31
0.0
  0
LINE
  5
20C
330
1F
100
AcDbEntity
  8
BottomLayer
100
AcDbLine
 10
72.5318463
 20
79.9440489
 30
0.0
 11
72.36406151999999
 21
80.07279387999999
 31
0.0
  0
LINE
  5
20D
330
1F
100
AcDbEntity
  8
BottomLayer
100
AcDbLine
 10
72.36406151999999
 20
80.07279387999999
 30
0.0
 11
72.16867456
 21
80.1537259
 31
0.0
  0
LINE
  5
20E
330
1F
100
AcDbEntity
  8
BottomLayer
100
AcDbLine
 10
69.91300215999999
 20
77.39980709999999
 30
0.0
 11
69.91300215999999
 21
78.62520216
 31
0.0
  0
LINE
  5
20F
330
1F
100
AcDbEntity
  8
BottomLayer
100
AcDbLine
 10
69.91300215999999
 20
78.62520216
 30
0.0
 11
69.68760256
 21
78.62520216
 31
0.0
  0
LINE
  5
210
330
1F
100
AcDbEntity
  8
BottomLayer
100
AcDbLine
 10
69.68760256
 20
78.62520216
 30
0.0
 11
69.68760256
 21
77.39980709999999
 31
0.0
  0
LINE
  5
211
330
1F
100
AcDbEntity
  8
BottomLayer
100
AcDbLine
 10
69.68760256
 20
77.39980709999999
 30
0.0
 11
69.91300215999999
 21
77.39980709999999
 31
0.0
  0
LINE
  5
212
330
1F
100
AcDbEntity
  8
BottomLayer
100
AcDbLine
 10
69.91300215999999
 20
75.71720187999999
 30
0.0
 11
69.91300215999999
 21
76.94260709999999
 31
0.0
  0
LINE
  5
213
330
1F
100
AcDbEntity
  8
BottomLayer
100
AcDbLine
 10
69.91300215999999
 20
76.94260709999999
 30
0.0
 11
69.68760256
 21
76.94260709999999
 31
0.0
  0
LINE
  5
214
330
1F
100
AcDbEntity
  8
BottomLayer
100
AcDbLine
 10
69.68760256
 20
76.94260709999999
 30
0.0
 11
69.68760256
 21
75.71720187999999
 31
0.0
  0
LINE
  5
215
330
1F
100
AcDbEntity
  8
BottomLayer
100
AcDbLine
 10
69.68760256
 20
75.71720187999999
 30
0.0
 11
69.91300215999999
 21
75.71720187999999
 31
0.0
  0
LINE
  5
216
330
1F
100
AcDbEntity
  8
BottomLayer
100
AcDbLine
 10
47.63040766
 20
77.17120709999999
 30
0.0
 11
47.63040766
 21
78.62520216
 31
0.0
  0
LINE
  5
217
330
1F
100
AcDbEntity
  8
BottomLayer
100
AcDbLine
 10
47.63040766
 20
78.62520216
 30
0.0
 11
47.28760164
 21
78.62520216
 31
0.0
  0
LINE
  5
218
330
1F
100
AcDbEntity
  8
BottomLayer
100
AcDbLine
 10
47.28760164
 20
78.62520216
 30
0.0
 11
47.28760164
 21
77.17120709999999
 31
0.0
  0
LINE
  5
219
330
1F
100
AcDbEntity
  8
BottomLayer
100
AcDbLine
 10
47.28760164
 20
77.17120709999999
 30
0.0
 11
47.28760164
 21
75.71720187999999
 31
0.0
  0
LINE
  5
21A
330
1F
100
AcDbEntity
  8
BottomLayer
100
AcDbLine
 10
47.28760164
 20
75.71720187999999
 30
0.0
 11
47.63040766
 21
75.71720187999999
 31
0.0
  0
LINE
  5
21B
330
1F
100
AcDbEntity
  8
BottomLayer
100
AcDbLine
 10
47.63040766
 20
75.71720187999999
 30
0.0
 11
47.63040766
 21
77.17120709999999
 31
0.0
  0
LINE
  5
21C
330
1F
100
AcDbEntity
  8
BottomLayer
100
AcDbLine
 10
46.83040164
 20
77.17120709999999
 30
0.0
 11
46.83040164
 21
78.62520216
 31
0.0
  0
LINE
  5
21D
330
1F
100
AcDbEntity
  8
BottomLayer
100
AcDbLine
 10
46.83040164
 20
78.62520216
 30
0.0
 11
46.60500204
 21
78.62520216
 31
0.0
  0
LINE
  5
21E
330
1F
100
AcDbEntity
  8
BottomLayer
100
AcDbLine
 10
46.60500204
 20
78.62520216
 30
0.0
 11
46.60500204
 21
78.57440215999999
 31
0.0
  0
LINE
  5
21F
330
1F
100
AcDbEntity
  8
BottomLayer
100
AcDbLine
 10
46.60500204
 20
78.57440215999999
 30
0.0
 11
45.8558011
 21
78.57440215999999
 31
0.0
  0
LINE
  5
220
330
1F
100
AcDbEntity
  8
BottomLayer
100
AcDbLine
 10
45.8558011
 20
78.57440215999999
 30
0.0
 11
45.8558011
 21
75.76800188
 31
0.0
  0
LINE
  5
221
330
1F
100
AcDbEntity
  8
BottomLayer
100
AcDbLine
 10
45.8558011
 20
75.76800188
 30
0.0
 11
46.60500204
 21
75.76800188
 31
0.0
  0
LINE
  5
222
330
1F
100
AcDbEntity
  8
BottomLayer
100
AcDbLine
 10
46.60500204
 20
75.76800188
 30
0.0
 11
46.60500204
 21
75.71720187999999
 31
0.0
  0
LINE
  5
223
330
1F
100
AcDbEntity
  8
BottomLayer
100
AcDbLine
 10
46.60500204
 20
75.71720187999999
 30
0.0
 11
46.83040164
 21
75.71720187999999
 31
0.0
  0
LINE
  5
224
330
1F
100
AcDbEntity
  8
BottomLayer
100
AcDbLine
 10
46.83040164
 20
75.71720187999999
 30
0.0
 11
46.83040164
 21
77.17120709999999
 31
0.0
  0
LINE
  5
225
330
1F
100
AcDbEntity
  8
BottomLayer
100
AcDbLine
 10
69.23040256
 20
71.57120051999999
 30
0.0
 11
69.23040256
 21
73.02520066
 31
0.0
  0
LINE
  5
226
330
1F
100
AcDbEntity
  8
BottomLayer
100
AcDbLine
 10
69.23040256
 20
73.02520066
 30
0.0
 11
69.00500296
 21
73.02520066
 31
0.0
  0
LINE
  5
227
330
1F
100
AcDbEntity
  8
BottomLayer
100
AcDbLine
 10
69.00500296
 20
73.02520066
 30
0.0
 11
69.00500296
 21
72.97440066
 31
0.0
  0
LINE
  5
228
330
1F
100
AcDbEntity
  8
BottomLayer
100
AcDbLine
 10
69.00500296
 20
72.97440066
 30
0.0
 11
62.71300132
 21
72.97440066
 31
0.0
  0
LINE
  5
229
330
1F
100
AcDbEntity
  8
BottomLayer
100
AcDbLine
 10
62.71300132
 20
72.97440066
 30
0.0
 11
62.71300132
 21
73.02520066
 31
0.0
  0
LINE
  5
22A
330
1F
100
AcDbEntity
  8
BottomLayer
100
AcDbLine
 10
62.71300132
 20
73.02520066
 30
0.0
 11
62.48760171999999
 21
73.02520066
 31
0.0
  0
LINE
  5
22B
330
1F
100
AcDbEntity
  8
BottomLayer
100
AcDbLine
 10
62.48760171999999
 20
73.02520066
 30
0.0
 11
62.48760171999999
 21
71.57120051999999
 31
0.0
  0
LINE
  5
22C
330
1F
100
AcDbEntity
  8
BottomLayer
100
AcDbLine
 10
62.48760171999999
 20
71.57120051999999
 30
0.0
 11
62.48760171999999
 21
70.11720038
 31
0.0
  0
LINE
  5
22D
330
1F
100
AcDbEntity
  8
BottomLayer
100
AcDbLine
 10
62.48760171999999
 20
70.11720038
 30
0.0
 11
62.71300132
 21
70.11720038
 31
0.0
  0
LINE
  5
22E
330
1F
100
AcDbEntity
  8
BottomLayer
100
AcDbLine
 10
62.71300132
 20
70.11720038
 30
0.0
 11
62.71300132
 21
70.16800038
 31
0.0
  0
LINE
  5
22F
330
1F
100
AcDbEntity
  8
BottomLayer
100
AcDbLine
 10
62.71300132
 20
70.16800038
 30
0.0
 11
69.00500296
 21
70.16800038
 31
0.0
  0
LINE
  5
230
330
1F
100
AcDbEntity
  8
BottomLayer
100
AcDbLine
 10
69.00500296
 20
70.16800038
 30
0.0
 11
69.00500296
 21
70.11720038
 31
0.0
  0
LINE
  5
231
330
1F
100
AcDbEntity
  8
BottomLayer
100
AcDbLine
 10
69.00500296
 20
70.11720038
 30
0.0
 11
69.23040256
 21
70.11720038
 31
0.0
  0
LINE
  5
232
330
1F
100
AcDbEntity
  8
BottomLayer
100
AcDbLine
 10
69.23040256
 20
70.11720038
 30
0.0
 11
69.23040256
 21
71.57120051999999
 31
0.0
  0
LINE
  5
233
330
1F
100
AcDbEntity
  8
BottomLayer
100
AcDbLine
 10
62.03040171999999
 20
71.57120051999999
 30
0.0
 11
62.03040171999999
 21
73.02520066
 31
0.0
  0
LINE
  5
234
330
1F
100
AcDbEntity
  8
BottomLayer
100
AcDbLine
 10
62.03040171999999
 20
73.02520066
 30
0.0
 11
61.80500212
 21
73.02520066
 31
0.0
  0
LINE
  5
235
330
1F
100
AcDbEntity
  8
BottomLayer
100
AcDbLine
 10
61.80500212
 20
73.02520066
 30
0.0
 11
61.80500212
 21
72.97440066
 31
0.0
  0
LINE
  5
236
330
1F
100
AcDbEntity
  8
BottomLayer
100
AcDbLine
 10
61.80500212
 20
72.97440066
 30
0.0
 11
61.15430491999999
 21
72.97440066
 31
0.0
  0
LINE
  5
237
330
1F
100
AcDbEntity
  8
BottomLayer
100
AcDbLine
 10
61.15430491999999
 20
72.97440066
 30
0.0
 11
61.05580118
 21
72.9744032
 31
0.0
  0
LINE
  5
238
330
1F
100
AcDbEntity
  8
BottomLayer
100
AcDbLine
 10
61.05580118
 20
72.9744032
 30
0.0
 11
60.92879864
 21
72.97440066
 31
0.0
  0
LINE
  5
239
330
1F
100
AcDbEntity
  8
BottomLayer
100
AcDbLine
 10
60.92879864
 20
72.97440066
 30
0.0
 11
60.25900064
 21
72.9744032
 31
0.0
  0
LINE
  5
23A
330
1F
100
AcDbEntity
  8
BottomLayer
100
AcDbLine
 10
60.25900064
 20
72.9744032
 30
0.0
 11
60.16369984
 21
72.97440066
 31
0.0
  0
LINE
  5
23B
330
1F
100
AcDbEntity
  8
BottomLayer
100
AcDbLine
 10
60.16369984
 20
72.97440066
 30
0.0
 11
59.58920264
 21
72.97440066
 31
0.0
  0
LINE
  5
23C
330
1F
100
AcDbEntity
  8
BottomLayer
100
AcDbLine
 10
59.58920264
 20
72.97440066
 30
0.0
 11
59.49070144
 21
72.9744032
 31
0.0
  0
LINE
  5
23D
330
1F
100
AcDbEntity
  8
BottomLayer
100
AcDbLine
 10
59.49070144
 20
72.9744032
 30
0.0
 11
59.3636989
 21
72.97440066
 31
0.0
  0
LINE
  5
23E
330
1F
100
AcDbEntity
  8
BottomLayer
100
AcDbLine
 10
59.3636989
 20
72.97440066
 30
0.0
 11
55.51300048
 21
72.97440066
 31
0.0
  0
LINE
  5
23F
330
1F
100
AcDbEntity
  8
BottomLayer
100
AcDbLine
 10
55.51300048
 20
72.97440066
 30
0.0
 11
55.51300048
 21
73.02520066
 31
0.0
  0
LINE
  5
240
330
1F
100
AcDbEntity
  8
BottomLayer
100
AcDbLine
 10
55.51300048
 20
73.02520066
 30
0.0
 11
55.28760088
 21
73.02520066
 31
0.0
  0
LINE
  5
241
330
1F
100
AcDbEntity
  8
BottomLayer
100
AcDbLine
 10
55.28760088
 20
73.02520066
 30
0.0
 11
55.28760088
 21
71.57120051999999
 31
0.0
  0
LINE
  5
242
330
1F
100
AcDbEntity
  8
BottomLayer
100
AcDbLine
 10
55.28760088
 20
71.57120051999999
 30
0.0
 11
55.28760088
 21
70.11720038
 31
0.0
  0
LINE
  5
243
330
1F
100
AcDbEntity
  8
BottomLayer
100
AcDbLine
 10
55.28760088
 20
70.11720038
 30
0.0
 11
55.51300048
 21
70.11720038
 31
0.0
  0
LINE
  5
244
330
1F
100
AcDbEntity
  8
BottomLayer
100
AcDbLine
 10
55.51300048
 20
70.11720038
 30
0.0
 11
55.51300048
 21
70.16800038
 31
0.0
  0
LINE
  5
245
330
1F
100
AcDbEntity
  8
BottomLayer
100
AcDbLine
 10
55.51300048
 20
70.16800038
 30
0.0
 11
59.3636989
 21
70.16800038
 31
0.0
  0
LINE
  5
246
330
1F
100
AcDbEntity
  8
BottomLayer
100
AcDbLine
 10
59.3636989
 20
70.16800038
 30
0.0
 11
59.4622001
 21
70.16799784
 31
0.0
  0
LINE
  5
247
330
1F
100
AcDbEntity
  8
BottomLayer
100
AcDbLine
 10
59.4622001
 20
70.16799784
 30
0.0
 11
59.58920264
 21
70.16800038
 31
0.0
  0
LINE
  5
248
330
1F
100
AcDbEntity
  8
BottomLayer
100
AcDbLine
 10
59.58920264
 20
70.16800038
 30
0.0
 11
60.25900317999999
 21
70.16799784
 31
0.0
  0
LINE
  5
249
330
1F
100
AcDbEntity
  8
BottomLayer
100
AcDbLine
 10
60.25900317999999
 20
70.16799784
 30
0.0
 11
60.35430398
 21
70.16800038
 31
0.0
  0
LINE
  5
24A
330
1F
100
AcDbEntity
  8
BottomLayer
100
AcDbLine
 10
60.35430398
 20
70.16800038
 30
0.0
 11
60.92879864
 21
70.16800038
 31
0.0
  0
LINE
  5
24B
330
1F
100
AcDbEntity
  8
BottomLayer
100
AcDbLine
 10
60.92879864
 20
70.16800038
 30
0.0
 11
61.02730237999999
 21
70.16799784
 31
0.0
  0
LINE
  5
24C
330
1F
100
AcDbEntity
  8
BottomLayer
100
AcDbLine
 10
61.02730237999999
 20
70.16799784
 30
0.0
 11
61.15430491999999
 21
70.16800038
 31
0.0
  0
LINE
  5
24D
330
1F
100
AcDbEntity
  8
BottomLayer
100
AcDbLine
 10
61.15430491999999
 20
70.16800038
 30
0.0
 11
61.80500212
 21
70.16800038
 31
0.0
  0
LINE
  5
24E
330
1F
100
AcDbEntity
  8
BottomLayer
100
AcDbLine
 10
61.80500212
 20
70.16800038
 30
0.0
 11
61.80500212
 21
70.11720038
 31
0.0
  0
LINE
  5
24F
330
1F
100
AcDbEntity
  8
BottomLayer
100
AcDbLine
 10
61.80500212
 20
70.11720038
 30
0.0
 11
62.03040171999999
 21
70.11720038
 31
0.0
  0
LINE
  5
250
330
1F
100
AcDbEntity
  8
BottomLayer
100
AcDbLine
 10
62.03040171999999
 20
70.11720038
 30
0.0
 11
62.03040171999999
 21
71.57120051999999
 31
0.0
  0
LINE
  5
251
330
1F
100
AcDbEntity
  8
BottomLayer
100
AcDbLine
 10
54.83040088
 20
71.57120051999999
 30
0.0
 11
54.83040088
 21
73.02520066
 31
0.0
  0
LINE
  5
252
330
1F
100
AcDbEntity
  8
BottomLayer
100
AcDbLine
 10
54.83040088
 20
73.02520066
 30
0.0
 11
54.60500128
 21
73.02520066
 31
0.0
  0
LINE
  5
253
330
1F
100
AcDbEntity
  8
BottomLayer
100
AcDbLine
 10
54.60500128
 20
73.02520066
 30
0.0
 11
54.60500128
 21
72.97440066
 31
0.0
  0
LINE
  5
254
330
1F
100
AcDbEntity
  8
BottomLayer
100
AcDbLine
 10
54.60500128
 20
72.97440066
 30
0.0
 11
51.5543038
 21
72.97440066
 31
0.0
  0
LINE
  5
255
330
1F
100
AcDbEntity
  8
BottomLayer
100
AcDbLine
 10
51.5543038
 20
72.97440066
 30
0.0
 11
51.4558026
 21
72.9744032
 31
0.0
  0
LINE
  5
256
330
1F
100
AcDbEntity
  8
BottomLayer
100
AcDbLine
 10
51.4558026
 20
72.9744032
 30
0.0
 11
51.32880006
 21
72.97440066
 31
0.0
  0
LINE
  5
257
330
1F
100
AcDbEntity
  8
BottomLayer
100
AcDbLine
 10
51.32880006
 20
72.97440066
 30
0.0
 11
50.65900206
 21
72.9744032
 31
0.0
  0
LINE
  5
258
330
1F
100
AcDbEntity
  8
BottomLayer
100
AcDbLine
 10
50.65900206
 20
72.9744032
 30
0.0
 11
50.56369872
 21
72.97440066
 31
0.0
  0
LINE
  5
259
330
1F
100
AcDbEntity
  8
BottomLayer
100
AcDbLine
 10
50.56369872
 20
72.97440066
 30
0.0
 11
49.85900111999999
 21
72.9744032
 31
0.0
  0
LINE
  5
25A
330
1F
100
AcDbEntity
  8
BottomLayer
100
AcDbLine
 10
49.85900111999999
 20
72.9744032
 30
0.0
 11
49.76370032
 21
72.97440066
 31
0.0
  0
LINE
  5
25B
330
1F
100
AcDbEntity
  8
BottomLayer
100
AcDbLine
 10
49.76370032
 20
72.97440066
 30
0.0
 11
49.18920311999999
 21
72.97440066
 31
0.0
  0
LINE
  5
25C
330
1F
100
AcDbEntity
  8
BottomLayer
100
AcDbLine
 10
49.18920311999999
 20
72.97440066
 30
0.0
 11
49.09070192
 21
72.9744032
 31
0.0
  0
LINE
  5
25D
330
1F
100
AcDbEntity
  8
BottomLayer
100
AcDbLine
 10
49.09070192
 20
72.9744032
 30
0.0
 11
48.96369937999999
 21
72.97440066
 31
0.0
  0
LINE
  5
25E
330
1F
100
AcDbEntity
  8
BottomLayer
100
AcDbLine
 10
48.96369937999999
 20
72.97440066
 30
0.0
 11
48.31300218
 21
72.97440066
 31
0.0
  0
LINE
  5
25F
330
1F
100
AcDbEntity
  8
BottomLayer
100
AcDbLine
 10
48.31300218
 20
72.97440066
 30
0.0
 11
48.31300218
 21
73.02520066
 31
0.0
  0
LINE
  5
260
330
1F
100
AcDbEntity
  8
BottomLayer
100
AcDbLine
 10
48.31300218
 20
73.02520066
 30
0.0
 11
48.08760766
 21
73.02520066
 31
0.0
  0
LINE
  5
261
330
1F
100
AcDbEntity
  8
BottomLayer
100
AcDbLine
 10
48.08760766
 20
73.02520066
 30
0.0
 11
48.08760766
 21
71.57120051999999
 31
0.0
  0
LINE
  5
262
330
1F
100
AcDbEntity
  8
BottomLayer
100
AcDbLine
 10
48.08760766
 20
71.57120051999999
 30
0.0
 11
48.08760766
 21
70.11720038
 31
0.0
  0
LINE
  5
263
330
1F
100
AcDbEntity
  8
BottomLayer
100
AcDbLine
 10
48.08760766
 20
70.11720038
 30
0.0
 11
48.31300218
 21
70.11720038
 31
0.0
  0
LINE
  5
264
330
1F
100
AcDbEntity
  8
BottomLayer
100
AcDbLine
 10
48.31300218
 20
70.11720038
 30
0.0
 11
48.31300218
 21
70.16800038
 31
0.0
  0
LINE
  5
265
330
1F
100
AcDbEntity
  8
BottomLayer
100
AcDbLine
 10
48.31300218
 20
70.16800038
 30
0.0
 11
48.96369937999999
 21
70.16800038
 31
0.0
  0
LINE
  5
266
330
1F
100
AcDbEntity
  8
BottomLayer
100
AcDbLine
 10
48.96369937999999
 20
70.16800038
 30
0.0
 11
49.06220058
 21
70.16799784
 31
0.0
  0
LINE
  5
267
330
1F
100
AcDbEntity
  8
BottomLayer
100
AcDbLine
 10
49.06220058
 20
70.16799784
 30
0.0
 11
49.18920311999999
 21
70.16800038
 31
0.0
  0
LINE
  5
268
330
1F
100
AcDbEntity
  8
BottomLayer
100
AcDbLine
 10
49.18920311999999
 20
70.16800038
 30
0.0
 11
49.85900366
 21
70.16799784
 31
0.0
  0
LINE
  5
269
330
1F
100
AcDbEntity
  8
BottomLayer
100
AcDbLine
 10
49.85900366
 20
70.16799784
 30
0.0
 11
49.95430446
 21
70.16800038
 31
0.0
  0
LINE
  5
26A
330
1F
100
AcDbEntity
  8
BottomLayer
100
AcDbLine
 10
49.95430446
 20
70.16800038
 30
0.0
 11
50.65900206
 21
70.16799784
 31
0.0
  0
LINE
  5
26B
330
1F
100
AcDbEntity
  8
BottomLayer
100
AcDbLine
 10
50.65900206
 20
70.16799784
 30
0.0
 11
50.7543054
 21
70.16800038
 31
0.0
  0
LINE
  5
26C
330
1F
100
AcDbEntity
  8
BottomLayer
100
AcDbLine
 10
50.7543054
 20
70.16800038
 30
0.0
 11
51.32880006
 21
70.16800038
 31
0.0
  0
LINE
  5
26D
330
1F
100
AcDbEntity
  8
BottomLayer
100
AcDbLine
 10
51.32880006
 20
70.16800038
 30
0.0
 11
51.42730126
 21
70.16799784
 31
0.0
  0
LINE
  5
26E
330
1F
100
AcDbEntity
  8
BottomLayer
100
AcDbLine
 10
51.42730126
 20
70.16799784
 30
0.0
 11
51.5543038
 21
70.16800038
 31
0.0
  0
LINE
  5
26F
330
1F
100
AcDbEntity
  8
BottomLayer
100
AcDbLine
 10
51.5543038
 20
70.16800038
 30
0.0
 11
54.60500128
 21
70.16800038
 31
0.0
  0
LINE
  5
270
330
1F
100
AcDbEntity
  8
BottomLayer
100
AcDbLine
 10
54.60500128
 20
70.16800038
 30
0.0
 11
54.60500128
 21
70.11720038
 31
0.0
  0
LINE
  5
271
330
1F
100
AcDbEntity
  8
BottomLayer
100
AcDbLine
 10
54.60500128
 20
70.11720038
 30
0.0
 11
54.83040088
 21
70.11720038
 31
0.0
  0
LINE
  5
272
330
1F
100
AcDbEntity
  8
BottomLayer
100
AcDbLine
 10
54.83040088
 20
70.11720038
 30
0.0
 11
54.83040088
 21
71.57120051999999
 31
0.0
  0
LINE
  5
273
330
1F
100
AcDbEntity
  8
BottomLayer
100
AcDbLine
 10
69.91300215999999
 20
71.79980051999999
 30
0.0
 11
69.91300215999999
 21
73.02520066
 31
0.0
  0
LINE
  5
274
330
1F
100
AcDbEntity
  8
BottomLayer
100
AcDbLine
 10
69.91300215999999
 20
73.02520066
 30
0.0
 11
69.68760256
 21
73.02520066
 31
0.0
  0
LINE
  5
275
330
1F
100
AcDbEntity
  8
BottomLayer
100
AcDbLine
 10
69.68760256
 20
73.02520066
 30
0.0
 11
69.68760256
 21
71.79980051999999
 31
0.0
  0
LINE
  5
276
330
1F
100
AcDbEntity
  8
BottomLayer
100
AcDbLine
 10
69.68760256
 20
71.79980051999999
 30
0.0
 11
69.91300215999999
 21
71.79980051999999
 31
0.0
  0
LINE
  5
277
330
1F
100
AcDbEntity
  8
BottomLayer
100
AcDbLine
 10
69.91300215999999
 20
70.11720038
 30
0.0
 11
69.91300215999999
 21
71.34260051999999
 31
0.0
  0
LINE
  5
278
330
1F
100
AcDbEntity
  8
BottomLayer
100
AcDbLine
 10
69.91300215999999
 20
71.34260051999999
 30
0.0
 11
69.68760256
 21
71.34260051999999
 31
0.0
  0
LINE
  5
279
330
1F
100
AcDbEntity
  8
BottomLayer
100
AcDbLine
 10
69.68760256
 20
71.34260051999999
 30
0.0
 11
69.68760256
 21
70.11720038
 31
0.0
  0
LINE
  5
27A
330
1F
100
AcDbEntity
  8
BottomLayer
100
AcDbLine
 10
69.68760256
 20
70.11720038
 30
0.0
 11
69.91300215999999
 21
70.11720038
 31
0.0
  0
LINE
  5
27B
330
1F
100
AcDbEntity
  8
BottomLayer
100
AcDbLine
 10
47.63040766
 20
71.57120051999999
 30
0.0
 11
47.63040766
 21
73.02520066
 31
0.0
  0
LINE
  5
27C
330
1F
100
AcDbEntity
  8
BottomLayer
100
AcDbLine
 10
47.63040766
 20
73.02520066
 30
0.0
 11
47.28760164
 21
73.02520066
 31
0.0
  0
LINE
  5
27D
330
1F
100
AcDbEntity
  8
BottomLayer
100
AcDbLine
 10
47.28760164
 20
73.02520066
 30
0.0
 11
47.28760164
 21
71.57120051999999
 31
0.0
  0
LINE
  5
27E
330
1F
100
AcDbEntity
  8
BottomLayer
100
AcDbLine
 10
47.28760164
 20
71.57120051999999
 30
0.0
 11
47.28760164
 21
70.11720038
 31
0.0
  0
LINE
  5
27F
330
1F
100
AcDbEntity
  8
BottomLayer
100
AcDbLine
 10
47.28760164
 20
70.11720038
 30
0.0
 11
47.63040766
 21
70.11720038
 31
0.0
  0
LINE
  5
280
330
1F
100
AcDbEntity
  8
BottomLayer
100
AcDbLine
 10
47.63040766
 20
70.11720038
 30
0.0
 11
47.63040766
 21
71.57120051999999
 31
0.0
  0
LINE
  5
281
330
1F
100
AcDbEntity
  8
BottomLayer
100
AcDbLine
 10
46.83040164
 20
71.57120051999999
 30
0.0
 11
46.83040164
 21
73.02520066
 31
0.0
  0
LINE
  5
282
330
1F
100
AcDbEntity
  8
BottomLayer
100
AcDbLine
 10
46.83040164
 20
73.02520066
 30
0.0
 11
46.60500204
 21
73.02520066
 31
0.0
  0
LINE
  5
283
330
1F
100
AcDbEntity
  8
BottomLayer
100
AcDbLine
 10
46.60500204
 20
73.02520066
 30
0.0
 11
46.60500204
 21
72.97440066
 31
0.0
  0
LINE
  5
284
330
1F
100
AcDbEntity
  8
BottomLayer
100
AcDbLine
 10
46.60500204
 20
72.97440066
 30
0.0
 11
45.8558011
 21
72.97440066
 31
0.0
  0
LINE
  5
285
330
1F
100
AcDbEntity
  8
BottomLayer
100
AcDbLine
 10
45.8558011
 20
72.97440066
 30
0.0
 11
45.8558011
 21
70.16800038
 31
0.0
  0
LINE
  5
286
330
1F
100
AcDbEntity
  8
BottomLayer
100
AcDbLine
 10
45.8558011
 20
70.16800038
 30
0.0
 11
46.60500204
 21
70.16800038
 31
0.0
  0
LINE
  5
287
330
1F
100
AcDbEntity
  8
BottomLayer
100
AcDbLine
 10
46.60500204
 20
70.16800038
 30
0.0
 11
46.60500204
 21
70.11720038
 31
0.0
  0
LINE
  5
288
330
1F
100
AcDbEntity
  8
BottomLayer
100
AcDbLine
 10
46.60500204
 20
70.11720038
 30
0.0
 11
46.83040164
 21
70.11720038
 31
0.0
  0
LINE
  5
289
330
1F
100
AcDbEntity
  8
BottomLayer
100
AcDbLine
 10
46.83040164
 20
70.11720038
 30
0.0
 11
46.83040164
 21
71.57120051999999
 31
0.0
  0
LINE
  5
28A
330
1F
100
AcDbEntity
  8
BottomLayer
100
AcDbLine
 10
44.01172046
 20
69.98132054
 30
0.0
 11
43.75900061999999
 21
70.03158968
 31
0.0
  0
LINE
  5
28B
330
1F
100
AcDbEntity
  8
BottomLayer
100
AcDbLine
 10
43.75900061999999
 20
70.03158968
 30
0.0
 11
43.50628078
 21
69.98132054
 31
0.0
  0
LINE
  5
28C
330
1F
100
AcDbEntity
  8
BottomLayer
100
AcDbLine
 10
43.50628078
 20
69.98132054
 30
0.0
 11
43.29203432
 21
69.83816614
 31
0.0
  0
LINE
  5
28D
330
1F
100
AcDbEntity
  8
BottomLayer
100
AcDbLine
 10
43.29203432
 20
69.83816614
 30
0.0
 11
43.14887992
 21
69.62391968
 31
0.0
  0
LINE
  5
28E
330
1F
100
AcDbEntity
  8
BottomLayer
100
AcDbLine
 10
43.14887992
 20
69.62391968
 30
0.0
 11
43.09861077999999
 21
69.37119984
 31
0.0
  0
LINE
  5
28F
330
1F
100
AcDbEntity
  8
BottomLayer
100
AcDbLine
 10
43.09861077999999
 20
69.37119984
 30
0.0
 11
43.14887992
 21
69.11847999999999
 31
0.0
  0
LINE
  5
290
330
1F
100
AcDbEntity
  8
BottomLayer
100
AcDbLine
 10
43.14887992
 20
69.11847999999999
 30
0.0
 11
43.29203432
 21
68.90423353999999
 31
0.0
  0
LINE
  5
291
330
1F
100
AcDbEntity
  8
BottomLayer
100
AcDbLine
 10
43.29203432
 20
68.90423353999999
 30
0.0
 11
43.50628078
 21
68.76107913999999
 31
0.0
  0
LINE
  5
292
330
1F
100
AcDbEntity
  8
BottomLayer
100
AcDbLine
 10
43.50628078
 20
68.76107913999999
 30
0.0
 11
43.75900061999999
 21
68.71081
 31
0.0
  0
LINE
  5
293
330
1F
100
AcDbEntity
  8
BottomLayer
100
AcDbLine
 10
43.75900061999999
 20
68.71081
 30
0.0
 11
44.01172046
 21
68.76107913999999
 31
0.0
  0
LINE
  5
294
330
1F
100
AcDbEntity
  8
BottomLayer
100
AcDbLine
 10
44.01172046
 20
68.76107913999999
 30
0.0
 11
44.22596692
 21
68.90423353999999
 31
0.0
  0
LINE
  5
295
330
1F
100
AcDbEntity
  8
BottomLayer
100
AcDbLine
 10
44.22596692
 20
68.90423353999999
 30
0.0
 11
44.36912132
 21
69.11847999999999
 31
0.0
  0
LINE
  5
296
330
1F
100
AcDbEntity
  8
BottomLayer
100
AcDbLine
 10
44.36912132
 20
69.11847999999999
 30
0.0
 11
44.41939046
 21
69.37119984
 31
0.0
  0
LINE
  5
297
330
1F
100
AcDbEntity
  8
BottomLayer
100
AcDbLine
 10
44.41939046
 20
69.37119984
 30
0.0
 11
44.36912132
 21
69.62391968
 31
0.0
  0
LINE
  5
298
330
1F
100
AcDbEntity
  8
BottomLayer
100
AcDbLine
 10
44.36912132
 20
69.62391968
 30
0.0
 11
44.22596692
 21
69.83816614
 31
0.0
  0
LINE
  5
299
330
1F
100
AcDbEntity
  8
BottomLayer
100
AcDbLine
 10
44.22596692
 20
69.83816614
 30
0.0
 11
44.01172046
 21
69.98132054
 31
0.0
  0
LINE
  5
29A
330
1F
100
AcDbEntity
  8
BottomLayer
100
AcDbLine
 10
69.23040256
 20
67.17120677999999
 30
0.0
 11
69.23040256
 21
68.62520184
 31
0.0
  0
LINE
  5
29B
330
1F
100
AcDbEntity
  8
BottomLayer
100
AcDbLine
 10
69.23040256
 20
68.62520184
 30
0.0
 11
69.00500296
 21
68.62520184
 31
0.0
  0
LINE
  5
29C
330
1F
100
AcDbEntity
  8
BottomLayer
100
AcDbLine
 10
69.00500296
 20
68.62520184
 30
0.0
 11
69.00500296
 21
68.57440184
 31
0.0
  0
LINE
  5
29D
330
1F
100
AcDbEntity
  8
BottomLayer
100
AcDbLine
 10
69.00500296
 20
68.57440184
 30
0.0
 11
62.71300132
 21
68.57440184
 31
0.0
  0
LINE
  5
29E
330
1F
100
AcDbEntity
  8
BottomLayer
100
AcDbLine
 10
62.71300132
 20
68.57440184
 30
0.0
 11
62.71300132
 21
68.62520184
 31
0.0
  0
LINE
  5
29F
330
1F
100
AcDbEntity
  8
BottomLayer
100
AcDbLine
 10
62.71300132
 20
68.62520184
 30
0.0
 11
62.48760171999999
 21
68.62520184
 31
0.0
  0
LINE
  5
2A0
330
1F
100
AcDbEntity
  8
BottomLayer
100
AcDbLine
 10
62.48760171999999
 20
68.62520184
 30
0.0
 11
62.48760171999999
 21
67.17120677999999
 31
0.0
  0
LINE
  5
2A1
330
1F
100
AcDbEntity
  8
BottomLayer
100
AcDbLine
 10
62.48760171999999
 20
67.17120677999999
 30
0.0
 11
62.48760171999999
 21
65.71720155999999
 31
0.0
  0
LINE
  5
2A2
330
1F
100
AcDbEntity
  8
BottomLayer
100
AcDbLine
 10
62.48760171999999
 20
65.71720155999999
 30
0.0
 11
62.71300132
 21
65.71720155999999
 31
0.0
  0
LINE
  5
2A3
330
1F
100
AcDbEntity
  8
BottomLayer
100
AcDbLine
 10
62.71300132
 20
65.71720155999999
 30
0.0
 11
62.71300132
 21
65.76800156
 31
0.0
  0
LINE
  5
2A4
330
1F
100
AcDbEntity
  8
BottomLayer
100
AcDbLine
 10
62.71300132
 20
65.76800156
 30
0.0
 11
69.00500296
 21
65.76800156
 31
0.0
  0
LINE
  5
2A5
330
1F
100
AcDbEntity
  8
BottomLayer
100
AcDbLine
 10
69.00500296
 20
65.76800156
 30
0.0
 11
69.00500296
 21
65.71720155999999
 31
0.0
  0
LINE
  5
2A6
330
1F
100
AcDbEntity
  8
BottomLayer
100
AcDbLine
 10
69.00500296
 20
65.71720155999999
 30
0.0
 11
69.23040256
 21
65.71720155999999
 31
0.0
  0
LINE
  5
2A7
330
1F
100
AcDbEntity
  8
BottomLayer
100
AcDbLine
 10
69.23040256
 20
65.71720155999999
 30
0.0
 11
69.23040256
 21
67.17120677999999
 31
0.0
  0
LINE
  5
2A8
330
1F
100
AcDbEntity
  8
BottomLayer
100
AcDbLine
 10
62.03040171999999
 20
67.17120677999999
 30
0.0
 11
62.03040171999999
 21
68.62520184
 31
0.0
  0
LINE
  5
2A9
330
1F
100
AcDbEntity
  8
BottomLayer
100
AcDbLine
 10
62.03040171999999
 20
68.62520184
 30
0.0
 11
61.80500212
 21
68.62520184
 31
0.0
  0
LINE
  5
2AA
330
1F
100
AcDbEntity
  8
BottomLayer
100
AcDbLine
 10
61.80500212
 20
68.62520184
 30
0.0
 11
61.80500212
 21
68.57440184
 31
0.0
  0
LINE
  5
2AB
330
1F
100
AcDbEntity
  8
BottomLayer
100
AcDbLine
 10
61.80500212
 20
68.57440184
 30
0.0
 11
56.35430435999999
 21
68.57440184
 31
0.0
  0
LINE
  5
2AC
330
1F
100
AcDbEntity
  8
BottomLayer
100
AcDbLine
 10
56.35430435999999
 20
68.57440184
 30
0.0
 11
56.25580316
 21
68.57440437999999
 31
0.0
  0
LINE
  5
2AD
330
1F
100
AcDbEntity
  8
BottomLayer
100
AcDbLine
 10
56.25580316
 20
68.57440437999999
 30
0.0
 11
56.12880062
 21
68.57440184
 31
0.0
  0
LINE
  5
2AE
330
1F
100
AcDbEntity
  8
BottomLayer
100
AcDbLine
 10
56.12880062
 20
68.57440184
 30
0.0
 11
55.51300048
 21
68.57440184
 31
0.0
  0
LINE
  5
2AF
330
1F
100
AcDbEntity
  8
BottomLayer
100
AcDbLine
 10
55.51300048
 20
68.57440184
 30
0.0
 11
55.51300048
 21
68.62520184
 31
0.0
  0
LINE
  5
2B0
330
1F
100
AcDbEntity
  8
BottomLayer
100
AcDbLine
 10
55.51300048
 20
68.62520184
 30
0.0
 11
55.28760088
 21
68.62520184
 31
0.0
  0
LINE
  5
2B1
330
1F
100
AcDbEntity
  8
BottomLayer
100
AcDbLine
 10
55.28760088
 20
68.62520184
 30
0.0
 11
55.28760088
 21
67.17120677999999
 31
0.0
  0
LINE
  5
2B2
330
1F
100
AcDbEntity
  8
BottomLayer
100
AcDbLine
 10
55.28760088
 20
67.17120677999999
 30
0.0
 11
55.28760088
 21
65.71720155999999
 31
0.0
  0
LINE
  5
2B3
330
1F
100
AcDbEntity
  8
BottomLayer
100
AcDbLine
 10
55.28760088
 20
65.71720155999999
 30
0.0
 11
55.51300048
 21
65.71720155999999
 31
0.0
  0
LINE
  5
2B4
330
1F
100
AcDbEntity
  8
BottomLayer
100
AcDbLine
 10
55.51300048
 20
65.71720155999999
 30
0.0
 11
55.51300048
 21
65.76800156
 31
0.0
  0
LINE
  5
2B5
330
1F
100
AcDbEntity
  8
BottomLayer
100
AcDbLine
 10
55.51300048
 20
65.76800156
 30
0.0
 11
56.12880062
 21
65.76800156
 31
0.0
  0
LINE
  5
2B6
330
1F
100
AcDbEntity
  8
BottomLayer
100
AcDbLine
 10
56.12880062
 20
65.76800156
 30
0.0
 11
56.22730181999999
 21
65.76799901999999
 31
0.0
  0
LINE
  5
2B7
330
1F
100
AcDbEntity
  8
BottomLayer
100
AcDbLine
 10
56.22730181999999
 20
65.76799901999999
 30
0.0
 11
56.35430435999999
 21
65.76800156
 31
0.0
  0
LINE
  5
2B8
330
1F
100
AcDbEntity
  8
BottomLayer
100
AcDbLine
 10
56.35430435999999
 20
65.76800156
 30
0.0
 11
61.80500212
 21
65.76800156
 31
0.0
  0
LINE
  5
2B9
330
1F
100
AcDbEntity
  8
BottomLayer
100
AcDbLine
 10
61.80500212
 20
65.76800156
 30
0.0
 11
61.80500212
 21
65.71720155999999
 31
0.0
  0
LINE
  5
2BA
330
1F
100
AcDbEntity
  8
BottomLayer
100
AcDbLine
 10
61.80500212
 20
65.71720155999999
 30
0.0
 11
62.03040171999999
 21
65.71720155999999
 31
0.0
  0
LINE
  5
2BB
330
1F
100
AcDbEntity
  8
BottomLayer
100
AcDbLine
 10
62.03040171999999
 20
65.71720155999999
 30
0.0
 11
62.03040171999999
 21
67.17120677999999
 31
0.0
  0
LINE
  5
2BC
330
1F
100
AcDbEntity
  8
BottomLayer
100
AcDbLine
 10
54.83040088
 20
67.17120677999999
 30
0.0
 11
54.83040088
 21
68.62520184
 31
0.0
  0
LINE
  5
2BD
330
1F
100
AcDbEntity
  8
BottomLayer
100
AcDbLine
 10
54.83040088
 20
68.62520184
 30
0.0
 11
54.60500128
 21
68.62520184
 31
0.0
  0
LINE
  5
2BE
330
1F
100
AcDbEntity
  8
BottomLayer
100
AcDbLine
 10
54.60500128
 20
68.62520184
 30
0.0
 11
54.60500128
 21
68.57440184
 31
0.0
  0
LINE
  5
2BF
330
1F
100
AcDbEntity
  8
BottomLayer
100
AcDbLine
 10
54.60500128
 20
68.57440184
 30
0.0
 11
48.31300218
 21
68.57440184
 31
0.0
  0
LINE
  5
2C0
330
1F
100
AcDbEntity
  8
BottomLayer
100
AcDbLine
 10
48.31300218
 20
68.57440184
 30
0.0
 11
48.31300218
 21
68.62520184
 31
0.0
  0
LINE
  5
2C1
330
1F
100
AcDbEntity
  8
BottomLayer
100
AcDbLine
 10
48.31300218
 20
68.62520184
 30
0.0
 11
48.08760766
 21
68.62520184
 31
0.0
  0
LINE
  5
2C2
330
1F
100
AcDbEntity
  8
BottomLayer
100
AcDbLine
 10
48.08760766
 20
68.62520184
 30
0.0
 11
48.08760766
 21
67.17120677999999
 31
0.0
  0
LINE
  5
2C3
330
1F
100
AcDbEntity
  8
BottomLayer
100
AcDbLine
 10
48.08760766
 20
67.17120677999999
 30
0.0
 11
48.08760766
 21
65.71720155999999
 31
0.0
  0
LINE
  5
2C4
330
1F
100
AcDbEntity
  8
BottomLayer
100
AcDbLine
 10
48.08760766
 20
65.71720155999999
 30
0.0
 11
48.31300218
 21
65.71720155999999
 31
0.0
  0
LINE
  5
2C5
330
1F
100
AcDbEntity
  8
BottomLayer
100
AcDbLine
 10
48.31300218
 20
65.71720155999999
 30
0.0
 11
48.31300218
 21
65.76800156
 31
0.0
  0
LINE
  5
2C6
330
1F
100
AcDbEntity
  8
BottomLayer
100
AcDbLine
 10
48.31300218
 20
65.76800156
 30
0.0
 11
54.60500128
 21
65.76800156
 31
0.0
  0
LINE
  5
2C7
330
1F
100
AcDbEntity
  8
BottomLayer
100
AcDbLine
 10
54.60500128
 20
65.76800156
 30
0.0
 11
54.60500128
 21
65.71720155999999
 31
0.0
  0
LINE
  5
2C8
330
1F
100
AcDbEntity
  8
BottomLayer
100
AcDbLine
 10
54.60500128
 20
65.71720155999999
 30
0.0
 11
54.83040088
 21
65.71720155999999
 31
0.0
  0
LINE
  5
2C9
330
1F
100
AcDbEntity
  8
BottomLayer
100
AcDbLine
 10
54.83040088
 20
65.71720155999999
 30
0.0
 11
54.83040088
 21
67.17120677999999
 31
0.0
  0
LINE
  5
2CA
330
1F
100
AcDbEntity
  8
BottomLayer
100
AcDbLine
 10
72.16867456
 20
70.15372558
 30
0.0
 11
71.95899756
 21
70.1813303
 31
0.0
  0
LINE
  5
2CB
330
1F
100
AcDbEntity
  8
BottomLayer
100
AcDbLine
 10
71.95899756
 20
70.1813303
 30
0.0
 11
71.74932056
 21
70.15372558
 31
0.0
  0
LINE
  5
2CC
330
1F
100
AcDbEntity
  8
BottomLayer
100
AcDbLine
 10
71.74932056
 20
70.15372558
 30
0.0
 11
71.5539336
 21
70.07279356
 31
0.0
  0
LINE
  5
2CD
330
1F
100
AcDbEntity
  8
BottomLayer
100
AcDbLine
 10
71.5539336
 20
70.07279356
 30
0.0
 11
71.38614882
 21
69.94404858
 31
0.0
  0
LINE
  5
2CE
330
1F
100
AcDbEntity
  8
BottomLayer
100
AcDbLine
 10
71.38614882
 20
69.94404858
 30
0.0
 11
71.25740384
 21
69.7762638
 31
0.0
  0
LINE
  5
2CF
330
1F
100
AcDbEntity
  8
BottomLayer
100
AcDbLine
 10
71.25740384
 20
69.7762638
 30
0.0
 11
71.17647181999999
 21
69.58087684
 31
0.0
  0
LINE
  5
2D0
330
1F
100
AcDbEntity
  8
BottomLayer
100
AcDbLine
 10
71.17647181999999
 20
69.58087684
 30
0.0
 11
71.14886709999999
 21
69.37119984
 31
0.0
  0
LINE
  5
2D1
330
1F
100
AcDbEntity
  8
BottomLayer
100
AcDbLine
 10
71.14886709999999
 20
69.37119984
 30
0.0
 11
71.17647181999999
 21
69.16152283999999
 31
0.0
  0
LINE
  5
2D2
330
1F
100
AcDbEntity
  8
BottomLayer
100
AcDbLine
 10
71.17647181999999
 20
69.16152283999999
 30
0.0
 11
71.25740384
 21
68.96613588
 31
0.0
  0
LINE
  5
2D3
330
1F
100
AcDbEntity
  8
BottomLayer
100
AcDbLine
 10
71.25740384
 20
68.96613588
 30
0.0
 11
71.38614882
 21
68.79835109999999
 31
0.0
  0
LINE
  5
2D4
330
1F
100
AcDbEntity
  8
BottomLayer
100
AcDbLine
 10
71.38614882
 20
68.79835109999999
 30
0.0
 11
71.5539336
 21
68.66960612
 31
0.0
  0
LINE
  5
2D5
330
1F
100
AcDbEntity
  8
BottomLayer
100
AcDbLine
 10
71.5539336
 20
68.66960612
 30
0.0
 11
71.74932056
 21
68.58867409999999
 31
0.0
  0
LINE
  5
2D6
330
1F
100
AcDbEntity
  8
BottomLayer
100
AcDbLine
 10
71.74932056
 20
68.58867409999999
 30
0.0
 11
71.95899756
 21
68.56106937999999
 31
0.0
  0
LINE
  5
2D7
330
1F
100
AcDbEntity
  8
BottomLayer
100
AcDbLine
 10
71.95899756
 20
68.56106937999999
 30
0.0
 11
72.16867456
 21
68.58867409999999
 31
0.0
  0
LINE
  5
2D8
330
1F
100
AcDbEntity
  8
BottomLayer
100
AcDbLine
 10
72.16867456
 20
68.58867409999999
 30
0.0
 11
72.36406151999999
 21
68.66960612
 31
0.0
  0
LINE
  5
2D9
330
1F
100
AcDbEntity
  8
BottomLayer
100
AcDbLine
 10
72.36406151999999
 20
68.66960612
 30
0.0
 11
72.5318463
 21
68.79835109999999
 31
0.0
  0
LINE
  5
2DA
330
1F
100
AcDbEntity
  8
BottomLayer
100
AcDbLine
 10
72.5318463
 20
68.79835109999999
 30
0.0
 11
72.66059127999999
 21
68.96613588
 31
0.0
  0
LINE
  5
2DB
330
1F
100
AcDbEntity
  8
BottomLayer
100
AcDbLine
 10
72.66059127999999
 20
68.96613588
 30
0.0
 11
72.7415233
 21
69.16152283999999
 31
0.0
  0
LINE
  5
2DC
330
1F
100
AcDbEntity
  8
BottomLayer
100
AcDbLine
 10
72.7415233
 20
69.16152283999999
 30
0.0
 11
72.76912802
 21
69.37119984
 31
0.0
  0
LINE
  5
2DD
330
1F
100
AcDbEntity
  8
BottomLayer
100
AcDbLine
 10
72.76912802
 20
69.37119984
 30
0.0
 11
72.7415233
 21
69.58087684
 31
0.0
  0
LINE
  5
2DE
330
1F
100
AcDbEntity
  8
BottomLayer
100
AcDbLine
 10
72.7415233
 20
69.58087684
 30
0.0
 11
72.66059127999999
 21
69.7762638
 31
0.0
  0
LINE
  5
2DF
330
1F
100
AcDbEntity
  8
BottomLayer
100
AcDbLine
 10
72.66059127999999
 20
69.7762638
 30
0.0
 11
72.5318463
 21
69.94404858
 31
0.0
  0
LINE
  5
2E0
330
1F
100
AcDbEntity
  8
BottomLayer
100
AcDbLine
 10
72.5318463
 20
69.94404858
 30
0.0
 11
72.36406151999999
 21
70.07279356
 31
0.0
  0
LINE
  5
2E1
330
1F
100
AcDbEntity
  8
BottomLayer
100
AcDbLine
 10
72.36406151999999
 20
70.07279356
 30
0.0
 11
72.16867456
 21
70.15372558
 31
0.0
  0
LINE
  5
2E2
330
1F
100
AcDbEntity
  8
BottomLayer
100
AcDbLine
 10
69.91300215999999
 20
67.39980677999999
 30
0.0
 11
69.91300215999999
 21
68.62520184
 31
0.0
  0
LINE
  5
2E3
330
1F
100
AcDbEntity
  8
BottomLayer
100
AcDbLine
 10
69.91300215999999
 20
68.62520184
 30
0.0
 11
69.68760256
 21
68.62520184
 31
0.0
  0
LINE
  5
2E4
330
1F
100
AcDbEntity
  8
BottomLayer
100
AcDbLine
 10
69.68760256
 20
68.62520184
 30
0.0
 11
69.68760256
 21
67.39980677999999
 31
0.0
  0
LINE
  5
2E5
330
1F
100
AcDbEntity
  8
BottomLayer
100
AcDbLine
 10
69.68760256
 20
67.39980677999999
 30
0.0
 11
69.91300215999999
 21
67.39980677999999
 31
0.0
  0
LINE
  5
2E6
330
1F
100
AcDbEntity
  8
BottomLayer
100
AcDbLine
 10
69.91300215999999
 20
65.71720155999999
 30
0.0
 11
69.91300215999999
 21
66.94260677999999
 31
0.0
  0
LINE
  5
2E7
330
1F
100
AcDbEntity
  8
BottomLayer
100
AcDbLine
 10
69.91300215999999
 20
66.94260677999999
 30
0.0
 11
69.68760256
 21
66.94260677999999
 31
0.0
  0
LINE
  5
2E8
330
1F
100
AcDbEntity
  8
BottomLayer
100
AcDbLine
 10
69.68760256
 20
66.94260677999999
 30
0.0
 11
69.68760256
 21
65.71720155999999
 31
0.0
  0
LINE
  5
2E9
330
1F
100
AcDbEntity
  8
BottomLayer
100
AcDbLine
 10
69.68760256
 20
65.71720155999999
 30
0.0
 11
69.91300215999999
 21
65.71720155999999
 31
0.0
  0
LINE
  5
2EA
330
1F
100
AcDbEntity
  8
BottomLayer
100
AcDbLine
 10
47.63040766
 20
67.17120677999999
 30
0.0
 11
47.63040766
 21
68.62520184
 31
0.0
  0
LINE
  5
2EB
330
1F
100
AcDbEntity
  8
BottomLayer
100
AcDbLine
 10
47.63040766
 20
68.62520184
 30
0.0
 11
47.28760164
 21
68.62520184
 31
0.0
  0
LINE
  5
2EC
330
1F
100
AcDbEntity
  8
BottomLayer
100
AcDbLine
 10
47.28760164
 20
68.62520184
 30
0.0
 11
47.28760164
 21
67.17120677999999
 31
0.0
  0
LINE
  5
2ED
330
1F
100
AcDbEntity
  8
BottomLayer
100
AcDbLine
 10
47.28760164
 20
67.17120677999999
 30
0.0
 11
47.28760164
 21
65.71720155999999
 31
0.0
  0
LINE
  5
2EE
330
1F
100
AcDbEntity
  8
BottomLayer
100
AcDbLine
 10
47.28760164
 20
65.71720155999999
 30
0.0
 11
47.63040766
 21
65.71720155999999
 31
0.0
  0
LINE
  5
2EF
330
1F
100
AcDbEntity
  8
BottomLayer
100
AcDbLine
 10
47.63040766
 20
65.71720155999999
 30
0.0
 11
47.63040766
 21
67.17120677999999
 31
0.0
  0
LINE
  5
2F0
330
1F
100
AcDbEntity
  8
BottomLayer
100
AcDbLine
 10
46.83040164
 20
67.17120677999999
 30
0.0
 11
46.83040164
 21
68.62520184
 31
0.0
  0
LINE
  5
2F1
330
1F
100
AcDbEntity
  8
BottomLayer
100
AcDbLine
 10
46.83040164
 20
68.62520184
 30
0.0
 11
46.60500204
 21
68.62520184
 31
0.0
  0
LINE
  5
2F2
330
1F
100
AcDbEntity
  8
BottomLayer
100
AcDbLine
 10
46.60500204
 20
68.62520184
 30
0.0
 11
46.60500204
 21
68.57440184
 31
0.0
  0
LINE
  5
2F3
330
1F
100
AcDbEntity
  8
BottomLayer
100
AcDbLine
 10
46.60500204
 20
68.57440184
 30
0.0
 11
45.8558011
 21
68.57440184
 31
0.0
  0
LINE
  5
2F4
330
1F
100
AcDbEntity
  8
BottomLayer
100
AcDbLine
 10
45.8558011
 20
68.57440184
 30
0.0
 11
45.8558011
 21
65.76800156
 31
0.0
  0
LINE
  5
2F5
330
1F
100
AcDbEntity
  8
BottomLayer
100
AcDbLine
 10
45.8558011
 20
65.76800156
 30
0.0
 11
46.60500204
 21
65.76800156
 31
0.0
  0
LINE
  5
2F6
330
1F
100
AcDbEntity
  8
BottomLayer
100
AcDbLine
 10
46.60500204
 20
65.76800156
 30
0.0
 11
46.60500204
 21
65.71720155999999
 31
0.0
  0
LINE
  5
2F7
330
1F
100
AcDbEntity
  8
BottomLayer
100
AcDbLine
 10
46.60500204
 20
65.71720155999999
 30
0.0
 11
46.83040164
 21
65.71720155999999
 31
0.0
  0
LINE
  5
2F8
330
1F
100
AcDbEntity
  8
BottomLayer
100
AcDbLine
 10
46.83040164
 20
65.71720155999999
 30
0.0
 11
46.83040164
 21
67.17120677999999
 31
0.0
  0
INSERT
  5
6A8
330
1F
100
AcDbEntity
  8
0
100
AcDbBlockReference
  2
FEPX2_CARD_1
 10
58.26759999999999
 20
70.8406
 30
0.0
 50
90.0
  0
TEXT
  5
6A9
330
1F
100
AcDbEntity
  8
BottomOverlay
100
AcDbText
 10
40.55600219999999
 20
83.01320202
 30
0.0
 40
0.762
  1
FEP1
 71
     2
100
AcDbText
  0
ENDSEC
  0
SECTION
  2
OBJECTS
  0
DICTIONARY
  5
C
330
0
100
AcDbDictionary
281
     1
  3
ACAD_DETAILVIEWSTYLE
350
6DE
  3
ACAD_GROUP
350
D
  3
ACAD_LAYOUT
350
1A
  3
ACAD_MATERIAL
350
43
  3
ACAD_MLEADERSTYLE
350
6DD
  3
ACAD_MLINESTYLE
350
17
  3
ACAD_PLOTSETTINGS
350
19
  3
ACAD_PLOTSTYLENAME
350
E
  3
ACAD_SCALELIST
350
47
  3
ACAD_SECTIONVIEWSTYLE
350
6DF
  3
ACAD_TABLESTYLE
350
6DC
  3
ACAD_VISUALSTYLE
350
2A
  3
AcDbVariableDictionary
350
6AA
  0
SUN
  5
69
330
29
100
AcDbSun
 90
        1
290
     0
 63
     7
421
 16777215
 40
1.0
291
     1
 91
  2455826
 92
 54000000
292
     0
 70
     2
 71
   256
280
     1
  0
DICTIONARY
  5
6DE
102
{ACAD_REACTORS
330
C
102
}
330
C
100
AcDbDictionary
281
     1
  0
DICTIONARY
  5
D
102
{ACAD_REACTORS
330
C
102
}
330
C
100
AcDbDictionary
281
     1
  0
DICTIONARY
  5
1A
102
{ACAD_REACTORS
330
C
102
}
330
C
100
AcDbDictionary
281
     1
  3
Layout1
350
1E
  3
Layout2
350
26
  3
Model
350
22
  0
DICTIONARY
  5
43
102
{ACAD_REACTORS
330
C
102
}
330
C
100
AcDbDictionary
281
     1
  3
ByBlock
350
45
  3
ByLayer
350
44
  3
Global
350
46
  0
DICTIONARY
  5
6DD
102
{ACAD_REACTORS
330
C
102
}
330
C
100
AcDbDictionary
281
     1
  0
DICTIONARY
  5
17
102
{ACAD_REACTORS
330
C
102
}
330
C
100
AcDbDictionary
281
     1
  3
Standard
350
18
  0
DICTIONARY
  5
19
102
{ACAD_REACTORS
330
C
102
}
330
C
100
AcDbDictionary
281
     1
  0
ACDBDICTIONARYWDFLT
  5
E
102
{ACAD_REACTORS
330
C
102
}
330
C
100
AcDbDictionary
281
     1
  3
Normal
350
F
100
AcDbDictionaryWithDefault
340
F
  0
DICTIONARY
  5
47
102
{ACAD_REACTORS
330
C
102
}
330
C
100
AcDbDictionary
281
     1
  3
A0
350
48
  3
A1
350
49
  3
A2
350
4A
  3
A3
350
4B
  3
A4
350
4C
  3
A5
350
4D
  3
A6
350
4E
  3
A7
350
4F
  3
A8
350
50
  3
A9
350
51
  3
B0
350
52
  3
B1
350
53
  3
B2
350
54
  3
B3
350
55
  3
B4
350
56
  3
B5
350
57
  3
B6
350
58
  3
B7
350
59
  3
B8
350
5A
  3
B9
350
5B
  3
C0
350
5C
  3
C1
350
5D
  3
C2
350
5E
  3
C3
350
5F
  3
C4
350
60
  3
C5
350
61
  3
C6
350
62
  3
C7
350
63
  3
C8
350
64
  3
C9
350
65
  3
D0
350
66
  3
D1
350
67
  3
D2
350
68
  0
DICTIONARY
  5
6DF
102
{ACAD_REACTORS
330
C
102
}
330
C
100
AcDbDictionary
281
     1
  0
DICTIONARY
  5
6DC
102
{ACAD_REACTORS
330
C
102
}
330
C
100
AcDbDictionary
281
     1
  0
DICTIONARY
  5
2A
102
{ACAD_REACTORS
330
C
102
}
330
C
100
AcDbDictionary
281
     1
  3
2dWireframe
350
2F
  3
Basic
350
32
  3
Brighten
350
36
  3
ColorChange
350
3A
  3
Conceptual
350
34
  3
Dim
350
35
  3
EdgeColorOff
350
3D
  3
Facepattern
350
39
  3
Flat
350
2B
  3
FlatWithEdges
350
2C
  3
Gouraud
350
2D
  3
GouraudWithEdges
350
2E
  3
Hidden
350
31
  3
JitterOff
350
3B
  3
Linepattern
350
38
  3
OverhangOff
350
3C
  3
Realistic
350
33
  3
Shaded
350
42
  3
Shaded with edges
350
41
  3
Shades of Gray
350
3E
  3
Sketchy
350
3F
  3
Thicken
350
37
  3
Wireframe
350
30
  3
X-Ray
350
40
  0
DICTIONARY
  5
6AA
102
{ACAD_REACTORS
330
C
102
}
330
C
100
AcDbDictionary
281
     1
  3
CANNOSCALE
350
6AB
  0
LAYOUT
  5
1E
102
{ACAD_REACTORS
330
1A
102
}
330
1A
100
AcDbPlotSettings
  1

  2
none_device
  4

  6

 40
0.0
 41
0.0
 42
0.0
 43
0.0
 44
0.0
 45
0.0
 46
0.0
 47
0.0
 48
0.0
 49
0.0
140
0.0
141
0.0
142
1.0
143
1.0
 70
   688
 72
     1
 73
     0
 74
     5
  7

 75
    16
 76
     0
 77
     2
 78
   300
147
1.0
148
0.0
149
0.0
100
AcDbLayout
  1
Layout1
 70
     1
 71
     1
 10
0.0
 20
0.0
 11
420.0
 21
297.0
 12
0.0
 22
0.0
 32
0.0
 14
1.000000000000000E+20
 24
1.000000000000000E+20
 34
1.000000000000000E+20
 15
-1.000000000000000E+20
 25
-1.000000000000000E+20
 35
-1.000000000000000E+20
146
0.0
 13
0.0
 23
0.0
 33
0.0
 16
1.0
 26
0.0
 36
0.0
 17
0.0
 27
1.0
 37
0.0
 76
     0
330
1B
  0
LAYOUT
  5
26
102
{ACAD_REACTORS
330
1A
102
}
330
1A
100
AcDbPlotSettings
  1

  2
none_device
  4

  6

 40
0.0
 41
0.0
 42
0.0
 43
0.0
 44
0.0
 45
0.0
 46
0.0
 47
0.0
 48
0.0
 49
0.0
140
0.0
141
0.0
142
1.0
143
1.0
 70
   688
 72
     1
 73
     0
 74
     5
  7

 75
    16
 76
     0
 77
     2
 78
   300
147
1.0
148
0.0
149
0.0
100
AcDbLayout
  1
Layout2
 70
     1
 71
     2
 10
0.0
 20
0.0
 11
0.0
 21
0.0
 12
0.0
 22
0.0
 32
0.0
 14
0.0
 24
0.0
 34
0.0
 15
0.0
 25
0.0
 35
0.0
146
0.0
 13
0.0
 23
0.0
 33
0.0
 16
1.0
 26
0.0
 36
0.0
 17
0.0
 27
1.0
 37
0.0
 76
     0
330
23
  0
LAYOUT
  5
22
102
{ACAD_REACTORS
330
1A
102
}
330
1A
100
AcDbPlotSettings
  1

  2
none_device
  4
Letter_(8.50_x_11.00_Inches)
  6

 40
6.35
 41
6.35
 42
6.35000508
 43
6.35000508
 44
215.9
 45
279.4
 46
0.0
 47
0.0
 48
0.0
 49
0.0
140
0.0
141
0.0
142
1.0
143
1.0
 70
  1712
 72
     1
 73
     0
 74
     0
  7

 75
     0
 76
     0
 77
     2
 78
   300
147
1.0
148
0.0
149
0.0
100
AcDbLayout
  1
Model
 70
     1
 71
     0
 10
37.63760062
 20
47.26770328
 11
78.12520062
 21
93.90381269999999
 12
0.0
 22
0.0
 32
0.0
 14
1.000000000000000E+20
 24
1.000000000000000E+20
 34
1.000000000000000E+20
 15
-1.000000000000000E+20
 25
-1.000000000000000E+20
 35
-1.000000000000000E+20
146
0.0
 13
0.0
 23
0.0
 33
0.0
 16
1.0
 26
0.0
 36
0.0
 17
0.0
 27
1.0
 37
0.0
 76
     0
330
1F
331
29
  0
MATERIAL
  5
45
102
{ACAD_REACTORS
330
43
102
}
330
43
100
AcDbMaterial
  1
ByBlock
 72
     1
 94
      127
  0
MATERIAL
  5
44
102
{ACAD_REACTORS
330
43
102
}
330
43
100
AcDbMaterial
  1
ByLayer
 72
     1
 94
      127
  0
MATERIAL
  5
46
102
{ACAD_REACTORS
330
43
102
}
330
43
100
AcDbMaterial
  1
Global
 72
     1
 94
      127
  0
MLINESTYLE
  5
18
102
{ACAD_REACTORS
330
17
102
}
330
17
100
AcDbMlineStyle
  2
Standard
 70
     0
  3

 62
   256
 51
90.0
 52
90.0
 71
     2
 49
0.5
 62
   256
  6
BYLAYER
 49
-0.5
 62
   256
  6
BYLAYER
  0
ACDBPLACEHOLDER
  5
F
102
{ACAD_REACTORS
330
E
102
}
330
E
  0
SCALE
  5
48
102
{ACAD_REACTORS
330
47
102
}
330
47
100
AcDbScale
 70
     0
300
1:1
140
1.0
141
1.0
290
     1
  0
SCALE
  5
49
102
{ACAD_REACTORS
330
47
102
}
330
47
100
AcDbScale
 70
     0
300
1:2
140
1.0
141
2.0
290
     0
  0
SCALE
  5
4A
102
{ACAD_REACTORS
330
47
102
}
330
47
100
AcDbScale
 70
     0
300
1:4
140
1.0
141
4.0
290
     0
  0
SCALE
  5
4B
102
{ACAD_REACTORS
330
47
102
}
330
47
100
AcDbScale
 70
     0
300
1:5
140
1.0
141
5.0
290
     0
  0
SCALE
  5
4C
102
{ACAD_REACTORS
330
47
102
}
330
47
100
AcDbScale
 70
     0
300
1:8
140
1.0
141
8.0
290
     0
  0
SCALE
  5
4D
102
{ACAD_REACTORS
330
47
102
}
330
47
100
AcDbScale
 70
     0
300
1:10
140
1.0
141
10.0
290
     0
  0
SCALE
  5
4E
102
{ACAD_REACTORS
330
47
102
}
330
47
100
AcDbScale
 70
     0
300
1:16
140
1.0
141
16.0
290
     0
  0
SCALE
  5
4F
102
{ACAD_REACTORS
330
47
102
}
330
47
100
AcDbScale
 70
     0
300
1:20
140
1.0
141
20.0
290
     0
  0
SCALE
  5
50
102
{ACAD_REACTORS
330
47
102
}
330
47
100
AcDbScale
 70
     0
300
1:30
140
1.0
141
30.0
290
     0
  0
SCALE
  5
51
102
{ACAD_REACTORS
330
47
102
}
330
47
100
AcDbScale
 70
     0
300
1:40
140
1.0
141
40.0
290
     0
  0
SCALE
  5
52
102
{ACAD_REACTORS
330
47
102
}
330
47
100
AcDbScale
 70
     0
300
1:50
140
1.0
141
50.0
290
     0
  0
SCALE
  5
53
102
{ACAD_REACTORS
330
47
102
}
330
47
100
AcDbScale
 70
     0
300
1:100
140
1.0
141
100.0
290
     0
  0
SCALE
  5
54
102
{ACAD_REACTORS
330
47
102
}
330
47
100
AcDbScale
 70
     0
300
2:1
140
2.0
141
1.0
290
     0
  0
SCALE
  5
55
102
{ACAD_REACTORS
330
47
102
}
330
47
100
AcDbScale
 70
     0
300
4:1
140
4.0
141
1.0
290
     0
  0
SCALE
  5
56
102
{ACAD_REACTORS
330
47
102
}
330
47
100
AcDbScale
 70
     0
300
8:1
140
8.0
141
1.0
290
     0
  0
SCALE
  5
57
102
{ACAD_REACTORS
330
47
102
}
330
47
100
AcDbScale
 70
     0
300
10:1
140
10.0
141
1.0
290
     0
  0
SCALE
  5
58
102
{ACAD_REACTORS
330
47
102
}
330
47
100
AcDbScale
 70
     0
300
100:1
140
100.0
141
1.0
290
     0
  0
SCALE
  5
59
102
{ACAD_REACTORS
330
47
102
}
330
47
100
AcDbScale
 70
     0
300
1/128" = 1'-0"
140
0.0078125
141
12.0
290
     0
  0
SCALE
  5
5A
102
{ACAD_REACTORS
330
47
102
}
330
47
100
AcDbScale
 70
     0
300
1/64" = 1'-0"
140
0.015625
141
12.0
290
     0
  0
SCALE
  5
5B
102
{ACAD_REACTORS
330
47
102
}
330
47
100
AcDbScale
 70
     0
300
1/32" = 1'-0"
140
0.03125
141
12.0
290
     0
  0
SCALE
  5
5C
102
{ACAD_REACTORS
330
47
102
}
330
47
100
AcDbScale
 70
     0
300
1/16" = 1'-0"
140
0.0625
141
12.0
290
     0
  0
SCALE
  5
5D
102
{ACAD_REACTORS
330
47
102
}
330
47
100
AcDbScale
 70
     0
300
3/32" = 1'-0"
140
0.09375
141
12.0
290
     0
  0
SCALE
  5
5E
102
{ACAD_REACTORS
330
47
102
}
330
47
100
AcDbScale
 70
     0
300
1/8" = 1'-0"
140
0.125
141
12.0
290
     0
  0
SCALE
  5
5F
102
{ACAD_REACTORS
330
47
102
}
330
47
100
AcDbScale
 70
     0
300
3/16" = 1'-0"
140
0.1875
141
12.0
290
     0
  0
SCALE
  5
60
102
{ACAD_REACTORS
330
47
102
}
330
47
100
AcDbScale
 70
     0
300
1/4" = 1'-0"
140
0.25
141
12.0
290
     0
  0
SCALE
  5
61
102
{ACAD_REACTORS
330
47
102
}
330
47
100
AcDbScale
 70
     0
300
3/8" = 1'-0"
140
0.375
141
12.0
290
     0
  0
SCALE
  5
62
102
{ACAD_REACTORS
330
47
102
}
330
47
100
AcDbScale
 70
     0
300
1/2" = 1'-0"
140
0.5
141
12.0
290
     0
  0
SCALE
  5
63
102
{ACAD_REACTORS
330
47
102
}
330
47
100
AcDbScale
 70
     0
300
3/4" = 1'-0"
140
0.75
141
12.0
290
     0
  0
SCALE
  5
64
102
{ACAD_REACTORS
330
47
102
}
330
47
100
AcDbScale
 70
     0
300
1" = 1'-0"
140
1.0
141
12.0
290
     0
  0
SCALE
  5
65
102
{ACAD_REACTORS
330
47
102
}
330
47
100
AcDbScale
 70
     0
300
1-1/2" = 1'-0"
140
1.5
141
12.0
290
     0
  0
SCALE
  5
66
102
{ACAD_REACTORS
330
47
102
}
330
47
100
AcDbScale
 70
     0
300
3" = 1'-0"
140
3.0
141
12.0
290
     0
  0
SCALE
  5
67
102
{ACAD_REACTORS
330
47
102
}
330
47
100
AcDbScale
 70
     0
300
6" = 1'-0"
140
6.0
141
12.0
290
     0
  0
SCALE
  5
68
102
{ACAD_REACTORS
330
47
102
}
330
47
100
AcDbScale
 70
     0
300
1'-0" = 1'-0"
140
12.0
141
12.0
290
     0
  0
VISUALSTYLE
  5
2F
102
{ACAD_REACTORS
330
2A
102
}
102
{ACAD_XDICTIONARY
360
6B4
102
}
330
2A
100
AcDbVisualStyle
  2
2dWireframe
 70
     4
 71
     0
 72
     2
 73
     0
 90
        0
 40
0.6
 41
30.0
 62
     5
 63
     7
421
 16777215
 74
     1
 91
        4
 64
     7
 65
   257
 75
     1
175
     1
 42
1.0
 92
        0
 66
   257
 43
1.0
 76
     1
 77
     6
 78
     2
 67
     7
 79
     5
170
     0
171
     0
290
     0
174
     0
 93
        1
 44
0.0
173
     0
291
     0
 45
0.0
  0
VISUALSTYLE
  5
32
102
{ACAD_REACTORS
330
2A
102
}
102
{ACAD_XDICTIONARY
360
6BA
102
}
330
2A
100
AcDbVisualStyle
  2
Basic
 70
     7
 71
     1
 72
     0
 73
     1
 90
        0
 40
0.6
 41
30.0
 62
     5
 63
     7
421
 16777215
 74
     0
 91
        4
 64
     7
 65
   257
 75
     1
175
     1
 42
1.0
 92
        8
 66
     7
 43
1.0
 76
     1
 77
     6
 78
     2
 67
     7
 79
     5
170
     0
171
     0
290
     0
174
     0
 93
        1
 44
0.0
173
     0
291
     1
 45
0.0
  0
VISUALSTYLE
  5
36
102
{ACAD_REACTORS
330
2A
102
}
102
{ACAD_XDICTIONARY
360
6C2
102
}
330
2A
100
AcDbVisualStyle
  2
Brighten
 70
    12
 71
     2
 72
     2
 73
     0
 90
        0
 40
0.6
 41
30.0
 62
     5
 63
     7
421
 16777215
 74
     1
 91
        4
 64
     7
 65
   257
 75
     1
175
     1
 42
1.0
 92
        8
 66
     7
 43
1.0
 76
     1
 77
     6
 78
     2
 67
     7
 79
     5
170
     0
171
     0
290
     0
174
     0
 93
        1
 44
50.0
173
     0
291
     1
 45
0.0
  0
VISUALSTYLE
  5
3A
102
{ACAD_REACTORS
330
2A
102
}
102
{ACAD_XDICTIONARY
360
6CA
102
}
330
2A
100
AcDbVisualStyle
  2
ColorChange
 70
    16
 71
     2
 72
     2
 73
     3
 90
        0
 40
0.6
 41
30.0
 62
     5
 63
     8
421
  8421504
 74
     1
 91
        4
 64
     7
 65
   257
 75
     1
175
     1
 42
1.0
 92
        8
 66
     8
424
  8421504
 43
1.0
 76
     1
 77
     6
 78
     2
 67
     7
 79
     5
170
     0
171
     0
290
     0
174
     0
 93
        1
 44
0.0
173
     0
291
     1
 45
0.0
  0
VISUALSTYLE
  5
34
102
{ACAD_REACTORS
330
2A
102
}
102
{ACAD_XDICTIONARY
360
6BE
102
}
330
2A
100
AcDbVisualStyle
  2
Conceptual
 70
     9
 71
     3
 72
     2
 73
     0
 90
        0
 40
0.6
 41
30.0
 62
     5
 63
     7
421
 16777215
 74
     2
 91
        2
 64
     7
 65
   257
 75
     1
175
     1
 42
179.0
 92
        8
 66
     7
 43
1.0
 76
     1
 77
     6
 78
     2
 67
     7
 79
     3
170
     0
171
     0
290
     0
174
     0
 93
        1
 44
0.0
173
     0
291
     0
 45
0.0
  0
VISUALSTYLE
  5
35
102
{ACAD_REACTORS
330
2A
102
}
102
{ACAD_XDICTIONARY
360
6C0
102
}
330
2A
100
AcDbVisualStyle
  2
Dim
 70
    11
 71
     2
 72
     2
 73
     0
 90
        0
 40
0.6
 41
30.0
 62
     5
 63
     7
421
 16777215
 74
     1
 91
        4
 64
     7
 65
   257
 75
     1
175
     1
 42
1.0
 92
        8
 66
     7
 43
1.0
 76
     1
 77
     6
 78
     2
 67
     7
 79
     5
170
     0
171
     0
290
     0
174
     0
 93
        1
 44
-50.0
173
     0
291
     1
 45
0.0
  0
VISUALSTYLE
  5
3D
102
{ACAD_REACTORS
330
2A
102
}
102
{ACAD_XDICTIONARY
360
6D0
102
}
330
2A
100
AcDbVisualStyle
  2
EdgeColorOff
 70
    22
 71
     2
 72
     2
 73
     0
 90
        0
 40
0.6
 41
30.0
 62
     5
 63
     7
421
 16777215
 74
     1
 91
        4
 64
     7
 65
   257
 75
     1
175
     1
 42
1.0
 92
        8
 66
     7
 43
1.0
 76
     1
 77
     6
 78
     2
 67
     7
 79
     5
170
     0
171
     0
290
     0
174
     0
 93
        1
 44
0.0
173
     0
291
     1
 45
0.0
  0
VISUALSTYLE
  5
39
102
{ACAD_REACTORS
330
2A
102
}
102
{ACAD_XDICTIONARY
360
6C8
102
}
330
2A
100
AcDbVisualStyle
  2
Facepattern
 70
    15
 71
     2
 72
     2
 73
     0
 90
        0
 40
0.6
 41
30.0
 62
     5
 63
     7
421
 16777215
 74
     1
 91
        4
 64
     7
 65
   257
 75
     1
175
     1
 42
1.0
 92
        8
 66
     7
 43
1.0
 76
     1
 77
     6
 78
     2
 67
     7
 79
     5
170
     0
171
     0
290
     0
174
     0
 93
        1
 44
0.0
173
     0
291
     1
 45
0.0
  0
VISUALSTYLE
  5
2B
102
{ACAD_REACTORS
330
2A
102
}
102
{ACAD_XDICTIONARY
360
6AC
102
}
330
2A
100
AcDbVisualStyle
  2
Flat
 70
     0
 71
     2
 72
     1
 73
     1
 90
        2
 40
0.6
 41
30.0
 62
     5
 63
     7
421
 16777215
 74
     0
 91
        0
 64
     7
 65
   257
 75
     1
175
     1
 42
1.0
 92
        8
 66
     7
 43
1.0
 76
     1
 77
     6
 78
     2
 67
     7
 79
     5
170
     0
171
     0
290
     0
174
     0
 93
       13
 44
0.0
173
     0
291
     1
 45
0.0
  0
VISUALSTYLE
  5
2C
102
{ACAD_REACTORS
330
2A
102
}
102
{ACAD_XDICTIONARY
360
6AE
102
}
330
2A
100
AcDbVisualStyle
  2
FlatWithEdges
 70
     1
 71
     2
 72
     1
 73
     1
 90
        2
 40
0.6
 41
30.0
 62
     5
 63
     7
421
 16777215
 74
     1
 91
        0
 64
     7
 65
   257
 75
     1
175
     1
 42
1.0
 92
        0
 66
   257
 43
1.0
 76
     1
 77
     6
 78
     2
 67
     7
 79
     5
170
     0
171
     0
290
     0
174
     0
 93
       13
 44
0.0
173
     0
291
     1
 45
0.0
  0
VISUALSTYLE
  5
2D
102
{ACAD_REACTORS
330
2A
102
}
102
{ACAD_XDICTIONARY
360
6B0
102
}
330
2A
100
AcDbVisualStyle
  2
Gouraud
 70
     2
 71
     2
 72
     2
 73
     1
 90
        2
 40
0.6
 41
30.0
 62
     5
 63
     7
421
 16777215
 74
     0
 91
        0
 64
     7
 65
   257
 75
     1
175
     1
 42
1.0
 92
        0
 66
     7
 43
1.0
 76
     1
 77
     6
 78
     2
 67
     7
 79
     5
170
     0
171
     0
290
     0
174
     0
 93
       13
 44
0.0
173
     0
291
     1
 45
0.0
  0
VISUALSTYLE
  5
2E
102
{ACAD_REACTORS
330
2A
102
}
102
{ACAD_XDICTIONARY
360
6B2
102
}
330
2A
100
AcDbVisualStyle
  2
GouraudWithEdges
 70
     3
 71
     2
 72
     2
 73
     1
 90
        2
 40
0.6
 41
30.0
 62
     5
 63
     7
421
 16777215
 74
     1
 91
        0
 64
     7
 65
   257
 75
     1
175
     1
 42
1.0
 92
        0
 66
   257
 43
1.0
 76
     1
 77
     6
 78
     2
 67
     7
 79
     5
170
     0
171
     0
290
     0
174
     0
 93
       13
 44
0.0
173
     0
291
     1
 45
0.0
  0
VISUALSTYLE
  5
31
102
{ACAD_REACTORS
330
2A
102
}
102
{ACAD_XDICTIONARY
360
6B8
102
}
330
2A
100
AcDbVisualStyle
  2
Hidden
 70
     6
 71
     1
 72
     2
 73
     2
 90
        0
 40
0.6
 41
30.0
 62
     5
 63
     7
421
 16777215
 74
     2
 91
        2
 64
     7
 65
   257
 75
     2
175
     1
 42
40.0
 92
        0
 66
   257
 43
1.0
 76
     1
 77
     6
 78
     2
 67
     7
 79
     3
170
     0
171
     0
290
     0
174
     0
 93
        1
 44
0.0
173
     0
291
     0
 45
0.0
  0
VISUALSTYLE
  5
3B
102
{ACAD_REACTORS
330
2A
102
}
102
{ACAD_XDICTIONARY
360
6CC
102
}
330
2A
100
AcDbVisualStyle
  2
JitterOff
 70
    20
 71
     2
 72
     2
 73
     0
 90
        0
 40
0.6
 41
30.0
 62
     5
 63
     7
421
 16777215
 74
     1
 91
        4
 64
     7
 65
   257
 75
     1
175
     1
 42
1.0
 92
       10
 66
     7
 43
1.0
 76
     1
 77
     6
 78
     2
 67
     7
 79
     5
170
     0
171
     0
290
     0
174
     0
 93
        1
 44
0.0
173
     0
291
     1
 45
0.0
  0
VISUALSTYLE
  5
38
102
{ACAD_REACTORS
330
2A
102
}
102
{ACAD_XDICTIONARY
360
6C6
102
}
330
2A
100
AcDbVisualStyle
  2
Linepattern
 70
    14
 71
     2
 72
     2
 73
     0
 90
        0
 40
0.6
 41
30.0
 62
     5
 63
     7
421
 16777215
 74
     1
 91
        4
 64
     7
 65
   257
 75
     7
175
     7
 42
1.0
 92
        8
 66
     7
 43
1.0
 76
     1
 77
     6
 78
     2
 67
     7
 79
     5
170
     0
171
     0
290
     0
174
     0
 93
        1
 44
0.0
173
     0
291
     1
 45
0.0
  0
VISUALSTYLE
  5
3C
102
{ACAD_REACTORS
330
2A
102
}
102
{ACAD_XDICTIONARY
360
6CE
102
}
330
2A
100
AcDbVisualStyle
  2
OverhangOff
 70
    21
 71
     2
 72
     2
 73
     0
 90
        0
 40
0.6
 41
30.0
 62
     5
 63
     7
421
 16777215
 74
     1
 91
        4
 64
     7
 65
   257
 75
     1
175
     1
 42
1.0
 92
        9
 66
     7
 43
1.0
 76
     1
 77
     6
 78
     2
 67
     7
 79
     5
170
     0
171
     0
290
     0
174
     0
 93
        1
 44
0.0
173
     0
291
     1
 45
0.0
  0
VISUALSTYLE
  5
33
102
{ACAD_REACTORS
330
2A
102
}
102
{ACAD_XDICTIONARY
360
6BC
102
}
330
2A
100
AcDbVisualStyle
  2
Realistic
 70
     8
 71
     2
 72
     3
 73
     0
 90
        2
 40
0.6
 41
30.0
 62
     5
 63
     7
421
 16777215
 74
     0
 91
        0
 64
     7
 65
   257
 75
     1
175
     1
 42
1.0
 92
        8
 66
   257
 43
1.0
 76
     1
 77
     6
 78
     2
 67
     7
 79
     3
170
     0
171
     0
290
     0
174
     0
 93
       13
 44
0.0
173
     0
291
     0
 45
0.0
  0
VISUALSTYLE
  5
42
102
{ACAD_REACTORS
330
2A
102
}
102
{ACAD_XDICTIONARY
360
6DA
102
}
330
2A
100
AcDbVisualStyle
  2
Shaded
 70
    27
 71
     2
 72
     2
 73
     1
 90
        2
 40
0.6
 41
30.0
 62
     5
 63
     7
421
 16777215
 74
     0
 91
        4
 64
     7
 65
   257
 75
     1
175
     1
 42
1.0
 92
        8
 66
   257
 43
1.0
 76
     1
 77
     6
 78
     2
 67
     8
425
  7895160
 79
     3
170
     0
171
     0
290
     0
174
     0
 93
        5
 44
0.0
173
     0
291
     0
 45
0.0
  0
VISUALSTYLE
  5
41
102
{ACAD_REACTORS
330
2A
102
}
102
{ACAD_XDICTIONARY
360
6D8
102
}
330
2A
100
AcDbVisualStyle
  2
Shaded with edges
 70
    26
 71
     2
 72
     2
 73
     1
 90
        2
 40
0.6
 41
30.0
 62
     5
 63
     7
421
 16777215
 74
     1
 91
       10
 64
     7
 65
   257
 75
     2
175
     1
 42
1.0
 92
        8
 66
   257
 43
1.0
 76
     1
 77
     6
 78
     2
 67
     7
 79
     3
170
     0
171
     0
290
     0
174
     0
 93
        5
 44
0.0
173
     0
291
     0
 45
0.0
  0
VISUALSTYLE
  5
3E
102
{ACAD_REACTORS
330
2A
102
}
102
{ACAD_XDICTIONARY
360
6D2
102
}
330
2A
100
AcDbVisualStyle
  2
Shades of Gray
 70
    23
 71
     2
 72
     2
 73
     3
 90
        0
 40
0.6
 41
30.0
 62
     5
 63
     7
421
 16777215
 74
     2
 91
        2
 64
     7
 65
     7
 75
     1
175
     1
 42
40.0
 92
        8
 66
     7
 43
1.0
 76
     1
 77
     6
 78
     2
 67
     7
 79
     3
170
     0
171
     0
290
     0
174
     0
 93
        1
 44
0.0
173
     0
291
     0
 45
0.0
  0
VISUALSTYLE
  5
3F
102
{ACAD_REACTORS
330
2A
102
}
102
{ACAD_XDICTIONARY
360
6D4
102
}
330
2A
100
AcDbVisualStyle
  2
Sketchy
 70
    24
 71
     1
 72
     2
 73
     2
 90
        0
 40
0.6
 41
30.0
 62
     5
 63
     7
421
 16777215
 74
     2
 91
        2
 64
     7
 65
     7
 75
     1
175
     1
 42
40.0
 92
       11
 66
     7
 43
1.0
 76
     1
 77
     6
 78
     2
 67
     7
 79
     6
170
     0
171
     0
290
     0
174
     0
 93
        1
 44
0.0
173
     0
291
     0
 45
0.0
  0
VISUALSTYLE
  5
37
102
{ACAD_REACTORS
330
2A
102
}
102
{ACAD_XDICTIONARY
360
6C4
102
}
330
2A
100
AcDbVisualStyle
  2
Thicken
 70
    13
 71
     2
 72
     2
 73
     0
 90
        0
 40
0.6
 41
30.0
 62
     5
 63
     7
421
 16777215
 74
     1
 91
        4
 64
     7
 65
   257
 75
     1
175
     1
 42
1.0
 92
       12
 66
     7
 43
1.0
 76
     1
 77
     6
 78
     2
 67
     7
 79
     5
170
     0
171
     0
290
     0
174
     0
 93
        1
 44
0.0
173
     0
291
     1
 45
0.0
  0
VISUALSTYLE
  5
30
102
{ACAD_REACTORS
330
2A
102
}
102
{ACAD_XDICTIONARY
360
6B6
102
}
330
2A
100
AcDbVisualStyle
  2
Wireframe
 70
     5
 71
     0
 72
     2
 73
     0
 90
        0
 40
0.6
 41
30.0
 62
     5
 63
     7
421
 16777215
 74
     1
 91
        4
 64
     7
 65
   257
 75
     1
175
     1
 42
1.0
 92
        0
 66
   257
 43
1.0
 76
     1
 77
     6
 78
     2
 67
     7
 79
     3
170
     0
171
     0
290
     0
174
     0
 93
        1
 44
0.0
173
     0
291
     0
 45
0.0
  0
VISUALSTYLE
  5
40
102
{ACAD_REACTORS
330
2A
102
}
102
{ACAD_XDICTIONARY
360
6D6
102
}
330
2A
100
AcDbVisualStyle
  2
X-Ray
 70
    25
 71
     2
 72
     2
 73
     1
 90
        1
 40
0.5
 41
30.0
 62
     5
 63
     7
421
 16777215
 74
     1
 91
        0
 64
     7
 65
   257
 75
     1
175
     1
 42
1.0
 92
        8
 66
     7
 43
1.0
 76
     1
 77
     6
 78
     2
 67
     7
 79
     3
170
     0
171
     0
290
     0
174
     0
 93
       13
 44
0.0
173
     0
291
     0
 45
0.0
  0
DICTIONARYVAR
  5
6AB
102
{ACAD_REACTORS
330
6AA
102
}
330
6AA
100
DictionaryVariables
280
     0
  1
1:1
  0
DICTIONARY
  5
6B4
330
2F
100
AcDbDictionary
280
     1
281
     1
  3
ACAD_XREC_ROUNDTRIP
360
6B5
  0
DICTIONARY
  5
6BA
330
32
100
AcDbDictionary
280
     1
281
     1
  3
ACAD_XREC_ROUNDTRIP
360
6BB
  0
DICTIONARY
  5
6C2
330
36
100
AcDbDictionary
280
     1
281
     1
  3
ACAD_XREC_ROUNDTRIP
360
6C3
  0
DICTIONARY
  5
6CA
330
3A
100
AcDbDictionary
280
     1
281
     1
  3
ACAD_XREC_ROUNDTRIP
360
6CB
  0
DICTIONARY
  5
6BE
330
34
100
AcDbDictionary
280
     1
281
     1
  3
ACAD_XREC_ROUNDTRIP
360
6BF
  0
DICTIONARY
  5
6C0
330
35
100
AcDbDictionary
280
     1
281
     1
  3
ACAD_XREC_ROUNDTRIP
360
6C1
  0
DICTIONARY
  5
6D0
330
3D
100
AcDbDictionary
280
     1
281
     1
  3
ACAD_XREC_ROUNDTRIP
360
6D1
  0
DICTIONARY
  5
6C8
330
39
100
AcDbDictionary
280
     1
281
     1
  3
ACAD_XREC_ROUNDTRIP
360
6C9
  0
DICTIONARY
  5
6AC
330
2B
100
AcDbDictionary
280
     1
281
     1
  3
ACAD_XREC_ROUNDTRIP
360
6AD
  0
DICTIONARY
  5
6AE
330
2C
100
AcDbDictionary
280
     1
281
     1
  3
ACAD_XREC_ROUNDTRIP
360
6AF
  0
DICTIONARY
  5
6B0
330
2D
100
AcDbDictionary
280
     1
281
     1
  3
ACAD_XREC_ROUNDTRIP
360
6B1
  0
DICTIONARY
  5
6B2
330
2E
100
AcDbDictionary
280
     1
281
     1
  3
ACAD_XREC_ROUNDTRIP
360
6B3
  0
DICTIONARY
  5
6B8
330
31
100
AcDbDictionary
280
     1
281
     1
  3
ACAD_XREC_ROUNDTRIP
360
6B9
  0
DICTIONARY
  5
6CC
330
3B
100
AcDbDictionary
280
     1
281
     1
  3
ACAD_XREC_ROUNDTRIP
360
6CD
  0
DICTIONARY
  5
6C6
330
38
100
AcDbDictionary
280
     1
281
     1
  3
ACAD_XREC_ROUNDTRIP
360
6C7
  0
DICTIONARY
  5
6CE
330
3C
100
AcDbDictionary
280
     1
281
     1
  3
ACAD_XREC_ROUNDTRIP
360
6CF
  0
DICTIONARY
  5
6BC
330
33
100
AcDbDictionary
280
     1
281
     1
  3
ACAD_XREC_ROUNDTRIP
360
6BD
  0
DICTIONARY
  5
6DA
330
42
100
AcDbDictionary
280
     1
281
     1
  3
ACAD_XREC_ROUNDTRIP
360
6DB
  0
DICTIONARY
  5
6D8
330
41
100
AcDbDictionary
280
     1
281
     1
  3
ACAD_XREC_ROUNDTRIP
360
6D9
  0
DICTIONARY
  5
6D2
330
3E
100
AcDbDictionary
280
     1
281
     1
  3
ACAD_XREC_ROUNDTRIP
360
6D3
  0
DICTIONARY
  5
6D4
330
3F
100
AcDbDictionary
280
     1
281
     1
  3
ACAD_XREC_ROUNDTRIP
360
6D5
  0
DICTIONARY
  5
6C4
330
37
100
AcDbDictionary
280
     1
281
     1
  3
ACAD_XREC_ROUNDTRIP
360
6C5
  0
DICTIONARY
  5
6B6
330
30
100
AcDbDictionary
280
     1
281
     1
  3
ACAD_XREC_ROUNDTRIP
360
6B7
  0
DICTIONARY
  5
6D6
330
40
100
AcDbDictionary
280
     1
281
     1
  3
ACAD_XREC_ROUNDTRIP
360
6D7
  0
XRECORD
  5
6B5
102
{ACAD_REACTORS
330
6B4
102
}
330
6B4
100
AcDbXrecord
280
     1
102
RTVSPropertyOp0
 70
     1
102
RTVSPropertyOp1
 70
     1
102
RTVSPropertyOp2
 70
     1
102
RTVSPropertyOp3
 70
     1
102
RTVSPropertyOp4
 70
     1
102
RTVSPropertyOp5
 70
     1
102
RTVSPropertyOp6
 70
     1
102
RTVSPropertyOp7
 70
     1
102
RTVSPropertyOp8
 70
     1
102
RTVSPropertyOp9
 70
     1
102
RTVSPropertyOp10
 70
     1
102
RTVSPropertyOp11
 70
     1
102
RTVSPropertyOp12
 70
     1
102
RTVSPropertyOp13
 70
     1
102
RTVSPropertyOp14
 70
     1
102
RTVSPropertyOp15
 70
     1
102
RTVSPropertyOp16
 70
     1
102
RTVSPropertyOp17
 70
     1
102
RTVSPropertyOp18
 70
     1
102
RTVSPropertyOp19
 70
     1
102
RTVSPropertyOp20
 70
     1
102
RTVSPropertyOp21
 70
     1
102
RTVSPropertyOp22
 70
     1
102
RTVSPropertyOp23
 70
     1
102
RTVSPropertyOp24
 70
     1
102
RTVSPropertyOp25
 70
     1
102
RTVSPropertyOp26
 70
     1
102
RTVSPropertyOp27
 70
     1
102
RTVSPropertyOp28
 70
     1
102
RTVSPropertyOp29
 70
     1
102
RTVSPropertyOp30
 70
     1
102
RTVSPropertyOp31
 70
     1
102
RTVSPropertyOp32
 70
     1
102
RTVSPropertyOp33
 70
     1
102
RTVSPropertyOp34
 70
     1
102
RTVSPropertyOp35
 70
     1
102
RTVSPropertyOp36
 70
     1
102
RTVSPropertyOp37
 70
     1
102
RTVSPropertyOp38
 70
     1
102
RTVSPropertyOp39
 70
     1
102
RTVSPropertyOp40
 70
     1
102
RTVSPropertyOp41
 70
     1
102
RTVSPropertyOp42
 70
     1
102
RTVSPropertyOp43
 70
     1
102
RTVSPropertyOp44
 70
     1
102
RTVSPropertyOp45
 70
     1
102
RTVSPropertyOp46
 70
     1
102
RTVSPropertyOp47
 70
     1
102
RTVSPropertyOp48
 70
     1
102
RTVSPropertyOp49
 70
     1
102
RTVSPropertyOp50
 70
     1
102
RTVSPropertyOp51
 70
     0
102
RTVSPropertyOp52
 70
     0
102
RTVSPropertyOp53
 70
     1
102
RTVSPropertyOp54
 70
     1
102
RTVSPropertyOp55
 70
     1
102
RTVSPropertyOp56
 70
     1
102
RTVSPropertyOp57
 70
     1
102
RTVSPost2010Prop28
280
     1
102
RTVSPost2010PropOp28
 70
     1
102
RTVSPost2010Prop29
280
     1
102
RTVSPost2010PropOp29
 70
     1
102
RTVSPost2010Prop30
280
     0
102
RTVSPost2010PropOp30
 70
     1
102
RTVSPost2010Prop31
280
     0
102
RTVSPost2010PropOp31
 70
     1
102
RTVSPost2010Prop32
280
     0
102
RTVSPost2010PropOp32
 70
     1
102
RTVSPost2010Prop33
280
     0
102
RTVSPost2010PropOp33
 70
     1
102
RTVSPost2010Prop34
280
     0
102
RTVSPost2010PropOp34
 70
     1
102
RTVSPost2010Prop35
280
     0
102
RTVSPost2010PropOp35
 70
     1
102
RTVSPost2010Prop36
280
     0
102
RTVSPost2010PropOp36
 70
     1
102
RTVSPost2010Prop37
 90
       50
102
RTVSPost2010PropOp37
 70
     1
102
RTVSPost2010Prop38
140
0.0
102
RTVSPost2010PropOp38
 70
     1
102
RTVSPost2010Prop39
140
1.0
102
RTVSPost2010PropOp39
 70
     1
102
RTVSPost2010Prop40
 90
        0
102
RTVSPost2010PropOp40
 70
     1
102
RTVSPost2010Prop41ColorIndex
 90
       18
102
RTVSPost2010Prop41ColorRGB
 90
        0
102
RTVSPost2010PropOp41
 70
     1
102
RTVSPost2010Prop42
 90
       50
102
RTVSPost2010PropOp42
 70
     1
102
RTVSPost2010Prop43
 90
        3
102
RTVSPost2010PropOp43
 70
     1
102
RTVSPost2010Prop44ColorIndex
 90
        5
102
RTVSPost2010Prop44ColorRGB
 90
      255
102
RTVSPost2010PropOp44
 70
     1
102
RTVSPost2010Prop45
280
     0
102
RTVSPost2010PropOp45
 70
     1
102
RTVSPost2010Prop46
 90
       50
102
RTVSPost2010PropOp46
 70
     1
102
RTVSPost2010Prop47
 90
       50
102
RTVSPost2010PropOp47
 70
     1
102
RTVSPost2010Prop48
 90
       50
102
RTVSPost2010PropOp48
 70
     1
102
RTVSPost2010Prop49
280
     0
102
RTVSPost2010PropOp49
 70
     1
102
RTVSPost2010Prop50
 90
       50
102
RTVSPost2010PropOp50
 70
     1
102
RTVSPost2010Prop51ColorIndex
 90
      256
102
RTVSPost2010Prop51ColorRGB
 90
-16777216
102
RTVSPost2010PropOp51
 70
     0
102
RTVSPost2010Prop52
140
1.0
102
RTVSPost2010PropOp52
 70
     0
102
RTVSPost2010Prop53
 90
        2
102
RTVSPost2010PropOp53
 70
     1
102
RTVSPost2010Prop54
  1
strokes_ogs.tif
102
RTVSPost2010PropOp54
 70
     1
102
RTVSPost2010Prop55
280
     0
102
RTVSPost2010PropOp55
 70
     1
102
RTVSPost2010Prop56
140
1.0
102
RTVSPost2010PropOp56
 70
     1
102
RTVSPost2010Prop57
140
1.0
102
RTVSPost2010PropOp57
 70
     1
  0
XRECORD
  5
6BB
102
{ACAD_REACTORS
330
6BA
102
}
330
6BA
100
AcDbXrecord
280
     1
102
RTVSPropertyOp0
 70
     1
102
RTVSPropertyOp1
 70
     1
102
RTVSPropertyOp2
 70
     1
102
RTVSPropertyOp3
 70
     1
102
RTVSPropertyOp4
 70
     1
102
RTVSPropertyOp5
 70
     1
102
RTVSPropertyOp6
 70
     1
102
RTVSPropertyOp7
 70
     1
102
RTVSPropertyOp8
 70
     1
102
RTVSPropertyOp9
 70
     1
102
RTVSPropertyOp10
 70
     1
102
RTVSPropertyOp11
 70
     1
102
RTVSPropertyOp12
 70
     1
102
RTVSPropertyOp13
 70
     1
102
RTVSPropertyOp14
 70
     1
102
RTVSPropertyOp15
 70
     1
102
RTVSPropertyOp16
 70
     1
102
RTVSPropertyOp17
 70
     1
102
RTVSPropertyOp18
 70
     1
102
RTVSPropertyOp19
 70
     1
102
RTVSPropertyOp20
 70
     1
102
RTVSPropertyOp21
 70
     1
102
RTVSPropertyOp22
 70
     1
102
RTVSPropertyOp23
 70
     1
102
RTVSPropertyOp24
 70
     1
102
RTVSPropertyOp25
 70
     1
102
RTVSPropertyOp26
 70
     1
102
RTVSPropertyOp27
 70
     1
102
RTVSPropertyOp28
 70
     1
102
RTVSPropertyOp29
 70
     1
102
RTVSPropertyOp30
 70
     1
102
RTVSPropertyOp31
 70
     1
102
RTVSPropertyOp32
 70
     1
102
RTVSPropertyOp33
 70
     1
102
RTVSPropertyOp34
 70
     1
102
RTVSPropertyOp35
 70
     1
102
RTVSPropertyOp36
 70
     1
102
RTVSPropertyOp37
 70
     1
102
RTVSPropertyOp38
 70
     1
102
RTVSPropertyOp39
 70
     1
102
RTVSPropertyOp40
 70
     1
102
RTVSPropertyOp41
 70
     1
102
RTVSPropertyOp42
 70
     1
102
RTVSPropertyOp43
 70
     1
102
RTVSPropertyOp44
 70
     1
102
RTVSPropertyOp45
 70
     1
102
RTVSPropertyOp46
 70
     1
102
RTVSPropertyOp47
 70
     1
102
RTVSPropertyOp48
 70
     1
102
RTVSPropertyOp49
 70
     1
102
RTVSPropertyOp50
 70
     1
102
RTVSPropertyOp51
 70
     0
102
RTVSPropertyOp52
 70
     0
102
RTVSPropertyOp53
 70
     1
102
RTVSPropertyOp54
 70
     1
102
RTVSPropertyOp55
 70
     1
102
RTVSPropertyOp56
 70
     1
102
RTVSPropertyOp57
 70
     1
102
RTVSPost2010Prop28
280
     0
102
RTVSPost2010PropOp28
 70
     1
102
RTVSPost2010Prop29
280
     1
102
RTVSPost2010PropOp29
 70
     1
102
RTVSPost2010Prop30
280
     1
102
RTVSPost2010PropOp30
 70
     1
102
RTVSPost2010Prop31
280
     0
102
RTVSPost2010PropOp31
 70
     1
102
RTVSPost2010Prop32
280
     0
102
RTVSPost2010PropOp32
 70
     1
102
RTVSPost2010Prop33
280
     0
102
RTVSPost2010PropOp33
 70
     1
102
RTVSPost2010Prop34
280
     0
102
RTVSPost2010PropOp34
 70
     1
102
RTVSPost2010Prop35
280
     0
102
RTVSPost2010PropOp35
 70
     1
102
RTVSPost2010Prop36
280
     0
102
RTVSPost2010PropOp36
 70
     1
102
RTVSPost2010Prop37
 90
       50
102
RTVSPost2010PropOp37
 70
     1
102
RTVSPost2010Prop38
140
0.0
102
RTVSPost2010PropOp38
 70
     1
102
RTVSPost2010Prop39
140
1.0
102
RTVSPost2010PropOp39
 70
     1
102
RTVSPost2010Prop40
 90
        0
102
RTVSPost2010PropOp40
 70
     1
102
RTVSPost2010Prop41ColorIndex
 90
       18
102
RTVSPost2010Prop41ColorRGB
 90
        0
102
RTVSPost2010PropOp41
 70
     1
102
RTVSPost2010Prop42
 90
       50
102
RTVSPost2010PropOp42
 70
     1
102
RTVSPost2010Prop43
 90
        3
102
RTVSPost2010PropOp43
 70
     1
102
RTVSPost2010Prop44ColorIndex
 90
        5
102
RTVSPost2010Prop44ColorRGB
 90
      255
102
RTVSPost2010PropOp44
 70
     1
102
RTVSPost2010Prop45
280
     0
102
RTVSPost2010PropOp45
 70
     1
102
RTVSPost2010Prop46
 90
       50
102
RTVSPost2010PropOp46
 70
     1
102
RTVSPost2010Prop47
 90
       50
102
RTVSPost2010PropOp47
 70
     1
102
RTVSPost2010Prop48
 90
       50
102
RTVSPost2010PropOp48
 70
     1
102
RTVSPost2010Prop49
280
     0
102
RTVSPost2010PropOp49
 70
     1
102
RTVSPost2010Prop50
 90
       50
102
RTVSPost2010PropOp50
 70
     1
102
RTVSPost2010Prop51ColorIndex
 90
      256
102
RTVSPost2010Prop51ColorRGB
 90
-16777216
102
RTVSPost2010PropOp51
 70
     0
102
RTVSPost2010Prop52
140
1.0
102
RTVSPost2010PropOp52
 70
     0
102
RTVSPost2010Prop53
 90
        2
102
RTVSPost2010PropOp53
 70
     1
102
RTVSPost2010Prop54
  1
strokes_ogs.tif
102
RTVSPost2010PropOp54
 70
     1
102
RTVSPost2010Prop55
280
     0
102
RTVSPost2010PropOp55
 70
     1
102
RTVSPost2010Prop56
140
1.0
102
RTVSPost2010PropOp56
 70
     1
102
RTVSPost2010Prop57
140
1.0
102
RTVSPost2010PropOp57
 70
     1
  0
XRECORD
  5
6C3
102
{ACAD_REACTORS
330
6C2
102
}
330
6C2
100
AcDbXrecord
280
     1
102
RTVSPropertyOp0
 70
     1
102
RTVSPropertyOp1
 70
     1
102
RTVSPropertyOp2
 70
     1
102
RTVSPropertyOp3
 70
     1
102
RTVSPropertyOp4
 70
     1
102
RTVSPropertyOp5
 70
     1
102
RTVSPropertyOp6
 70
     1
102
RTVSPropertyOp7
 70
     1
102
RTVSPropertyOp8
 70
     1
102
RTVSPropertyOp9
 70
     1
102
RTVSPropertyOp10
 70
     1
102
RTVSPropertyOp11
 70
     1
102
RTVSPropertyOp12
 70
     1
102
RTVSPropertyOp13
 70
     1
102
RTVSPropertyOp14
 70
     1
102
RTVSPropertyOp15
 70
     1
102
RTVSPropertyOp16
 70
     1
102
RTVSPropertyOp17
 70
     1
102
RTVSPropertyOp18
 70
     1
102
RTVSPropertyOp19
 70
     1
102
RTVSPropertyOp20
 70
     1
102
RTVSPropertyOp21
 70
     1
102
RTVSPropertyOp22
 70
     1
102
RTVSPropertyOp23
 70
     1
102
RTVSPropertyOp24
 70
     1
102
RTVSPropertyOp25
 70
     1
102
RTVSPropertyOp26
 70
     1
102
RTVSPropertyOp27
 70
     1
102
RTVSPropertyOp28
 70
     1
102
RTVSPropertyOp29
 70
     1
102
RTVSPropertyOp30
 70
     1
102
RTVSPropertyOp31
 70
     1
102
RTVSPropertyOp32
 70
     1
102
RTVSPropertyOp33
 70
     1
102
RTVSPropertyOp34
 70
     1
102
RTVSPropertyOp35
 70
     1
102
RTVSPropertyOp36
 70
     1
102
RTVSPropertyOp37
 70
     1
102
RTVSPropertyOp38
 70
     1
102
RTVSPropertyOp39
 70
     1
102
RTVSPropertyOp40
 70
     1
102
RTVSPropertyOp41
 70
     1
102
RTVSPropertyOp42
 70
     1
102
RTVSPropertyOp43
 70
     1
102
RTVSPropertyOp44
 70
     1
102
RTVSPropertyOp45
 70
     1
102
RTVSPropertyOp46
 70
     1
102
RTVSPropertyOp47
 70
     1
102
RTVSPropertyOp48
 70
     1
102
RTVSPropertyOp49
 70
     1
102
RTVSPropertyOp50
 70
     1
102
RTVSPropertyOp51
 70
     0
102
RTVSPropertyOp52
 70
     0
102
RTVSPropertyOp53
 70
     1
102
RTVSPropertyOp54
 70
     1
102
RTVSPropertyOp55
 70
     1
102
RTVSPropertyOp56
 70
     1
102
RTVSPropertyOp57
 70
     1
102
RTVSPost2010Prop28
280
     0
102
RTVSPost2010PropOp28
 70
     1
102
RTVSPost2010Prop29
280
     1
102
RTVSPost2010PropOp29
 70
     1
102
RTVSPost2010Prop30
280
     1
102
RTVSPost2010PropOp30
 70
     1
102
RTVSPost2010Prop31
280
     0
102
RTVSPost2010PropOp31
 70
     1
102
RTVSPost2010Prop32
280
     0
102
RTVSPost2010PropOp32
 70
     1
102
RTVSPost2010Prop33
280
     0
102
RTVSPost2010PropOp33
 70
     1
102
RTVSPost2010Prop34
280
     0
102
RTVSPost2010PropOp34
 70
     1
102
RTVSPost2010Prop35
280
     0
102
RTVSPost2010PropOp35
 70
     1
102
RTVSPost2010Prop36
280
     0
102
RTVSPost2010PropOp36
 70
     1
102
RTVSPost2010Prop37
 90
       50
102
RTVSPost2010PropOp37
 70
     1
102
RTVSPost2010Prop38
140
0.0
102
RTVSPost2010PropOp38
 70
     1
102
RTVSPost2010Prop39
140
1.0
102
RTVSPost2010PropOp39
 70
     1
102
RTVSPost2010Prop40
 90
        0
102
RTVSPost2010PropOp40
 70
     1
102
RTVSPost2010Prop41ColorIndex
 90
       18
102
RTVSPost2010Prop41ColorRGB
 90
        0
102
RTVSPost2010PropOp41
 70
     1
102
RTVSPost2010Prop42
 90
       50
102
RTVSPost2010PropOp42
 70
     1
102
RTVSPost2010Prop43
 90
        3
102
RTVSPost2010PropOp43
 70
     1
102
RTVSPost2010Prop44ColorIndex
 90
        5
102
RTVSPost2010Prop44ColorRGB
 90
      255
102
RTVSPost2010PropOp44
 70
     1
102
RTVSPost2010Prop45
280
     0
102
RTVSPost2010PropOp45
 70
     1
102
RTVSPost2010Prop46
 90
       50
102
RTVSPost2010PropOp46
 70
     1
102
RTVSPost2010Prop47
 90
       50
102
RTVSPost2010PropOp47
 70
     1
102
RTVSPost2010Prop48
 90
       50
102
RTVSPost2010PropOp48
 70
     1
102
RTVSPost2010Prop49
280
     0
102
RTVSPost2010PropOp49
 70
     1
102
RTVSPost2010Prop50
 90
       50
102
RTVSPost2010PropOp50
 70
     1
102
RTVSPost2010Prop51ColorIndex
 90
      256
102
RTVSPost2010Prop51ColorRGB
 90
-16777216
102
RTVSPost2010PropOp51
 70
     0
102
RTVSPost2010Prop52
140
1.0
102
RTVSPost2010PropOp52
 70
     0
102
RTVSPost2010Prop53
 90
        2
102
RTVSPost2010PropOp53
 70
     1
102
RTVSPost2010Prop54
  1
strokes_ogs.tif
102
RTVSPost2010PropOp54
 70
     1
102
RTVSPost2010Prop55
280
     0
102
RTVSPost2010PropOp55
 70
     1
102
RTVSPost2010Prop56
140
1.0
102
RTVSPost2010PropOp56
 70
     1
102
RTVSPost2010Prop57
140
1.0
102
RTVSPost2010PropOp57
 70
     1
  0
XRECORD
  5
6CB
102
{ACAD_REACTORS
330
6CA
102
}
330
6CA
100
AcDbXrecord
280
     1
102
RTVSPropertyOp0
 70
     1
102
RTVSPropertyOp1
 70
     1
102
RTVSPropertyOp2
 70
     1
102
RTVSPropertyOp3
 70
     1
102
RTVSPropertyOp4
 70
     1
102
RTVSPropertyOp5
 70
     1
102
RTVSPropertyOp6
 70
     1
102
RTVSPropertyOp7
 70
     1
102
RTVSPropertyOp8
 70
     1
102
RTVSPropertyOp9
 70
     1
102
RTVSPropertyOp10
 70
     1
102
RTVSPropertyOp11
 70
     1
102
RTVSPropertyOp12
 70
     1
102
RTVSPropertyOp13
 70
     1
102
RTVSPropertyOp14
 70
     1
102
RTVSPropertyOp15
 70
     1
102
RTVSPropertyOp16
 70
     1
102
RTVSPropertyOp17
 70
     1
102
RTVSPropertyOp18
 70
     1
102
RTVSPropertyOp19
 70
     1
102
RTVSPropertyOp20
 70
     1
102
RTVSPropertyOp21
 70
     1
102
RTVSPropertyOp22
 70
     1
102
RTVSPropertyOp23
 70
     1
102
RTVSPropertyOp24
 70
     1
102
RTVSPropertyOp25
 70
     1
102
RTVSPropertyOp26
 70
     1
102
RTVSPropertyOp27
 70
     1
102
RTVSPropertyOp28
 70
     1
102
RTVSPropertyOp29
 70
     1
102
RTVSPropertyOp30
 70
     1
102
RTVSPropertyOp31
 70
     1
102
RTVSPropertyOp32
 70
     1
102
RTVSPropertyOp33
 70
     1
102
RTVSPropertyOp34
 70
     1
102
RTVSPropertyOp35
 70
     1
102
RTVSPropertyOp36
 70
     1
102
RTVSPropertyOp37
 70
     1
102
RTVSPropertyOp38
 70
     1
102
RTVSPropertyOp39
 70
     1
102
RTVSPropertyOp40
 70
     1
102
RTVSPropertyOp41
 70
     1
102
RTVSPropertyOp42
 70
     1
102
RTVSPropertyOp43
 70
     1
102
RTVSPropertyOp44
 70
     1
102
RTVSPropertyOp45
 70
     1
102
RTVSPropertyOp46
 70
     1
102
RTVSPropertyOp47
 70
     1
102
RTVSPropertyOp48
 70
     1
102
RTVSPropertyOp49
 70
     1
102
RTVSPropertyOp50
 70
     1
102
RTVSPropertyOp51
 70
     0
102
RTVSPropertyOp52
 70
     0
102
RTVSPropertyOp53
 70
     1
102
RTVSPropertyOp54
 70
     1
102
RTVSPropertyOp55
 70
     1
102
RTVSPropertyOp56
 70
     1
102
RTVSPropertyOp57
 70
     1
102
RTVSPost2010Prop28
280
     0
102
RTVSPost2010PropOp28
 70
     1
102
RTVSPost2010Prop29
280
     1
102
RTVSPost2010PropOp29
 70
     1
102
RTVSPost2010Prop30
280
     1
102
RTVSPost2010PropOp30
 70
     1
102
RTVSPost2010Prop31
280
     0
102
RTVSPost2010PropOp31
 70
     1
102
RTVSPost2010Prop32
280
     0
102
RTVSPost2010PropOp32
 70
     1
102
RTVSPost2010Prop33
280
     0
102
RTVSPost2010PropOp33
 70
     1
102
RTVSPost2010Prop34
280
     0
102
RTVSPost2010PropOp34
 70
     1
102
RTVSPost2010Prop35
280
     0
102
RTVSPost2010PropOp35
 70
     1
102
RTVSPost2010Prop36
280
     0
102
RTVSPost2010PropOp36
 70
     1
102
RTVSPost2010Prop37
 90
       50
102
RTVSPost2010PropOp37
 70
     1
102
RTVSPost2010Prop38
140
0.0
102
RTVSPost2010PropOp38
 70
     1
102
RTVSPost2010Prop39
140
1.0
102
RTVSPost2010PropOp39
 70
     1
102
RTVSPost2010Prop40
 90
        0
102
RTVSPost2010PropOp40
 70
     1
102
RTVSPost2010Prop41ColorIndex
 90
       18
102
RTVSPost2010Prop41ColorRGB
 90
        0
102
RTVSPost2010PropOp41
 70
     1
102
RTVSPost2010Prop42
 90
       50
102
RTVSPost2010PropOp42
 70
     1
102
RTVSPost2010Prop43
 90
        3
102
RTVSPost2010PropOp43
 70
     1
102
RTVSPost2010Prop44ColorIndex
 90
        5
102
RTVSPost2010Prop44ColorRGB
 90
      255
102
RTVSPost2010PropOp44
 70
     1
102
RTVSPost2010Prop45
280
     0
102
RTVSPost2010PropOp45
 70
     1
102
RTVSPost2010Prop46
 90
       50
102
RTVSPost2010PropOp46
 70
     1
102
RTVSPost2010Prop47
 90
       50
102
RTVSPost2010PropOp47
 70
     1
102
RTVSPost2010Prop48
 90
       50
102
RTVSPost2010PropOp48
 70
     1
102
RTVSPost2010Prop49
280
     0
102
RTVSPost2010PropOp49
 70
     1
102
RTVSPost2010Prop50
 90
       50
102
RTVSPost2010PropOp50
 70
     1
102
RTVSPost2010Prop51ColorIndex
 90
      256
102
RTVSPost2010Prop51ColorRGB
 90
-16777216
102
RTVSPost2010PropOp51
 70
     0
102
RTVSPost2010Prop52
140
1.0
102
RTVSPost2010PropOp52
 70
     0
102
RTVSPost2010Prop53
 90
        2
102
RTVSPost2010PropOp53
 70
     1
102
RTVSPost2010Prop54
  1
strokes_ogs.tif
102
RTVSPost2010PropOp54
 70
     1
102
RTVSPost2010Prop55
280
     0
102
RTVSPost2010PropOp55
 70
     1
102
RTVSPost2010Prop56
140
1.0
102
RTVSPost2010PropOp56
 70
     1
102
RTVSPost2010Prop57
140
1.0
102
RTVSPost2010PropOp57
 70
     1
  0
XRECORD
  5
6BF
102
{ACAD_REACTORS
330
6BE
102
}
330
6BE
100
AcDbXrecord
280
     1
102
RTVSPropertyOp0
 70
     1
102
RTVSPropertyOp1
 70
     1
102
RTVSPropertyOp2
 70
     1
102
RTVSPropertyOp3
 70
     1
102
RTVSPropertyOp4
 70
     1
102
RTVSPropertyOp5
 70
     1
102
RTVSPropertyOp6
 70
     1
102
RTVSPropertyOp7
 70
     1
102
RTVSPropertyOp8
 70
     1
102
RTVSPropertyOp9
 70
     1
102
RTVSPropertyOp10
 70
     1
102
RTVSPropertyOp11
 70
     1
102
RTVSPropertyOp12
 70
     1
102
RTVSPropertyOp13
 70
     1
102
RTVSPropertyOp14
 70
     1
102
RTVSPropertyOp15
 70
     1
102
RTVSPropertyOp16
 70
     1
102
RTVSPropertyOp17
 70
     1
102
RTVSPropertyOp18
 70
     1
102
RTVSPropertyOp19
 70
     1
102
RTVSPropertyOp20
 70
     1
102
RTVSPropertyOp21
 70
     1
102
RTVSPropertyOp22
 70
     1
102
RTVSPropertyOp23
 70
     1
102
RTVSPropertyOp24
 70
     1
102
RTVSPropertyOp25
 70
     1
102
RTVSPropertyOp26
 70
     1
102
RTVSPropertyOp27
 70
     1
102
RTVSPropertyOp28
 70
     1
102
RTVSPropertyOp29
 70
     1
102
RTVSPropertyOp30
 70
     1
102
RTVSPropertyOp31
 70
     1
102
RTVSPropertyOp32
 70
     1
102
RTVSPropertyOp33
 70
     1
102
RTVSPropertyOp34
 70
     1
102
RTVSPropertyOp35
 70
     1
102
RTVSPropertyOp36
 70
     1
102
RTVSPropertyOp37
 70
     1
102
RTVSPropertyOp38
 70
     1
102
RTVSPropertyOp39
 70
     1
102
RTVSPropertyOp40
 70
     1
102
RTVSPropertyOp41
 70
     1
102
RTVSPropertyOp42
 70
     1
102
RTVSPropertyOp43
 70
     1
102
RTVSPropertyOp44
 70
     1
102
RTVSPropertyOp45
 70
     1
102
RTVSPropertyOp46
 70
     1
102
RTVSPropertyOp47
 70
     1
102
RTVSPropertyOp48
 70
     1
102
RTVSPropertyOp49
 70
     1
102
RTVSPropertyOp50
 70
     1
102
RTVSPropertyOp51
 70
     0
102
RTVSPropertyOp52
 70
     0
102
RTVSPropertyOp53
 70
     1
102
RTVSPropertyOp54
 70
     1
102
RTVSPropertyOp55
 70
     1
102
RTVSPropertyOp56
 70
     1
102
RTVSPropertyOp57
 70
     1
102
RTVSPost2010Prop28
280
     0
102
RTVSPost2010PropOp28
 70
     1
102
RTVSPost2010Prop29
280
     1
102
RTVSPost2010PropOp29
 70
     1
102
RTVSPost2010Prop30
280
     1
102
RTVSPost2010PropOp30
 70
     1
102
RTVSPost2010Prop31
280
     0
102
RTVSPost2010PropOp31
 70
     1
102
RTVSPost2010Prop32
280
     0
102
RTVSPost2010PropOp32
 70
     1
102
RTVSPost2010Prop33
280
     0
102
RTVSPost2010PropOp33
 70
     1
102
RTVSPost2010Prop34
280
     0
102
RTVSPost2010PropOp34
 70
     1
102
RTVSPost2010Prop35
280
     0
102
RTVSPost2010PropOp35
 70
     1
102
RTVSPost2010Prop36
280
     0
102
RTVSPost2010PropOp36
 70
     1
102
RTVSPost2010Prop37
 90
       50
102
RTVSPost2010PropOp37
 70
     1
102
RTVSPost2010Prop38
140
0.0
102
RTVSPost2010PropOp38
 70
     1
102
RTVSPost2010Prop39
140
1.0
102
RTVSPost2010PropOp39
 70
     1
102
RTVSPost2010Prop40
 90
        0
102
RTVSPost2010PropOp40
 70
     1
102
RTVSPost2010Prop41ColorIndex
 90
       18
102
RTVSPost2010Prop41ColorRGB
 90
        0
102
RTVSPost2010PropOp41
 70
     1
102
RTVSPost2010Prop42
 90
       50
102
RTVSPost2010PropOp42
 70
     1
102
RTVSPost2010Prop43
 90
        3
102
RTVSPost2010PropOp43
 70
     1
102
RTVSPost2010Prop44ColorIndex
 90
        5
102
RTVSPost2010Prop44ColorRGB
 90
      255
102
RTVSPost2010PropOp44
 70
     1
102
RTVSPost2010Prop45
280
     0
102
RTVSPost2010PropOp45
 70
     1
102
RTVSPost2010Prop46
 90
       50
102
RTVSPost2010PropOp46
 70
     1
102
RTVSPost2010Prop47
 90
       50
102
RTVSPost2010PropOp47
 70
     1
102
RTVSPost2010Prop48
 90
       50
102
RTVSPost2010PropOp48
 70
     1
102
RTVSPost2010Prop49
280
     0
102
RTVSPost2010PropOp49
 70
     1
102
RTVSPost2010Prop50
 90
       50
102
RTVSPost2010PropOp50
 70
     1
102
RTVSPost2010Prop51ColorIndex
 90
      256
102
RTVSPost2010Prop51ColorRGB
 90
-16777216
102
RTVSPost2010PropOp51
 70
     0
102
RTVSPost2010Prop52
140
1.0
102
RTVSPost2010PropOp52
 70
     0
102
RTVSPost2010Prop53
 90
        2
102
RTVSPost2010PropOp53
 70
     1
102
RTVSPost2010Prop54
  1
strokes_ogs.tif
102
RTVSPost2010PropOp54
 70
     1
102
RTVSPost2010Prop55
280
     0
102
RTVSPost2010PropOp55
 70
     1
102
RTVSPost2010Prop56
140
1.0
102
RTVSPost2010PropOp56
 70
     1
102
RTVSPost2010Prop57
140
1.0
102
RTVSPost2010PropOp57
 70
     1
  0
XRECORD
  5
6C1
102
{ACAD_REACTORS
330
6C0
102
}
330
6C0
100
AcDbXrecord
280
     1
102
RTVSPropertyOp0
 70
     1
102
RTVSPropertyOp1
 70
     1
102
RTVSPropertyOp2
 70
     1
102
RTVSPropertyOp3
 70
     1
102
RTVSPropertyOp4
 70
     1
102
RTVSPropertyOp5
 70
     1
102
RTVSPropertyOp6
 70
     1
102
RTVSPropertyOp7
 70
     1
102
RTVSPropertyOp8
 70
     1
102
RTVSPropertyOp9
 70
     1
102
RTVSPropertyOp10
 70
     1
102
RTVSPropertyOp11
 70
     1
102
RTVSPropertyOp12
 70
     1
102
RTVSPropertyOp13
 70
     1
102
RTVSPropertyOp14
 70
     1
102
RTVSPropertyOp15
 70
     1
102
RTVSPropertyOp16
 70
     1
102
RTVSPropertyOp17
 70
     1
102
RTVSPropertyOp18
 70
     1
102
RTVSPropertyOp19
 70
     1
102
RTVSPropertyOp20
 70
     1
102
RTVSPropertyOp21
 70
     1
102
RTVSPropertyOp22
 70
     1
102
RTVSPropertyOp23
 70
     1
102
RTVSPropertyOp24
 70
     1
102
RTVSPropertyOp25
 70
     1
102
RTVSPropertyOp26
 70
     1
102
RTVSPropertyOp27
 70
     1
102
RTVSPropertyOp28
 70
     1
102
RTVSPropertyOp29
 70
     1
102
RTVSPropertyOp30
 70
     1
102
RTVSPropertyOp31
 70
     1
102
RTVSPropertyOp32
 70
     1
102
RTVSPropertyOp33
 70
     1
102
RTVSPropertyOp34
 70
     1
102
RTVSPropertyOp35
 70
     1
102
RTVSPropertyOp36
 70
     1
102
RTVSPropertyOp37
 70
     1
102
RTVSPropertyOp38
 70
     1
102
RTVSPropertyOp39
 70
     1
102
RTVSPropertyOp40
 70
     1
102
RTVSPropertyOp41
 70
     1
102
RTVSPropertyOp42
 70
     1
102
RTVSPropertyOp43
 70
     1
102
RTVSPropertyOp44
 70
     1
102
RTVSPropertyOp45
 70
     1
102
RTVSPropertyOp46
 70
     1
102
RTVSPropertyOp47
 70
     1
102
RTVSPropertyOp48
 70
     1
102
RTVSPropertyOp49
 70
     1
102
RTVSPropertyOp50
 70
     1
102
RTVSPropertyOp51
 70
     0
102
RTVSPropertyOp52
 70
     0
102
RTVSPropertyOp53
 70
     1
102
RTVSPropertyOp54
 70
     1
102
RTVSPropertyOp55
 70
     1
102
RTVSPropertyOp56
 70
     1
102
RTVSPropertyOp57
 70
     1
102
RTVSPost2010Prop28
280
     0
102
RTVSPost2010PropOp28
 70
     1
102
RTVSPost2010Prop29
280
     1
102
RTVSPost2010PropOp29
 70
     1
102
RTVSPost2010Prop30
280
     1
102
RTVSPost2010PropOp30
 70
     1
102
RTVSPost2010Prop31
280
     0
102
RTVSPost2010PropOp31
 70
     1
102
RTVSPost2010Prop32
280
     0
102
RTVSPost2010PropOp32
 70
     1
102
RTVSPost2010Prop33
280
     0
102
RTVSPost2010PropOp33
 70
     1
102
RTVSPost2010Prop34
280
     0
102
RTVSPost2010PropOp34
 70
     1
102
RTVSPost2010Prop35
280
     0
102
RTVSPost2010PropOp35
 70
     1
102
RTVSPost2010Prop36
280
     0
102
RTVSPost2010PropOp36
 70
     1
102
RTVSPost2010Prop37
 90
       50
102
RTVSPost2010PropOp37
 70
     1
102
RTVSPost2010Prop38
140
0.0
102
RTVSPost2010PropOp38
 70
     1
102
RTVSPost2010Prop39
140
1.0
102
RTVSPost2010PropOp39
 70
     1
102
RTVSPost2010Prop40
 90
        0
102
RTVSPost2010PropOp40
 70
     1
102
RTVSPost2010Prop41ColorIndex
 90
       18
102
RTVSPost2010Prop41ColorRGB
 90
        0
102
RTVSPost2010PropOp41
 70
     1
102
RTVSPost2010Prop42
 90
       50
102
RTVSPost2010PropOp42
 70
     1
102
RTVSPost2010Prop43
 90
        3
102
RTVSPost2010PropOp43
 70
     1
102
RTVSPost2010Prop44ColorIndex
 90
        5
102
RTVSPost2010Prop44ColorRGB
 90
      255
102
RTVSPost2010PropOp44
 70
     1
102
RTVSPost2010Prop45
280
     0
102
RTVSPost2010PropOp45
 70
     1
102
RTVSPost2010Prop46
 90
       50
102
RTVSPost2010PropOp46
 70
     1
102
RTVSPost2010Prop47
 90
       50
102
RTVSPost2010PropOp47
 70
     1
102
RTVSPost2010Prop48
 90
       50
102
RTVSPost2010PropOp48
 70
     1
102
RTVSPost2010Prop49
280
     0
102
RTVSPost2010PropOp49
 70
     1
102
RTVSPost2010Prop50
 90
       50
102
RTVSPost2010PropOp50
 70
     1
102
RTVSPost2010Prop51ColorIndex
 90
      256
102
RTVSPost2010Prop51ColorRGB
 90
-16777216
102
RTVSPost2010PropOp51
 70
     0
102
RTVSPost2010Prop52
140
1.0
102
RTVSPost2010PropOp52
 70
     0
102
RTVSPost2010Prop53
 90
        2
102
RTVSPost2010PropOp53
 70
     1
102
RTVSPost2010Prop54
  1
strokes_ogs.tif
102
RTVSPost2010PropOp54
 70
     1
102
RTVSPost2010Prop55
280
     0
102
RTVSPost2010PropOp55
 70
     1
102
RTVSPost2010Prop56
140
1.0
102
RTVSPost2010PropOp56
 70
     1
102
RTVSPost2010Prop57
140
1.0
102
RTVSPost2010PropOp57
 70
     1
  0
XRECORD
  5
6D1
102
{ACAD_REACTORS
330
6D0
102
}
330
6D0
100
AcDbXrecord
280
     1
102
RTVSPropertyOp0
 70
     0
102
RTVSPropertyOp1
 70
     0
102
RTVSPropertyOp2
 70
     0
102
RTVSPropertyOp3
 70
     0
102
RTVSPropertyOp4
 70
     0
102
RTVSPropertyOp5
 70
     0
102
RTVSPropertyOp6
 70
     0
102
RTVSPropertyOp7
 70
     0
102
RTVSPropertyOp8
 70
     0
102
RTVSPropertyOp9
 70
     0
102
RTVSPropertyOp10
 70
     0
102
RTVSPropertyOp11
 70
     0
102
RTVSPropertyOp12
 70
     0
102
RTVSPropertyOp13
 70
     0
102
RTVSPropertyOp14
 70
     2
102
RTVSPropertyOp15
 70
     0
102
RTVSPropertyOp16
 70
     0
102
RTVSPropertyOp17
 70
     0
102
RTVSPropertyOp18
 70
     0
102
RTVSPropertyOp19
 70
     0
102
RTVSPropertyOp20
 70
     0
102
RTVSPropertyOp21
 70
     0
102
RTVSPropertyOp22
 70
     0
102
RTVSPropertyOp23
 70
     0
102
RTVSPropertyOp24
 70
     0
102
RTVSPropertyOp25
 70
     0
102
RTVSPropertyOp26
 70
     0
102
RTVSPropertyOp27
 70
     0
102
RTVSPropertyOp28
 70
     0
102
RTVSPropertyOp29
 70
     0
102
RTVSPropertyOp30
 70
     0
102
RTVSPropertyOp31
 70
     0
102
RTVSPropertyOp32
 70
     0
102
RTVSPropertyOp33
 70
     0
102
RTVSPropertyOp34
 70
     0
102
RTVSPropertyOp35
 70
     0
102
RTVSPropertyOp36
 70
     0
102
RTVSPropertyOp37
 70
     0
102
RTVSPropertyOp38
 70
     0
102
RTVSPropertyOp39
 70
     0
102
RTVSPropertyOp40
 70
     0
102
RTVSPropertyOp41
 70
     0
102
RTVSPropertyOp42
 70
     0
102
RTVSPropertyOp43
 70
     0
102
RTVSPropertyOp44
 70
     0
102
RTVSPropertyOp45
 70
     0
102
RTVSPropertyOp46
 70
     0
102
RTVSPropertyOp47
 70
     0
102
RTVSPropertyOp48
 70
     0
102
RTVSPropertyOp49
 70
     0
102
RTVSPropertyOp50
 70
     0
102
RTVSPropertyOp51
 70
     0
102
RTVSPropertyOp52
 70
     0
102
RTVSPropertyOp53
 70
     0
102
RTVSPropertyOp54
 70
     0
102
RTVSPropertyOp55
 70
     0
102
RTVSPropertyOp56
 70
     0
102
RTVSPropertyOp57
 70
     0
102
RTVSPost2010Prop28
280
     0
102
RTVSPost2010PropOp28
 70
     0
102
RTVSPost2010Prop29
280
     1
102
RTVSPost2010PropOp29
 70
     0
102
RTVSPost2010Prop30
280
     1
102
RTVSPost2010PropOp30
 70
     0
102
RTVSPost2010Prop31
280
     0
102
RTVSPost2010PropOp31
 70
     0
102
RTVSPost2010Prop32
280
     0
102
RTVSPost2010PropOp32
 70
     0
102
RTVSPost2010Prop33
280
     0
102
RTVSPost2010PropOp33
 70
     0
102
RTVSPost2010Prop34
280
     0
102
RTVSPost2010PropOp34
 70
     0
102
RTVSPost2010Prop35
280
     0
102
RTVSPost2010PropOp35
 70
     0
102
RTVSPost2010Prop36
280
     0
102
RTVSPost2010PropOp36
 70
     0
102
RTVSPost2010Prop37
 90
       50
102
RTVSPost2010PropOp37
 70
     0
102
RTVSPost2010Prop38
140
0.0
102
RTVSPost2010PropOp38
 70
     0
102
RTVSPost2010Prop39
140
1.0
102
RTVSPost2010PropOp39
 70
     0
102
RTVSPost2010Prop40
 90
        0
102
RTVSPost2010PropOp40
 70
     0
102
RTVSPost2010Prop41ColorIndex
 90
       18
102
RTVSPost2010Prop41ColorRGB
 90
        0
102
RTVSPost2010PropOp41
 70
     0
102
RTVSPost2010Prop42
 90
       50
102
RTVSPost2010PropOp42
 70
     0
102
RTVSPost2010Prop43
 90
        3
102
RTVSPost2010PropOp43
 70
     0
102
RTVSPost2010Prop44ColorIndex
 90
        5
102
RTVSPost2010Prop44ColorRGB
 90
      255
102
RTVSPost2010PropOp44
 70
     0
102
RTVSPost2010Prop45
280
     0
102
RTVSPost2010PropOp45
 70
     0
102
RTVSPost2010Prop46
 90
       50
102
RTVSPost2010PropOp46
 70
     0
102
RTVSPost2010Prop47
 90
       50
102
RTVSPost2010PropOp47
 70
     0
102
RTVSPost2010Prop48
 90
       50
102
RTVSPost2010PropOp48
 70
     0
102
RTVSPost2010Prop49
280
     0
102
RTVSPost2010PropOp49
 70
     0
102
RTVSPost2010Prop50
 90
       50
102
RTVSPost2010PropOp50
 70
     0
102
RTVSPost2010Prop51ColorIndex
 90
      256
102
RTVSPost2010Prop51ColorRGB
 90
-16777216
102
RTVSPost2010PropOp51
 70
     0
102
RTVSPost2010Prop52
140
1.0
102
RTVSPost2010PropOp52
 70
     0
102
RTVSPost2010Prop53
 90
        2
102
RTVSPost2010PropOp53
 70
     0
102
RTVSPost2010Prop54
  1
strokes_ogs.tif
102
RTVSPost2010PropOp54
 70
     0
102
RTVSPost2010Prop55
280
     0
102
RTVSPost2010PropOp55
 70
     0
102
RTVSPost2010Prop56
140
1.0
102
RTVSPost2010PropOp56
 70
     0
102
RTVSPost2010Prop57
140
1.0
102
RTVSPost2010PropOp57
 70
     0
  0
XRECORD
  5
6C9
102
{ACAD_REACTORS
330
6C8
102
}
330
6C8
100
AcDbXrecord
280
     1
102
RTVSPropertyOp0
 70
     1
102
RTVSPropertyOp1
 70
     1
102
RTVSPropertyOp2
 70
     1
102
RTVSPropertyOp3
 70
     1
102
RTVSPropertyOp4
 70
     1
102
RTVSPropertyOp5
 70
     1
102
RTVSPropertyOp6
 70
     1
102
RTVSPropertyOp7
 70
     1
102
RTVSPropertyOp8
 70
     1
102
RTVSPropertyOp9
 70
     1
102
RTVSPropertyOp10
 70
     1
102
RTVSPropertyOp11
 70
     1
102
RTVSPropertyOp12
 70
     1
102
RTVSPropertyOp13
 70
     1
102
RTVSPropertyOp14
 70
     1
102
RTVSPropertyOp15
 70
     1
102
RTVSPropertyOp16
 70
     1
102
RTVSPropertyOp17
 70
     1
102
RTVSPropertyOp18
 70
     1
102
RTVSPropertyOp19
 70
     1
102
RTVSPropertyOp20
 70
     1
102
RTVSPropertyOp21
 70
     1
102
RTVSPropertyOp22
 70
     1
102
RTVSPropertyOp23
 70
     1
102
RTVSPropertyOp24
 70
     1
102
RTVSPropertyOp25
 70
     1
102
RTVSPropertyOp26
 70
     1
102
RTVSPropertyOp27
 70
     1
102
RTVSPropertyOp28
 70
     1
102
RTVSPropertyOp29
 70
     1
102
RTVSPropertyOp30
 70
     1
102
RTVSPropertyOp31
 70
     1
102
RTVSPropertyOp32
 70
     1
102
RTVSPropertyOp33
 70
     1
102
RTVSPropertyOp34
 70
     1
102
RTVSPropertyOp35
 70
     1
102
RTVSPropertyOp36
 70
     1
102
RTVSPropertyOp37
 70
     1
102
RTVSPropertyOp38
 70
     1
102
RTVSPropertyOp39
 70
     1
102
RTVSPropertyOp40
 70
     1
102
RTVSPropertyOp41
 70
     1
102
RTVSPropertyOp42
 70
     1
102
RTVSPropertyOp43
 70
     1
102
RTVSPropertyOp44
 70
     1
102
RTVSPropertyOp45
 70
     1
102
RTVSPropertyOp46
 70
     1
102
RTVSPropertyOp47
 70
     1
102
RTVSPropertyOp48
 70
     1
102
RTVSPropertyOp49
 70
     1
102
RTVSPropertyOp50
 70
     1
102
RTVSPropertyOp51
 70
     0
102
RTVSPropertyOp52
 70
     0
102
RTVSPropertyOp53
 70
     1
102
RTVSPropertyOp54
 70
     1
102
RTVSPropertyOp55
 70
     1
102
RTVSPropertyOp56
 70
     1
102
RTVSPropertyOp57
 70
     1
102
RTVSPost2010Prop28
280
     0
102
RTVSPost2010PropOp28
 70
     1
102
RTVSPost2010Prop29
280
     1
102
RTVSPost2010PropOp29
 70
     1
102
RTVSPost2010Prop30
280
     1
102
RTVSPost2010PropOp30
 70
     1
102
RTVSPost2010Prop31
280
     0
102
RTVSPost2010PropOp31
 70
     1
102
RTVSPost2010Prop32
280
     0
102
RTVSPost2010PropOp32
 70
     1
102
RTVSPost2010Prop33
280
     0
102
RTVSPost2010PropOp33
 70
     1
102
RTVSPost2010Prop34
280
     0
102
RTVSPost2010PropOp34
 70
     1
102
RTVSPost2010Prop35
280
     0
102
RTVSPost2010PropOp35
 70
     1
102
RTVSPost2010Prop36
280
     0
102
RTVSPost2010PropOp36
 70
     1
102
RTVSPost2010Prop37
 90
       50
102
RTVSPost2010PropOp37
 70
     1
102
RTVSPost2010Prop38
140
0.0
102
RTVSPost2010PropOp38
 70
     1
102
RTVSPost2010Prop39
140
1.0
102
RTVSPost2010PropOp39
 70
     1
102
RTVSPost2010Prop40
 90
        0
102
RTVSPost2010PropOp40
 70
     1
102
RTVSPost2010Prop41ColorIndex
 90
       18
102
RTVSPost2010Prop41ColorRGB
 90
        0
102
RTVSPost2010PropOp41
 70
     1
102
RTVSPost2010Prop42
 90
       50
102
RTVSPost2010PropOp42
 70
     1
102
RTVSPost2010Prop43
 90
        3
102
RTVSPost2010PropOp43
 70
     1
102
RTVSPost2010Prop44ColorIndex
 90
        5
102
RTVSPost2010Prop44ColorRGB
 90
      255
102
RTVSPost2010PropOp44
 70
     1
102
RTVSPost2010Prop45
280
     0
102
RTVSPost2010PropOp45
 70
     1
102
RTVSPost2010Prop46
 90
       50
102
RTVSPost2010PropOp46
 70
     1
102
RTVSPost2010Prop47
 90
       50
102
RTVSPost2010PropOp47
 70
     1
102
RTVSPost2010Prop48
 90
       50
102
RTVSPost2010PropOp48
 70
     1
102
RTVSPost2010Prop49
280
     0
102
RTVSPost2010PropOp49
 70
     1
102
RTVSPost2010Prop50
 90
       50
102
RTVSPost2010PropOp50
 70
     1
102
RTVSPost2010Prop51ColorIndex
 90
      256
102
RTVSPost2010Prop51ColorRGB
 90
-16777216
102
RTVSPost2010PropOp51
 70
     0
102
RTVSPost2010Prop52
140
1.0
102
RTVSPost2010PropOp52
 70
     0
102
RTVSPost2010Prop53
 90
        2
102
RTVSPost2010PropOp53
 70
     1
102
RTVSPost2010Prop54
  1
strokes_ogs.tif
102
RTVSPost2010PropOp54
 70
     1
102
RTVSPost2010Prop55
280
     0
102
RTVSPost2010PropOp55
 70
     1
102
RTVSPost2010Prop56
140
1.0
102
RTVSPost2010PropOp56
 70
     1
102
RTVSPost2010Prop57
140
1.0
102
RTVSPost2010PropOp57
 70
     1
  0
XRECORD
  5
6AD
102
{ACAD_REACTORS
330
6AC
102
}
330
6AC
100
AcDbXrecord
280
     1
102
RTVSPropertyOp0
 70
     1
102
RTVSPropertyOp1
 70
     1
102
RTVSPropertyOp2
 70
     1
102
RTVSPropertyOp3
 70
     1
102
RTVSPropertyOp4
 70
     1
102
RTVSPropertyOp5
 70
     1
102
RTVSPropertyOp6
 70
     1
102
RTVSPropertyOp7
 70
     1
102
RTVSPropertyOp8
 70
     1
102
RTVSPropertyOp9
 70
     1
102
RTVSPropertyOp10
 70
     1
102
RTVSPropertyOp11
 70
     1
102
RTVSPropertyOp12
 70
     1
102
RTVSPropertyOp13
 70
     1
102
RTVSPropertyOp14
 70
     1
102
RTVSPropertyOp15
 70
     1
102
RTVSPropertyOp16
 70
     1
102
RTVSPropertyOp17
 70
     1
102
RTVSPropertyOp18
 70
     1
102
RTVSPropertyOp19
 70
     1
102
RTVSPropertyOp20
 70
     1
102
RTVSPropertyOp21
 70
     1
102
RTVSPropertyOp22
 70
     1
102
RTVSPropertyOp23
 70
     1
102
RTVSPropertyOp24
 70
     1
102
RTVSPropertyOp25
 70
     1
102
RTVSPropertyOp26
 70
     1
102
RTVSPropertyOp27
 70
     1
102
RTVSPropertyOp28
 70
     1
102
RTVSPropertyOp29
 70
     1
102
RTVSPropertyOp30
 70
     1
102
RTVSPropertyOp31
 70
     1
102
RTVSPropertyOp32
 70
     1
102
RTVSPropertyOp33
 70
     1
102
RTVSPropertyOp34
 70
     1
102
RTVSPropertyOp35
 70
     1
102
RTVSPropertyOp36
 70
     1
102
RTVSPropertyOp37
 70
     1
102
RTVSPropertyOp38
 70
     1
102
RTVSPropertyOp39
 70
     1
102
RTVSPropertyOp40
 70
     1
102
RTVSPropertyOp41
 70
     1
102
RTVSPropertyOp42
 70
     1
102
RTVSPropertyOp43
 70
     1
102
RTVSPropertyOp44
 70
     1
102
RTVSPropertyOp45
 70
     1
102
RTVSPropertyOp46
 70
     1
102
RTVSPropertyOp47
 70
     1
102
RTVSPropertyOp48
 70
     1
102
RTVSPropertyOp49
 70
     1
102
RTVSPropertyOp50
 70
     1
102
RTVSPropertyOp51
 70
     0
102
RTVSPropertyOp52
 70
     0
102
RTVSPropertyOp53
 70
     1
102
RTVSPropertyOp54
 70
     1
102
RTVSPropertyOp55
 70
     1
102
RTVSPropertyOp56
 70
     1
102
RTVSPropertyOp57
 70
     1
102
RTVSPost2010Prop28
280
     0
102
RTVSPost2010PropOp28
 70
     1
102
RTVSPost2010Prop29
280
     1
102
RTVSPost2010PropOp29
 70
     1
102
RTVSPost2010Prop30
280
     1
102
RTVSPost2010PropOp30
 70
     1
102
RTVSPost2010Prop31
280
     0
102
RTVSPost2010PropOp31
 70
     1
102
RTVSPost2010Prop32
280
     0
102
RTVSPost2010PropOp32
 70
     1
102
RTVSPost2010Prop33
280
     0
102
RTVSPost2010PropOp33
 70
     1
102
RTVSPost2010Prop34
280
     0
102
RTVSPost2010PropOp34
 70
     1
102
RTVSPost2010Prop35
280
     0
102
RTVSPost2010PropOp35
 70
     1
102
RTVSPost2010Prop36
280
     0
102
RTVSPost2010PropOp36
 70
     1
102
RTVSPost2010Prop37
 90
       50
102
RTVSPost2010PropOp37
 70
     1
102
RTVSPost2010Prop38
140
0.0
102
RTVSPost2010PropOp38
 70
     1
102
RTVSPost2010Prop39
140
1.0
102
RTVSPost2010PropOp39
 70
     1
102
RTVSPost2010Prop40
 90
        0
102
RTVSPost2010PropOp40
 70
     1
102
RTVSPost2010Prop41ColorIndex
 90
       18
102
RTVSPost2010Prop41ColorRGB
 90
        0
102
RTVSPost2010PropOp41
 70
     1
102
RTVSPost2010Prop42
 90
       50
102
RTVSPost2010PropOp42
 70
     1
102
RTVSPost2010Prop43
 90
        3
102
RTVSPost2010PropOp43
 70
     1
102
RTVSPost2010Prop44ColorIndex
 90
        5
102
RTVSPost2010Prop44ColorRGB
 90
      255
102
RTVSPost2010PropOp44
 70
     1
102
RTVSPost2010Prop45
280
     0
102
RTVSPost2010PropOp45
 70
     1
102
RTVSPost2010Prop46
 90
       50
102
RTVSPost2010PropOp46
 70
     1
102
RTVSPost2010Prop47
 90
       50
102
RTVSPost2010PropOp47
 70
     1
102
RTVSPost2010Prop48
 90
       50
102
RTVSPost2010PropOp48
 70
     1
102
RTVSPost2010Prop49
280
     0
102
RTVSPost2010PropOp49
 70
     1
102
RTVSPost2010Prop50
 90
       50
102
RTVSPost2010PropOp50
 70
     1
102
RTVSPost2010Prop51ColorIndex
 90
      256
102
RTVSPost2010Prop51ColorRGB
 90
-16777216
102
RTVSPost2010PropOp51
 70
     0
102
RTVSPost2010Prop52
140
1.0
102
RTVSPost2010PropOp52
 70
     0
102
RTVSPost2010Prop53
 90
        2
102
RTVSPost2010PropOp53
 70
     1
102
RTVSPost2010Prop54
  1
strokes_ogs.tif
102
RTVSPost2010PropOp54
 70
     1
102
RTVSPost2010Prop55
280
     0
102
RTVSPost2010PropOp55
 70
     1
102
RTVSPost2010Prop56
140
1.0
102
RTVSPost2010PropOp56
 70
     1
102
RTVSPost2010Prop57
140
1.0
102
RTVSPost2010PropOp57
 70
     1
  0
XRECORD
  5
6AF
102
{ACAD_REACTORS
330
6AE
102
}
330
6AE
100
AcDbXrecord
280
     1
102
RTVSPropertyOp0
 70
     1
102
RTVSPropertyOp1
 70
     1
102
RTVSPropertyOp2
 70
     1
102
RTVSPropertyOp3
 70
     1
102
RTVSPropertyOp4
 70
     1
102
RTVSPropertyOp5
 70
     1
102
RTVSPropertyOp6
 70
     1
102
RTVSPropertyOp7
 70
     1
102
RTVSPropertyOp8
 70
     1
102
RTVSPropertyOp9
 70
     1
102
RTVSPropertyOp10
 70
     1
102
RTVSPropertyOp11
 70
     1
102
RTVSPropertyOp12
 70
     1
102
RTVSPropertyOp13
 70
     1
102
RTVSPropertyOp14
 70
     1
102
RTVSPropertyOp15
 70
     1
102
RTVSPropertyOp16
 70
     1
102
RTVSPropertyOp17
 70
     1
102
RTVSPropertyOp18
 70
     1
102
RTVSPropertyOp19
 70
     1
102
RTVSPropertyOp20
 70
     1
102
RTVSPropertyOp21
 70
     1
102
RTVSPropertyOp22
 70
     1
102
RTVSPropertyOp23
 70
     1
102
RTVSPropertyOp24
 70
     1
102
RTVSPropertyOp25
 70
     1
102
RTVSPropertyOp26
 70
     1
102
RTVSPropertyOp27
 70
     1
102
RTVSPropertyOp28
 70
     1
102
RTVSPropertyOp29
 70
     1
102
RTVSPropertyOp30
 70
     1
102
RTVSPropertyOp31
 70
     1
102
RTVSPropertyOp32
 70
     1
102
RTVSPropertyOp33
 70
     1
102
RTVSPropertyOp34
 70
     1
102
RTVSPropertyOp35
 70
     1
102
RTVSPropertyOp36
 70
     1
102
RTVSPropertyOp37
 70
     1
102
RTVSPropertyOp38
 70
     1
102
RTVSPropertyOp39
 70
     1
102
RTVSPropertyOp40
 70
     1
102
RTVSPropertyOp41
 70
     1
102
RTVSPropertyOp42
 70
     1
102
RTVSPropertyOp43
 70
     1
102
RTVSPropertyOp44
 70
     1
102
RTVSPropertyOp45
 70
     1
102
RTVSPropertyOp46
 70
     1
102
RTVSPropertyOp47
 70
     1
102
RTVSPropertyOp48
 70
     1
102
RTVSPropertyOp49
 70
     1
102
RTVSPropertyOp50
 70
     1
102
RTVSPropertyOp51
 70
     0
102
RTVSPropertyOp52
 70
     0
102
RTVSPropertyOp53
 70
     1
102
RTVSPropertyOp54
 70
     1
102
RTVSPropertyOp55
 70
     1
102
RTVSPropertyOp56
 70
     1
102
RTVSPropertyOp57
 70
     1
102
RTVSPost2010Prop28
280
     0
102
RTVSPost2010PropOp28
 70
     1
102
RTVSPost2010Prop29
280
     1
102
RTVSPost2010PropOp29
 70
     1
102
RTVSPost2010Prop30
280
     1
102
RTVSPost2010PropOp30
 70
     1
102
RTVSPost2010Prop31
280
     0
102
RTVSPost2010PropOp31
 70
     1
102
RTVSPost2010Prop32
280
     0
102
RTVSPost2010PropOp32
 70
     1
102
RTVSPost2010Prop33
280
     0
102
RTVSPost2010PropOp33
 70
     1
102
RTVSPost2010Prop34
280
     0
102
RTVSPost2010PropOp34
 70
     1
102
RTVSPost2010Prop35
280
     0
102
RTVSPost2010PropOp35
 70
     1
102
RTVSPost2010Prop36
280
     0
102
RTVSPost2010PropOp36
 70
     1
102
RTVSPost2010Prop37
 90
       50
102
RTVSPost2010PropOp37
 70
     1
102
RTVSPost2010Prop38
140
0.0
102
RTVSPost2010PropOp38
 70
     1
102
RTVSPost2010Prop39
140
1.0
102
RTVSPost2010PropOp39
 70
     1
102
RTVSPost2010Prop40
 90
        0
102
RTVSPost2010PropOp40
 70
     1
102
RTVSPost2010Prop41ColorIndex
 90
       18
102
RTVSPost2010Prop41ColorRGB
 90
        0
102
RTVSPost2010PropOp41
 70
     1
102
RTVSPost2010Prop42
 90
       50
102
RTVSPost2010PropOp42
 70
     1
102
RTVSPost2010Prop43
 90
        3
102
RTVSPost2010PropOp43
 70
     1
102
RTVSPost2010Prop44ColorIndex
 90
        5
102
RTVSPost2010Prop44ColorRGB
 90
      255
102
RTVSPost2010PropOp44
 70
     1
102
RTVSPost2010Prop45
280
     0
102
RTVSPost2010PropOp45
 70
     1
102
RTVSPost2010Prop46
 90
       50
102
RTVSPost2010PropOp46
 70
     1
102
RTVSPost2010Prop47
 90
       50
102
RTVSPost2010PropOp47
 70
     1
102
RTVSPost2010Prop48
 90
       50
102
RTVSPost2010PropOp48
 70
     1
102
RTVSPost2010Prop49
280
     0
102
RTVSPost2010PropOp49
 70
     1
102
RTVSPost2010Prop50
 90
       50
102
RTVSPost2010PropOp50
 70
     1
102
RTVSPost2010Prop51ColorIndex
 90
      256
102
RTVSPost2010Prop51ColorRGB
 90
-16777216
102
RTVSPost2010PropOp51
 70
     0
102
RTVSPost2010Prop52
140
1.0
102
RTVSPost2010PropOp52
 70
     0
102
RTVSPost2010Prop53
 90
        2
102
RTVSPost2010PropOp53
 70
     1
102
RTVSPost2010Prop54
  1
strokes_ogs.tif
102
RTVSPost2010PropOp54
 70
     1
102
RTVSPost2010Prop55
280
     0
102
RTVSPost2010PropOp55
 70
     1
102
RTVSPost2010Prop56
140
1.0
102
RTVSPost2010PropOp56
 70
     1
102
RTVSPost2010Prop57
140
1.0
102
RTVSPost2010PropOp57
 70
     1
  0
XRECORD
  5
6B1
102
{ACAD_REACTORS
330
6B0
102
}
330
6B0
100
AcDbXrecord
280
     1
102
RTVSPropertyOp0
 70
     1
102
RTVSPropertyOp1
 70
     1
102
RTVSPropertyOp2
 70
     1
102
RTVSPropertyOp3
 70
     1
102
RTVSPropertyOp4
 70
     1
102
RTVSPropertyOp5
 70
     1
102
RTVSPropertyOp6
 70
     1
102
RTVSPropertyOp7
 70
     1
102
RTVSPropertyOp8
 70
     1
102
RTVSPropertyOp9
 70
     1
102
RTVSPropertyOp10
 70
     1
102
RTVSPropertyOp11
 70
     1
102
RTVSPropertyOp12
 70
     1
102
RTVSPropertyOp13
 70
     1
102
RTVSPropertyOp14
 70
     1
102
RTVSPropertyOp15
 70
     1
102
RTVSPropertyOp16
 70
     1
102
RTVSPropertyOp17
 70
     1
102
RTVSPropertyOp18
 70
     1
102
RTVSPropertyOp19
 70
     1
102
RTVSPropertyOp20
 70
     1
102
RTVSPropertyOp21
 70
     1
102
RTVSPropertyOp22
 70
     1
102
RTVSPropertyOp23
 70
     1
102
RTVSPropertyOp24
 70
     1
102
RTVSPropertyOp25
 70
     1
102
RTVSPropertyOp26
 70
     1
102
RTVSPropertyOp27
 70
     1
102
RTVSPropertyOp28
 70
     1
102
RTVSPropertyOp29
 70
     1
102
RTVSPropertyOp30
 70
     1
102
RTVSPropertyOp31
 70
     1
102
RTVSPropertyOp32
 70
     1
102
RTVSPropertyOp33
 70
     1
102
RTVSPropertyOp34
 70
     1
102
RTVSPropertyOp35
 70
     1
102
RTVSPropertyOp36
 70
     1
102
RTVSPropertyOp37
 70
     1
102
RTVSPropertyOp38
 70
     1
102
RTVSPropertyOp39
 70
     1
102
RTVSPropertyOp40
 70
     1
102
RTVSPropertyOp41
 70
     1
102
RTVSPropertyOp42
 70
     1
102
RTVSPropertyOp43
 70
     1
102
RTVSPropertyOp44
 70
     1
102
RTVSPropertyOp45
 70
     1
102
RTVSPropertyOp46
 70
     1
102
RTVSPropertyOp47
 70
     1
102
RTVSPropertyOp48
 70
     1
102
RTVSPropertyOp49
 70
     1
102
RTVSPropertyOp50
 70
     1
102
RTVSPropertyOp51
 70
     0
102
RTVSPropertyOp52
 70
     0
102
RTVSPropertyOp53
 70
     1
102
RTVSPropertyOp54
 70
     1
102
RTVSPropertyOp55
 70
     1
102
RTVSPropertyOp56
 70
     1
102
RTVSPropertyOp57
 70
     1
102
RTVSPost2010Prop28
280
     0
102
RTVSPost2010PropOp28
 70
     1
102
RTVSPost2010Prop29
280
     1
102
RTVSPost2010PropOp29
 70
     1
102
RTVSPost2010Prop30
280
     1
102
RTVSPost2010PropOp30
 70
     1
102
RTVSPost2010Prop31
280
     0
102
RTVSPost2010PropOp31
 70
     1
102
RTVSPost2010Prop32
280
     0
102
RTVSPost2010PropOp32
 70
     1
102
RTVSPost2010Prop33
280
     0
102
RTVSPost2010PropOp33
 70
     1
102
RTVSPost2010Prop34
280
     0
102
RTVSPost2010PropOp34
 70
     1
102
RTVSPost2010Prop35
280
     0
102
RTVSPost2010PropOp35
 70
     1
102
RTVSPost2010Prop36
280
     0
102
RTVSPost2010PropOp36
 70
     1
102
RTVSPost2010Prop37
 90
       50
102
RTVSPost2010PropOp37
 70
     1
102
RTVSPost2010Prop38
140
0.0
102
RTVSPost2010PropOp38
 70
     1
102
RTVSPost2010Prop39
140
1.0
102
RTVSPost2010PropOp39
 70
     1
102
RTVSPost2010Prop40
 90
        0
102
RTVSPost2010PropOp40
 70
     1
102
RTVSPost2010Prop41ColorIndex
 90
       18
102
RTVSPost2010Prop41ColorRGB
 90
        0
102
RTVSPost2010PropOp41
 70
     1
102
RTVSPost2010Prop42
 90
       50
102
RTVSPost2010PropOp42
 70
     1
102
RTVSPost2010Prop43
 90
        3
102
RTVSPost2010PropOp43
 70
     1
102
RTVSPost2010Prop44ColorIndex
 90
        5
102
RTVSPost2010Prop44ColorRGB
 90
      255
102
RTVSPost2010PropOp44
 70
     1
102
RTVSPost2010Prop45
280
     0
102
RTVSPost2010PropOp45
 70
     1
102
RTVSPost2010Prop46
 90
       50
102
RTVSPost2010PropOp46
 70
     1
102
RTVSPost2010Prop47
 90
       50
102
RTVSPost2010PropOp47
 70
     1
102
RTVSPost2010Prop48
 90
       50
102
RTVSPost2010PropOp48
 70
     1
102
RTVSPost2010Prop49
280
     0
102
RTVSPost2010PropOp49
 70
     1
102
RTVSPost2010Prop50
 90
       50
102
RTVSPost2010PropOp50
 70
     1
102
RTVSPost2010Prop51ColorIndex
 90
      256
102
RTVSPost2010Prop51ColorRGB
 90
-16777216
102
RTVSPost2010PropOp51
 70
     0
102
RTVSPost2010Prop52
140
1.0
102
RTVSPost2010PropOp52
 70
     0
102
RTVSPost2010Prop53
 90
        2
102
RTVSPost2010PropOp53
 70
     1
102
RTVSPost2010Prop54
  1
strokes_ogs.tif
102
RTVSPost2010PropOp54
 70
     1
102
RTVSPost2010Prop55
280
     0
102
RTVSPost2010PropOp55
 70
     1
102
RTVSPost2010Prop56
140
1.0
102
RTVSPost2010PropOp56
 70
     1
102
RTVSPost2010Prop57
140
1.0
102
RTVSPost2010PropOp57
 70
     1
  0
XRECORD
  5
6B3
102
{ACAD_REACTORS
330
6B2
102
}
330
6B2
100
AcDbXrecord
280
     1
102
RTVSPropertyOp0
 70
     1
102
RTVSPropertyOp1
 70
     1
102
RTVSPropertyOp2
 70
     1
102
RTVSPropertyOp3
 70
     1
102
RTVSPropertyOp4
 70
     1
102
RTVSPropertyOp5
 70
     1
102
RTVSPropertyOp6
 70
     1
102
RTVSPropertyOp7
 70
     1
102
RTVSPropertyOp8
 70
     1
102
RTVSPropertyOp9
 70
     1
102
RTVSPropertyOp10
 70
     1
102
RTVSPropertyOp11
 70
     1
102
RTVSPropertyOp12
 70
     1
102
RTVSPropertyOp13
 70
     1
102
RTVSPropertyOp14
 70
     1
102
RTVSPropertyOp15
 70
     1
102
RTVSPropertyOp16
 70
     1
102
RTVSPropertyOp17
 70
     1
102
RTVSPropertyOp18
 70
     1
102
RTVSPropertyOp19
 70
     1
102
RTVSPropertyOp20
 70
     1
102
RTVSPropertyOp21
 70
     1
102
RTVSPropertyOp22
 70
     1
102
RTVSPropertyOp23
 70
     1
102
RTVSPropertyOp24
 70
     1
102
RTVSPropertyOp25
 70
     1
102
RTVSPropertyOp26
 70
     1
102
RTVSPropertyOp27
 70
     1
102
RTVSPropertyOp28
 70
     1
102
RTVSPropertyOp29
 70
     1
102
RTVSPropertyOp30
 70
     1
102
RTVSPropertyOp31
 70
     1
102
RTVSPropertyOp32
 70
     1
102
RTVSPropertyOp33
 70
     1
102
RTVSPropertyOp34
 70
     1
102
RTVSPropertyOp35
 70
     1
102
RTVSPropertyOp36
 70
     1
102
RTVSPropertyOp37
 70
     1
102
RTVSPropertyOp38
 70
     1
102
RTVSPropertyOp39
 70
     1
102
RTVSPropertyOp40
 70
     1
102
RTVSPropertyOp41
 70
     1
102
RTVSPropertyOp42
 70
     1
102
RTVSPropertyOp43
 70
     1
102
RTVSPropertyOp44
 70
     1
102
RTVSPropertyOp45
 70
     1
102
RTVSPropertyOp46
 70
     1
102
RTVSPropertyOp47
 70
     1
102
RTVSPropertyOp48
 70
     1
102
RTVSPropertyOp49
 70
     1
102
RTVSPropertyOp50
 70
     1
102
RTVSPropertyOp51
 70
     0
102
RTVSPropertyOp52
 70
     0
102
RTVSPropertyOp53
 70
     1
102
RTVSPropertyOp54
 70
     1
102
RTVSPropertyOp55
 70
     1
102
RTVSPropertyOp56
 70
     1
102
RTVSPropertyOp57
 70
     1
102
RTVSPost2010Prop28
280
     0
102
RTVSPost2010PropOp28
 70
     1
102
RTVSPost2010Prop29
280
     1
102
RTVSPost2010PropOp29
 70
     1
102
RTVSPost2010Prop30
280
     1
102
RTVSPost2010PropOp30
 70
     1
102
RTVSPost2010Prop31
280
     0
102
RTVSPost2010PropOp31
 70
     1
102
RTVSPost2010Prop32
280
     0
102
RTVSPost2010PropOp32
 70
     1
102
RTVSPost2010Prop33
280
     0
102
RTVSPost2010PropOp33
 70
     1
102
RTVSPost2010Prop34
280
     0
102
RTVSPost2010PropOp34
 70
     1
102
RTVSPost2010Prop35
280
     0
102
RTVSPost2010PropOp35
 70
     1
102
RTVSPost2010Prop36
280
     0
102
RTVSPost2010PropOp36
 70
     1
102
RTVSPost2010Prop37
 90
       50
102
RTVSPost2010PropOp37
 70
     1
102
RTVSPost2010Prop38
140
0.0
102
RTVSPost2010PropOp38
 70
     1
102
RTVSPost2010Prop39
140
1.0
102
RTVSPost2010PropOp39
 70
     1
102
RTVSPost2010Prop40
 90
        0
102
RTVSPost2010PropOp40
 70
     1
102
RTVSPost2010Prop41ColorIndex
 90
       18
102
RTVSPost2010Prop41ColorRGB
 90
        0
102
RTVSPost2010PropOp41
 70
     1
102
RTVSPost2010Prop42
 90
       50
102
RTVSPost2010PropOp42
 70
     1
102
RTVSPost2010Prop43
 90
        3
102
RTVSPost2010PropOp43
 70
     1
102
RTVSPost2010Prop44ColorIndex
 90
        5
102
RTVSPost2010Prop44ColorRGB
 90
      255
102
RTVSPost2010PropOp44
 70
     1
102
RTVSPost2010Prop45
280
     0
102
RTVSPost2010PropOp45
 70
     1
102
RTVSPost2010Prop46
 90
       50
102
RTVSPost2010PropOp46
 70
     1
102
RTVSPost2010Prop47
 90
       50
102
RTVSPost2010PropOp47
 70
     1
102
RTVSPost2010Prop48
 90
       50
102
RTVSPost2010PropOp48
 70
     1
102
RTVSPost2010Prop49
280
     0
102
RTVSPost2010PropOp49
 70
     1
102
RTVSPost2010Prop50
 90
       50
102
RTVSPost2010PropOp50
 70
     1
102
RTVSPost2010Prop51ColorIndex
 90
      256
102
RTVSPost2010Prop51ColorRGB
 90
-16777216
102
RTVSPost2010PropOp51
 70
     0
102
RTVSPost2010Prop52
140
1.0
102
RTVSPost2010PropOp52
 70
     0
102
RTVSPost2010Prop53
 90
        2
102
RTVSPost2010PropOp53
 70
     1
102
RTVSPost2010Prop54
  1
strokes_ogs.tif
102
RTVSPost2010PropOp54
 70
     1
102
RTVSPost2010Prop55
280
     0
102
RTVSPost2010PropOp55
 70
     1
102
RTVSPost2010Prop56
140
1.0
102
RTVSPost2010PropOp56
 70
     1
102
RTVSPost2010Prop57
140
1.0
102
RTVSPost2010PropOp57
 70
     1
  0
XRECORD
  5
6B9
102
{ACAD_REACTORS
330
6B8
102
}
330
6B8
100
AcDbXrecord
280
     1
102
RTVSPropertyOp0
 70
     1
102
RTVSPropertyOp1
 70
     1
102
RTVSPropertyOp2
 70
     1
102
RTVSPropertyOp3
 70
     1
102
RTVSPropertyOp4
 70
     1
102
RTVSPropertyOp5
 70
     1
102
RTVSPropertyOp6
 70
     1
102
RTVSPropertyOp7
 70
     1
102
RTVSPropertyOp8
 70
     1
102
RTVSPropertyOp9
 70
     1
102
RTVSPropertyOp10
 70
     1
102
RTVSPropertyOp11
 70
     1
102
RTVSPropertyOp12
 70
     1
102
RTVSPropertyOp13
 70
     1
102
RTVSPropertyOp14
 70
     1
102
RTVSPropertyOp15
 70
     1
102
RTVSPropertyOp16
 70
     1
102
RTVSPropertyOp17
 70
     1
102
RTVSPropertyOp18
 70
     1
102
RTVSPropertyOp19
 70
     1
102
RTVSPropertyOp20
 70
     1
102
RTVSPropertyOp21
 70
     1
102
RTVSPropertyOp22
 70
     1
102
RTVSPropertyOp23
 70
     1
102
RTVSPropertyOp24
 70
     1
102
RTVSPropertyOp25
 70
     1
102
RTVSPropertyOp26
 70
     1
102
RTVSPropertyOp27
 70
     1
102
RTVSPropertyOp28
 70
     1
102
RTVSPropertyOp29
 70
     1
102
RTVSPropertyOp30
 70
     1
102
RTVSPropertyOp31
 70
     1
102
RTVSPropertyOp32
 70
     1
102
RTVSPropertyOp33
 70
     1
102
RTVSPropertyOp34
 70
     1
102
RTVSPropertyOp35
 70
     1
102
RTVSPropertyOp36
 70
     1
102
RTVSPropertyOp37
 70
     1
102
RTVSPropertyOp38
 70
     1
102
RTVSPropertyOp39
 70
     1
102
RTVSPropertyOp40
 70
     1
102
RTVSPropertyOp41
 70
     1
102
RTVSPropertyOp42
 70
     1
102
RTVSPropertyOp43
 70
     1
102
RTVSPropertyOp44
 70
     1
102
RTVSPropertyOp45
 70
     1
102
RTVSPropertyOp46
 70
     1
102
RTVSPropertyOp47
 70
     1
102
RTVSPropertyOp48
 70
     1
102
RTVSPropertyOp49
 70
     1
102
RTVSPropertyOp50
 70
     1
102
RTVSPropertyOp51
 70
     0
102
RTVSPropertyOp52
 70
     0
102
RTVSPropertyOp53
 70
     1
102
RTVSPropertyOp54
 70
     1
102
RTVSPropertyOp55
 70
     1
102
RTVSPropertyOp56
 70
     1
102
RTVSPropertyOp57
 70
     1
102
RTVSPost2010Prop28
280
     0
102
RTVSPost2010PropOp28
 70
     1
102
RTVSPost2010Prop29
280
     1
102
RTVSPost2010PropOp29
 70
     1
102
RTVSPost2010Prop30
280
     1
102
RTVSPost2010PropOp30
 70
     1
102
RTVSPost2010Prop31
280
     0
102
RTVSPost2010PropOp31
 70
     1
102
RTVSPost2010Prop32
280
     0
102
RTVSPost2010PropOp32
 70
     1
102
RTVSPost2010Prop33
280
     0
102
RTVSPost2010PropOp33
 70
     1
102
RTVSPost2010Prop34
280
     0
102
RTVSPost2010PropOp34
 70
     1
102
RTVSPost2010Prop35
280
     0
102
RTVSPost2010PropOp35
 70
     1
102
RTVSPost2010Prop36
280
     0
102
RTVSPost2010PropOp36
 70
     1
102
RTVSPost2010Prop37
 90
       50
102
RTVSPost2010PropOp37
 70
     1
102
RTVSPost2010Prop38
140
0.0
102
RTVSPost2010PropOp38
 70
     1
102
RTVSPost2010Prop39
140
1.0
102
RTVSPost2010PropOp39
 70
     1
102
RTVSPost2010Prop40
 90
        0
102
RTVSPost2010PropOp40
 70
     1
102
RTVSPost2010Prop41ColorIndex
 90
       18
102
RTVSPost2010Prop41ColorRGB
 90
        0
102
RTVSPost2010PropOp41
 70
     1
102
RTVSPost2010Prop42
 90
       50
102
RTVSPost2010PropOp42
 70
     1
102
RTVSPost2010Prop43
 90
        3
102
RTVSPost2010PropOp43
 70
     1
102
RTVSPost2010Prop44ColorIndex
 90
        5
102
RTVSPost2010Prop44ColorRGB
 90
      255
102
RTVSPost2010PropOp44
 70
     1
102
RTVSPost2010Prop45
280
     0
102
RTVSPost2010PropOp45
 70
     1
102
RTVSPost2010Prop46
 90
       50
102
RTVSPost2010PropOp46
 70
     1
102
RTVSPost2010Prop47
 90
       50
102
RTVSPost2010PropOp47
 70
     1
102
RTVSPost2010Prop48
 90
       50
102
RTVSPost2010PropOp48
 70
     1
102
RTVSPost2010Prop49
280
     0
102
RTVSPost2010PropOp49
 70
     1
102
RTVSPost2010Prop50
 90
       50
102
RTVSPost2010PropOp50
 70
     1
102
RTVSPost2010Prop51ColorIndex
 90
      256
102
RTVSPost2010Prop51ColorRGB
 90
-16777216
102
RTVSPost2010PropOp51
 70
     0
102
RTVSPost2010Prop52
140
1.0
102
RTVSPost2010PropOp52
 70
     0
102
RTVSPost2010Prop53
 90
        2
102
RTVSPost2010PropOp53
 70
     1
102
RTVSPost2010Prop54
  1
strokes_ogs.tif
102
RTVSPost2010PropOp54
 70
     1
102
RTVSPost2010Prop55
280
     0
102
RTVSPost2010PropOp55
 70
     1
102
RTVSPost2010Prop56
140
1.0
102
RTVSPost2010PropOp56
 70
     1
102
RTVSPost2010Prop57
140
1.0
102
RTVSPost2010PropOp57
 70
     1
  0
XRECORD
  5
6CD
102
{ACAD_REACTORS
330
6CC
102
}
330
6CC
100
AcDbXrecord
280
     1
102
RTVSPropertyOp0
 70
     0
102
RTVSPropertyOp1
 70
     0
102
RTVSPropertyOp2
 70
     0
102
RTVSPropertyOp3
 70
     0
102
RTVSPropertyOp4
 70
     0
102
RTVSPropertyOp5
 70
     0
102
RTVSPropertyOp6
 70
     0
102
RTVSPropertyOp7
 70
     0
102
RTVSPropertyOp8
 70
     0
102
RTVSPropertyOp9
 70
     0
102
RTVSPropertyOp10
 70
     0
102
RTVSPropertyOp11
 70
     0
102
RTVSPropertyOp12
 70
     0
102
RTVSPropertyOp13
 70
     0
102
RTVSPropertyOp14
 70
     2
102
RTVSPropertyOp15
 70
     0
102
RTVSPropertyOp16
 70
     0
102
RTVSPropertyOp17
 70
     0
102
RTVSPropertyOp18
 70
     0
102
RTVSPropertyOp19
 70
     0
102
RTVSPropertyOp20
 70
     0
102
RTVSPropertyOp21
 70
     0
102
RTVSPropertyOp22
 70
     0
102
RTVSPropertyOp23
 70
     0
102
RTVSPropertyOp24
 70
     0
102
RTVSPropertyOp25
 70
     0
102
RTVSPropertyOp26
 70
     0
102
RTVSPropertyOp27
 70
     0
102
RTVSPropertyOp28
 70
     0
102
RTVSPropertyOp29
 70
     0
102
RTVSPropertyOp30
 70
     0
102
RTVSPropertyOp31
 70
     0
102
RTVSPropertyOp32
 70
     0
102
RTVSPropertyOp33
 70
     0
102
RTVSPropertyOp34
 70
     0
102
RTVSPropertyOp35
 70
     0
102
RTVSPropertyOp36
 70
     0
102
RTVSPropertyOp37
 70
     0
102
RTVSPropertyOp38
 70
     0
102
RTVSPropertyOp39
 70
     0
102
RTVSPropertyOp40
 70
     0
102
RTVSPropertyOp41
 70
     0
102
RTVSPropertyOp42
 70
     0
102
RTVSPropertyOp43
 70
     0
102
RTVSPropertyOp44
 70
     0
102
RTVSPropertyOp45
 70
     0
102
RTVSPropertyOp46
 70
     0
102
RTVSPropertyOp47
 70
     0
102
RTVSPropertyOp48
 70
     0
102
RTVSPropertyOp49
 70
     0
102
RTVSPropertyOp50
 70
     0
102
RTVSPropertyOp51
 70
     0
102
RTVSPropertyOp52
 70
     0
102
RTVSPropertyOp53
 70
     0
102
RTVSPropertyOp54
 70
     0
102
RTVSPropertyOp55
 70
     0
102
RTVSPropertyOp56
 70
     0
102
RTVSPropertyOp57
 70
     0
102
RTVSPost2010Prop28
280
     0
102
RTVSPost2010PropOp28
 70
     0
102
RTVSPost2010Prop29
280
     1
102
RTVSPost2010PropOp29
 70
     0
102
RTVSPost2010Prop30
280
     1
102
RTVSPost2010PropOp30
 70
     0
102
RTVSPost2010Prop31
280
     0
102
RTVSPost2010PropOp31
 70
     0
102
RTVSPost2010Prop32
280
     0
102
RTVSPost2010PropOp32
 70
     0
102
RTVSPost2010Prop33
280
     0
102
RTVSPost2010PropOp33
 70
     0
102
RTVSPost2010Prop34
280
     0
102
RTVSPost2010PropOp34
 70
     0
102
RTVSPost2010Prop35
280
     0
102
RTVSPost2010PropOp35
 70
     0
102
RTVSPost2010Prop36
280
     0
102
RTVSPost2010PropOp36
 70
     0
102
RTVSPost2010Prop37
 90
       50
102
RTVSPost2010PropOp37
 70
     0
102
RTVSPost2010Prop38
140
0.0
102
RTVSPost2010PropOp38
 70
     0
102
RTVSPost2010Prop39
140
1.0
102
RTVSPost2010PropOp39
 70
     0
102
RTVSPost2010Prop40
 90
        0
102
RTVSPost2010PropOp40
 70
     0
102
RTVSPost2010Prop41ColorIndex
 90
       18
102
RTVSPost2010Prop41ColorRGB
 90
        0
102
RTVSPost2010PropOp41
 70
     0
102
RTVSPost2010Prop42
 90
       50
102
RTVSPost2010PropOp42
 70
     0
102
RTVSPost2010Prop43
 90
        3
102
RTVSPost2010PropOp43
 70
     0
102
RTVSPost2010Prop44ColorIndex
 90
        5
102
RTVSPost2010Prop44ColorRGB
 90
      255
102
RTVSPost2010PropOp44
 70
     0
102
RTVSPost2010Prop45
280
     0
102
RTVSPost2010PropOp45
 70
     0
102
RTVSPost2010Prop46
 90
       50
102
RTVSPost2010PropOp46
 70
     0
102
RTVSPost2010Prop47
 90
       50
102
RTVSPost2010PropOp47
 70
     0
102
RTVSPost2010Prop48
 90
       50
102
RTVSPost2010PropOp48
 70
     0
102
RTVSPost2010Prop49
280
     0
102
RTVSPost2010PropOp49
 70
     0
102
RTVSPost2010Prop50
 90
       50
102
RTVSPost2010PropOp50
 70
     0
102
RTVSPost2010Prop51ColorIndex
 90
      256
102
RTVSPost2010Prop51ColorRGB
 90
-16777216
102
RTVSPost2010PropOp51
 70
     0
102
RTVSPost2010Prop52
140
1.0
102
RTVSPost2010PropOp52
 70
     0
102
RTVSPost2010Prop53
 90
        2
102
RTVSPost2010PropOp53
 70
     0
102
RTVSPost2010Prop54
  1
strokes_ogs.tif
102
RTVSPost2010PropOp54
 70
     0
102
RTVSPost2010Prop55
280
     0
102
RTVSPost2010PropOp55
 70
     0
102
RTVSPost2010Prop56
140
1.0
102
RTVSPost2010PropOp56
 70
     0
102
RTVSPost2010Prop57
140
1.0
102
RTVSPost2010PropOp57
 70
     0
  0
XRECORD
  5
6C7
102
{ACAD_REACTORS
330
6C6
102
}
330
6C6
100
AcDbXrecord
280
     1
102
RTVSPropertyOp0
 70
     1
102
RTVSPropertyOp1
 70
     1
102
RTVSPropertyOp2
 70
     1
102
RTVSPropertyOp3
 70
     1
102
RTVSPropertyOp4
 70
     1
102
RTVSPropertyOp5
 70
     1
102
RTVSPropertyOp6
 70
     1
102
RTVSPropertyOp7
 70
     1
102
RTVSPropertyOp8
 70
     1
102
RTVSPropertyOp9
 70
     1
102
RTVSPropertyOp10
 70
     1
102
RTVSPropertyOp11
 70
     1
102
RTVSPropertyOp12
 70
     1
102
RTVSPropertyOp13
 70
     1
102
RTVSPropertyOp14
 70
     1
102
RTVSPropertyOp15
 70
     1
102
RTVSPropertyOp16
 70
     1
102
RTVSPropertyOp17
 70
     1
102
RTVSPropertyOp18
 70
     1
102
RTVSPropertyOp19
 70
     1
102
RTVSPropertyOp20
 70
     1
102
RTVSPropertyOp21
 70
     1
102
RTVSPropertyOp22
 70
     1
102
RTVSPropertyOp23
 70
     1
102
RTVSPropertyOp24
 70
     1
102
RTVSPropertyOp25
 70
     1
102
RTVSPropertyOp26
 70
     1
102
RTVSPropertyOp27
 70
     1
102
RTVSPropertyOp28
 70
     1
102
RTVSPropertyOp29
 70
     1
102
RTVSPropertyOp30
 70
     1
102
RTVSPropertyOp31
 70
     1
102
RTVSPropertyOp32
 70
     1
102
RTVSPropertyOp33
 70
     1
102
RTVSPropertyOp34
 70
     1
102
RTVSPropertyOp35
 70
     1
102
RTVSPropertyOp36
 70
     1
102
RTVSPropertyOp37
 70
     1
102
RTVSPropertyOp38
 70
     1
102
RTVSPropertyOp39
 70
     1
102
RTVSPropertyOp40
 70
     1
102
RTVSPropertyOp41
 70
     1
102
RTVSPropertyOp42
 70
     1
102
RTVSPropertyOp43
 70
     1
102
RTVSPropertyOp44
 70
     1
102
RTVSPropertyOp45
 70
     1
102
RTVSPropertyOp46
 70
     1
102
RTVSPropertyOp47
 70
     1
102
RTVSPropertyOp48
 70
     1
102
RTVSPropertyOp49
 70
     1
102
RTVSPropertyOp50
 70
     1
102
RTVSPropertyOp51
 70
     0
102
RTVSPropertyOp52
 70
     0
102
RTVSPropertyOp53
 70
     1
102
RTVSPropertyOp54
 70
     1
102
RTVSPropertyOp55
 70
     1
102
RTVSPropertyOp56
 70
     1
102
RTVSPropertyOp57
 70
     1
102
RTVSPost2010Prop28
280
     0
102
RTVSPost2010PropOp28
 70
     1
102
RTVSPost2010Prop29
280
     1
102
RTVSPost2010PropOp29
 70
     1
102
RTVSPost2010Prop30
280
     1
102
RTVSPost2010PropOp30
 70
     1
102
RTVSPost2010Prop31
280
     0
102
RTVSPost2010PropOp31
 70
     1
102
RTVSPost2010Prop32
280
     0
102
RTVSPost2010PropOp32
 70
     1
102
RTVSPost2010Prop33
280
     0
102
RTVSPost2010PropOp33
 70
     1
102
RTVSPost2010Prop34
280
     0
102
RTVSPost2010PropOp34
 70
     1
102
RTVSPost2010Prop35
280
     0
102
RTVSPost2010PropOp35
 70
     1
102
RTVSPost2010Prop36
280
     0
102
RTVSPost2010PropOp36
 70
     1
102
RTVSPost2010Prop37
 90
       50
102
RTVSPost2010PropOp37
 70
     1
102
RTVSPost2010Prop38
140
0.0
102
RTVSPost2010PropOp38
 70
     1
102
RTVSPost2010Prop39
140
1.0
102
RTVSPost2010PropOp39
 70
     1
102
RTVSPost2010Prop40
 90
        0
102
RTVSPost2010PropOp40
 70
     1
102
RTVSPost2010Prop41ColorIndex
 90
       18
102
RTVSPost2010Prop41ColorRGB
 90
        0
102
RTVSPost2010PropOp41
 70
     1
102
RTVSPost2010Prop42
 90
       50
102
RTVSPost2010PropOp42
 70
     1
102
RTVSPost2010Prop43
 90
        3
102
RTVSPost2010PropOp43
 70
     1
102
RTVSPost2010Prop44ColorIndex
 90
        5
102
RTVSPost2010Prop44ColorRGB
 90
      255
102
RTVSPost2010PropOp44
 70
     1
102
RTVSPost2010Prop45
280
     0
102
RTVSPost2010PropOp45
 70
     1
102
RTVSPost2010Prop46
 90
       50
102
RTVSPost2010PropOp46
 70
     1
102
RTVSPost2010Prop47
 90
       50
102
RTVSPost2010PropOp47
 70
     1
102
RTVSPost2010Prop48
 90
       50
102
RTVSPost2010PropOp48
 70
     1
102
RTVSPost2010Prop49
280
     0
102
RTVSPost2010PropOp49
 70
     1
102
RTVSPost2010Prop50
 90
       50
102
RTVSPost2010PropOp50
 70
     1
102
RTVSPost2010Prop51ColorIndex
 90
      256
102
RTVSPost2010Prop51ColorRGB
 90
-16777216
102
RTVSPost2010PropOp51
 70
     0
102
RTVSPost2010Prop52
140
1.0
102
RTVSPost2010PropOp52
 70
     0
102
RTVSPost2010Prop53
 90
        2
102
RTVSPost2010PropOp53
 70
     1
102
RTVSPost2010Prop54
  1
strokes_ogs.tif
102
RTVSPost2010PropOp54
 70
     1
102
RTVSPost2010Prop55
280
     0
102
RTVSPost2010PropOp55
 70
     1
102
RTVSPost2010Prop56
140
1.0
102
RTVSPost2010PropOp56
 70
     1
102
RTVSPost2010Prop57
140
1.0
102
RTVSPost2010PropOp57
 70
     1
  0
XRECORD
  5
6CF
102
{ACAD_REACTORS
330
6CE
102
}
330
6CE
100
AcDbXrecord
280
     1
102
RTVSPropertyOp0
 70
     0
102
RTVSPropertyOp1
 70
     0
102
RTVSPropertyOp2
 70
     0
102
RTVSPropertyOp3
 70
     0
102
RTVSPropertyOp4
 70
     0
102
RTVSPropertyOp5
 70
     0
102
RTVSPropertyOp6
 70
     0
102
RTVSPropertyOp7
 70
     0
102
RTVSPropertyOp8
 70
     0
102
RTVSPropertyOp9
 70
     0
102
RTVSPropertyOp10
 70
     0
102
RTVSPropertyOp11
 70
     0
102
RTVSPropertyOp12
 70
     0
102
RTVSPropertyOp13
 70
     0
102
RTVSPropertyOp14
 70
     2
102
RTVSPropertyOp15
 70
     0
102
RTVSPropertyOp16
 70
     0
102
RTVSPropertyOp17
 70
     0
102
RTVSPropertyOp18
 70
     0
102
RTVSPropertyOp19
 70
     0
102
RTVSPropertyOp20
 70
     0
102
RTVSPropertyOp21
 70
     0
102
RTVSPropertyOp22
 70
     0
102
RTVSPropertyOp23
 70
     0
102
RTVSPropertyOp24
 70
     0
102
RTVSPropertyOp25
 70
     0
102
RTVSPropertyOp26
 70
     0
102
RTVSPropertyOp27
 70
     0
102
RTVSPropertyOp28
 70
     0
102
RTVSPropertyOp29
 70
     0
102
RTVSPropertyOp30
 70
     0
102
RTVSPropertyOp31
 70
     0
102
RTVSPropertyOp32
 70
     0
102
RTVSPropertyOp33
 70
     0
102
RTVSPropertyOp34
 70
     0
102
RTVSPropertyOp35
 70
     0
102
RTVSPropertyOp36
 70
     0
102
RTVSPropertyOp37
 70
     0
102
RTVSPropertyOp38
 70
     0
102
RTVSPropertyOp39
 70
     0
102
RTVSPropertyOp40
 70
     0
102
RTVSPropertyOp41
 70
     0
102
RTVSPropertyOp42
 70
     0
102
RTVSPropertyOp43
 70
     0
102
RTVSPropertyOp44
 70
     0
102
RTVSPropertyOp45
 70
     0
102
RTVSPropertyOp46
 70
     0
102
RTVSPropertyOp47
 70
     0
102
RTVSPropertyOp48
 70
     0
102
RTVSPropertyOp49
 70
     0
102
RTVSPropertyOp50
 70
     0
102
RTVSPropertyOp51
 70
     0
102
RTVSPropertyOp52
 70
     0
102
RTVSPropertyOp53
 70
     0
102
RTVSPropertyOp54
 70
     0
102
RTVSPropertyOp55
 70
     0
102
RTVSPropertyOp56
 70
     0
102
RTVSPropertyOp57
 70
     0
102
RTVSPost2010Prop28
280
     0
102
RTVSPost2010PropOp28
 70
     0
102
RTVSPost2010Prop29
280
     1
102
RTVSPost2010PropOp29
 70
     0
102
RTVSPost2010Prop30
280
     1
102
RTVSPost2010PropOp30
 70
     0
102
RTVSPost2010Prop31
280
     0
102
RTVSPost2010PropOp31
 70
     0
102
RTVSPost2010Prop32
280
     0
102
RTVSPost2010PropOp32
 70
     0
102
RTVSPost2010Prop33
280
     0
102
RTVSPost2010PropOp33
 70
     0
102
RTVSPost2010Prop34
280
     0
102
RTVSPost2010PropOp34
 70
     0
102
RTVSPost2010Prop35
280
     0
102
RTVSPost2010PropOp35
 70
     0
102
RTVSPost2010Prop36
280
     0
102
RTVSPost2010PropOp36
 70
     0
102
RTVSPost2010Prop37
 90
       50
102
RTVSPost2010PropOp37
 70
     0
102
RTVSPost2010Prop38
140
0.0
102
RTVSPost2010PropOp38
 70
     0
102
RTVSPost2010Prop39
140
1.0
102
RTVSPost2010PropOp39
 70
     0
102
RTVSPost2010Prop40
 90
        0
102
RTVSPost2010PropOp40
 70
     0
102
RTVSPost2010Prop41ColorIndex
 90
       18
102
RTVSPost2010Prop41ColorRGB
 90
        0
102
RTVSPost2010PropOp41
 70
     0
102
RTVSPost2010Prop42
 90
       50
102
RTVSPost2010PropOp42
 70
     0
102
RTVSPost2010Prop43
 90
        3
102
RTVSPost2010PropOp43
 70
     0
102
RTVSPost2010Prop44ColorIndex
 90
        5
102
RTVSPost2010Prop44ColorRGB
 90
      255
102
RTVSPost2010PropOp44
 70
     0
102
RTVSPost2010Prop45
280
     0
102
RTVSPost2010PropOp45
 70
     0
102
RTVSPost2010Prop46
 90
       50
102
RTVSPost2010PropOp46
 70
     0
102
RTVSPost2010Prop47
 90
       50
102
RTVSPost2010PropOp47
 70
     0
102
RTVSPost2010Prop48
 90
       50
102
RTVSPost2010PropOp48
 70
     0
102
RTVSPost2010Prop49
280
     0
102
RTVSPost2010PropOp49
 70
     0
102
RTVSPost2010Prop50
 90
       50
102
RTVSPost2010PropOp50
 70
     0
102
RTVSPost2010Prop51ColorIndex
 90
      256
102
RTVSPost2010Prop51ColorRGB
 90
-16777216
102
RTVSPost2010PropOp51
 70
     0
102
RTVSPost2010Prop52
140
1.0
102
RTVSPost2010PropOp52
 70
     0
102
RTVSPost2010Prop53
 90
        2
102
RTVSPost2010PropOp53
 70
     0
102
RTVSPost2010Prop54
  1
strokes_ogs.tif
102
RTVSPost2010PropOp54
 70
     0
102
RTVSPost2010Prop55
280
     0
102
RTVSPost2010PropOp55
 70
     0
102
RTVSPost2010Prop56
140
1.0
102
RTVSPost2010PropOp56
 70
     0
102
RTVSPost2010Prop57
140
1.0
102
RTVSPost2010PropOp57
 70
     0
  0
XRECORD
  5
6BD
102
{ACAD_REACTORS
330
6BC
102
}
330
6BC
100
AcDbXrecord
280
     1
102
RTVSPropertyOp0
 70
     1
102
RTVSPropertyOp1
 70
     1
102
RTVSPropertyOp2
 70
     1
102
RTVSPropertyOp3
 70
     1
102
RTVSPropertyOp4
 70
     1
102
RTVSPropertyOp5
 70
     1
102
RTVSPropertyOp6
 70
     1
102
RTVSPropertyOp7
 70
     1
102
RTVSPropertyOp8
 70
     1
102
RTVSPropertyOp9
 70
     1
102
RTVSPropertyOp10
 70
     1
102
RTVSPropertyOp11
 70
     1
102
RTVSPropertyOp12
 70
     1
102
RTVSPropertyOp13
 70
     1
102
RTVSPropertyOp14
 70
     1
102
RTVSPropertyOp15
 70
     1
102
RTVSPropertyOp16
 70
     1
102
RTVSPropertyOp17
 70
     1
102
RTVSPropertyOp18
 70
     1
102
RTVSPropertyOp19
 70
     1
102
RTVSPropertyOp20
 70
     1
102
RTVSPropertyOp21
 70
     1
102
RTVSPropertyOp22
 70
     1
102
RTVSPropertyOp23
 70
     1
102
RTVSPropertyOp24
 70
     1
102
RTVSPropertyOp25
 70
     1
102
RTVSPropertyOp26
 70
     1
102
RTVSPropertyOp27
 70
     1
102
RTVSPropertyOp28
 70
     1
102
RTVSPropertyOp29
 70
     1
102
RTVSPropertyOp30
 70
     1
102
RTVSPropertyOp31
 70
     1
102
RTVSPropertyOp32
 70
     1
102
RTVSPropertyOp33
 70
     1
102
RTVSPropertyOp34
 70
     1
102
RTVSPropertyOp35
 70
     1
102
RTVSPropertyOp36
 70
     1
102
RTVSPropertyOp37
 70
     1
102
RTVSPropertyOp38
 70
     1
102
RTVSPropertyOp39
 70
     1
102
RTVSPropertyOp40
 70
     1
102
RTVSPropertyOp41
 70
     1
102
RTVSPropertyOp42
 70
     1
102
RTVSPropertyOp43
 70
     1
102
RTVSPropertyOp44
 70
     1
102
RTVSPropertyOp45
 70
     1
102
RTVSPropertyOp46
 70
     1
102
RTVSPropertyOp47
 70
     1
102
RTVSPropertyOp48
 70
     1
102
RTVSPropertyOp49
 70
     1
102
RTVSPropertyOp50
 70
     1
102
RTVSPropertyOp51
 70
     0
102
RTVSPropertyOp52
 70
     0
102
RTVSPropertyOp53
 70
     1
102
RTVSPropertyOp54
 70
     1
102
RTVSPropertyOp55
 70
     1
102
RTVSPropertyOp56
 70
     1
102
RTVSPropertyOp57
 70
     1
102
RTVSPost2010Prop28
280
     0
102
RTVSPost2010PropOp28
 70
     1
102
RTVSPost2010Prop29
280
     1
102
RTVSPost2010PropOp29
 70
     1
102
RTVSPost2010Prop30
280
     1
102
RTVSPost2010PropOp30
 70
     1
102
RTVSPost2010Prop31
280
     0
102
RTVSPost2010PropOp31
 70
     1
102
RTVSPost2010Prop32
280
     0
102
RTVSPost2010PropOp32
 70
     1
102
RTVSPost2010Prop33
280
     0
102
RTVSPost2010PropOp33
 70
     1
102
RTVSPost2010Prop34
280
     0
102
RTVSPost2010PropOp34
 70
     1
102
RTVSPost2010Prop35
280
     0
102
RTVSPost2010PropOp35
 70
     1
102
RTVSPost2010Prop36
280
     0
102
RTVSPost2010PropOp36
 70
     1
102
RTVSPost2010Prop37
 90
       50
102
RTVSPost2010PropOp37
 70
     1
102
RTVSPost2010Prop38
140
0.0
102
RTVSPost2010PropOp38
 70
     1
102
RTVSPost2010Prop39
140
1.0
102
RTVSPost2010PropOp39
 70
     1
102
RTVSPost2010Prop40
 90
        0
102
RTVSPost2010PropOp40
 70
     1
102
RTVSPost2010Prop41ColorIndex
 90
       18
102
RTVSPost2010Prop41ColorRGB
 90
        0
102
RTVSPost2010PropOp41
 70
     1
102
RTVSPost2010Prop42
 90
       50
102
RTVSPost2010PropOp42
 70
     1
102
RTVSPost2010Prop43
 90
        3
102
RTVSPost2010PropOp43
 70
     1
102
RTVSPost2010Prop44ColorIndex
 90
        5
102
RTVSPost2010Prop44ColorRGB
 90
      255
102
RTVSPost2010PropOp44
 70
     1
102
RTVSPost2010Prop45
280
     0
102
RTVSPost2010PropOp45
 70
     1
102
RTVSPost2010Prop46
 90
       50
102
RTVSPost2010PropOp46
 70
     1
102
RTVSPost2010Prop47
 90
       50
102
RTVSPost2010PropOp47
 70
     1
102
RTVSPost2010Prop48
 90
       50
102
RTVSPost2010PropOp48
 70
     1
102
RTVSPost2010Prop49
280
     0
102
RTVSPost2010PropOp49
 70
     1
102
RTVSPost2010Prop50
 90
       50
102
RTVSPost2010PropOp50
 70
     1
102
RTVSPost2010Prop51ColorIndex
 90
      256
102
RTVSPost2010Prop51ColorRGB
 90
-16777216
102
RTVSPost2010PropOp51
 70
     0
102
RTVSPost2010Prop52
140
1.0
102
RTVSPost2010PropOp52
 70
     0
102
RTVSPost2010Prop53
 90
        2
102
RTVSPost2010PropOp53
 70
     1
102
RTVSPost2010Prop54
  1
strokes_ogs.tif
102
RTVSPost2010PropOp54
 70
     1
102
RTVSPost2010Prop55
280
     0
102
RTVSPost2010PropOp55
 70
     1
102
RTVSPost2010Prop56
140
1.0
102
RTVSPost2010PropOp56
 70
     1
102
RTVSPost2010Prop57
140
1.0
102
RTVSPost2010PropOp57
 70
     1
  0
XRECORD
  5
6DB
102
{ACAD_REACTORS
330
6DA
102
}
330
6DA
100
AcDbXrecord
280
     1
102
RTVSPropertyOp0
 70
     1
102
RTVSPropertyOp1
 70
     1
102
RTVSPropertyOp2
 70
     1
102
RTVSPropertyOp3
 70
     1
102
RTVSPropertyOp4
 70
     1
102
RTVSPropertyOp5
 70
     1
102
RTVSPropertyOp6
 70
     1
102
RTVSPropertyOp7
 70
     1
102
RTVSPropertyOp8
 70
     1
102
RTVSPropertyOp9
 70
     1
102
RTVSPropertyOp10
 70
     1
102
RTVSPropertyOp11
 70
     1
102
RTVSPropertyOp12
 70
     1
102
RTVSPropertyOp13
 70
     1
102
RTVSPropertyOp14
 70
     1
102
RTVSPropertyOp15
 70
     1
102
RTVSPropertyOp16
 70
     1
102
RTVSPropertyOp17
 70
     1
102
RTVSPropertyOp18
 70
     1
102
RTVSPropertyOp19
 70
     1
102
RTVSPropertyOp20
 70
     1
102
RTVSPropertyOp21
 70
     1
102
RTVSPropertyOp22
 70
     1
102
RTVSPropertyOp23
 70
     1
102
RTVSPropertyOp24
 70
     1
102
RTVSPropertyOp25
 70
     1
102
RTVSPropertyOp26
 70
     1
102
RTVSPropertyOp27
 70
     1
102
RTVSPropertyOp28
 70
     1
102
RTVSPropertyOp29
 70
     1
102
RTVSPropertyOp30
 70
     1
102
RTVSPropertyOp31
 70
     1
102
RTVSPropertyOp32
 70
     1
102
RTVSPropertyOp33
 70
     1
102
RTVSPropertyOp34
 70
     1
102
RTVSPropertyOp35
 70
     1
102
RTVSPropertyOp36
 70
     1
102
RTVSPropertyOp37
 70
     1
102
RTVSPropertyOp38
 70
     1
102
RTVSPropertyOp39
 70
     1
102
RTVSPropertyOp40
 70
     1
102
RTVSPropertyOp41
 70
     1
102
RTVSPropertyOp42
 70
     1
102
RTVSPropertyOp43
 70
     1
102
RTVSPropertyOp44
 70
     1
102
RTVSPropertyOp45
 70
     1
102
RTVSPropertyOp46
 70
     1
102
RTVSPropertyOp47
 70
     1
102
RTVSPropertyOp48
 70
     1
102
RTVSPropertyOp49
 70
     1
102
RTVSPropertyOp50
 70
     1
102
RTVSPropertyOp51
 70
     0
102
RTVSPropertyOp52
 70
     0
102
RTVSPropertyOp53
 70
     1
102
RTVSPropertyOp54
 70
     1
102
RTVSPropertyOp55
 70
     1
102
RTVSPropertyOp56
 70
     1
102
RTVSPropertyOp57
 70
     1
102
RTVSPost2010Prop28
280
     0
102
RTVSPost2010PropOp28
 70
     1
102
RTVSPost2010Prop29
280
     1
102
RTVSPost2010PropOp29
 70
     1
102
RTVSPost2010Prop30
280
     1
102
RTVSPost2010PropOp30
 70
     1
102
RTVSPost2010Prop31
280
     0
102
RTVSPost2010PropOp31
 70
     1
102
RTVSPost2010Prop32
280
     0
102
RTVSPost2010PropOp32
 70
     1
102
RTVSPost2010Prop33
280
     0
102
RTVSPost2010PropOp33
 70
     1
102
RTVSPost2010Prop34
280
     0
102
RTVSPost2010PropOp34
 70
     1
102
RTVSPost2010Prop35
280
     0
102
RTVSPost2010PropOp35
 70
     1
102
RTVSPost2010Prop36
280
     0
102
RTVSPost2010PropOp36
 70
     1
102
RTVSPost2010Prop37
 90
       50
102
RTVSPost2010PropOp37
 70
     1
102
RTVSPost2010Prop38
140
0.0
102
RTVSPost2010PropOp38
 70
     1
102
RTVSPost2010Prop39
140
1.0
102
RTVSPost2010PropOp39
 70
     1
102
RTVSPost2010Prop40
 90
        0
102
RTVSPost2010PropOp40
 70
     1
102
RTVSPost2010Prop41ColorIndex
 90
       18
102
RTVSPost2010Prop41ColorRGB
 90
        0
102
RTVSPost2010PropOp41
 70
     1
102
RTVSPost2010Prop42
 90
       50
102
RTVSPost2010PropOp42
 70
     1
102
RTVSPost2010Prop43
 90
        3
102
RTVSPost2010PropOp43
 70
     1
102
RTVSPost2010Prop44ColorIndex
 90
        5
102
RTVSPost2010Prop44ColorRGB
 90
      255
102
RTVSPost2010PropOp44
 70
     1
102
RTVSPost2010Prop45
280
     0
102
RTVSPost2010PropOp45
 70
     1
102
RTVSPost2010Prop46
 90
       50
102
RTVSPost2010PropOp46
 70
     1
102
RTVSPost2010Prop47
 90
       50
102
RTVSPost2010PropOp47
 70
     1
102
RTVSPost2010Prop48
 90
       50
102
RTVSPost2010PropOp48
 70
     1
102
RTVSPost2010Prop49
280
     0
102
RTVSPost2010PropOp49
 70
     1
102
RTVSPost2010Prop50
 90
       50
102
RTVSPost2010PropOp50
 70
     1
102
RTVSPost2010Prop51ColorIndex
 90
      256
102
RTVSPost2010Prop51ColorRGB
 90
-16777216
102
RTVSPost2010PropOp51
 70
     0
102
RTVSPost2010Prop52
140
1.0
102
RTVSPost2010PropOp52
 70
     0
102
RTVSPost2010Prop53
 90
        2
102
RTVSPost2010PropOp53
 70
     1
102
RTVSPost2010Prop54
  1
strokes_ogs.tif
102
RTVSPost2010PropOp54
 70
     1
102
RTVSPost2010Prop55
280
     0
102
RTVSPost2010PropOp55
 70
     1
102
RTVSPost2010Prop56
140
1.0
102
RTVSPost2010PropOp56
 70
     1
102
RTVSPost2010Prop57
140
1.0
102
RTVSPost2010PropOp57
 70
     1
  0
XRECORD
  5
6D9
102
{ACAD_REACTORS
330
6D8
102
}
330
6D8
100
AcDbXrecord
280
     1
102
RTVSPropertyOp0
 70
     1
102
RTVSPropertyOp1
 70
     1
102
RTVSPropertyOp2
 70
     1
102
RTVSPropertyOp3
 70
     1
102
RTVSPropertyOp4
 70
     1
102
RTVSPropertyOp5
 70
     1
102
RTVSPropertyOp6
 70
     1
102
RTVSPropertyOp7
 70
     1
102
RTVSPropertyOp8
 70
     1
102
RTVSPropertyOp9
 70
     1
102
RTVSPropertyOp10
 70
     1
102
RTVSPropertyOp11
 70
     1
102
RTVSPropertyOp12
 70
     1
102
RTVSPropertyOp13
 70
     1
102
RTVSPropertyOp14
 70
     1
102
RTVSPropertyOp15
 70
     1
102
RTVSPropertyOp16
 70
     1
102
RTVSPropertyOp17
 70
     1
102
RTVSPropertyOp18
 70
     1
102
RTVSPropertyOp19
 70
     1
102
RTVSPropertyOp20
 70
     1
102
RTVSPropertyOp21
 70
     1
102
RTVSPropertyOp22
 70
     1
102
RTVSPropertyOp23
 70
     1
102
RTVSPropertyOp24
 70
     1
102
RTVSPropertyOp25
 70
     1
102
RTVSPropertyOp26
 70
     1
102
RTVSPropertyOp27
 70
     1
102
RTVSPropertyOp28
 70
     1
102
RTVSPropertyOp29
 70
     1
102
RTVSPropertyOp30
 70
     1
102
RTVSPropertyOp31
 70
     1
102
RTVSPropertyOp32
 70
     1
102
RTVSPropertyOp33
 70
     1
102
RTVSPropertyOp34
 70
     1
102
RTVSPropertyOp35
 70
     1
102
RTVSPropertyOp36
 70
     1
102
RTVSPropertyOp37
 70
     1
102
RTVSPropertyOp38
 70
     1
102
RTVSPropertyOp39
 70
     1
102
RTVSPropertyOp40
 70
     1
102
RTVSPropertyOp41
 70
     1
102
RTVSPropertyOp42
 70
     1
102
RTVSPropertyOp43
 70
     1
102
RTVSPropertyOp44
 70
     1
102
RTVSPropertyOp45
 70
     1
102
RTVSPropertyOp46
 70
     1
102
RTVSPropertyOp47
 70
     1
102
RTVSPropertyOp48
 70
     1
102
RTVSPropertyOp49
 70
     1
102
RTVSPropertyOp50
 70
     1
102
RTVSPropertyOp51
 70
     0
102
RTVSPropertyOp52
 70
     0
102
RTVSPropertyOp53
 70
     1
102
RTVSPropertyOp54
 70
     1
102
RTVSPropertyOp55
 70
     1
102
RTVSPropertyOp56
 70
     1
102
RTVSPropertyOp57
 70
     1
102
RTVSPost2010Prop28
280
     0
102
RTVSPost2010PropOp28
 70
     1
102
RTVSPost2010Prop29
280
     1
102
RTVSPost2010PropOp29
 70
     1
102
RTVSPost2010Prop30
280
     1
102
RTVSPost2010PropOp30
 70
     1
102
RTVSPost2010Prop31
280
     0
102
RTVSPost2010PropOp31
 70
     1
102
RTVSPost2010Prop32
280
     0
102
RTVSPost2010PropOp32
 70
     1
102
RTVSPost2010Prop33
280
     0
102
RTVSPost2010PropOp33
 70
     1
102
RTVSPost2010Prop34
280
     0
102
RTVSPost2010PropOp34
 70
     1
102
RTVSPost2010Prop35
280
     0
102
RTVSPost2010PropOp35
 70
     1
102
RTVSPost2010Prop36
280
     0
102
RTVSPost2010PropOp36
 70
     1
102
RTVSPost2010Prop37
 90
       50
102
RTVSPost2010PropOp37
 70
     1
102
RTVSPost2010Prop38
140
0.0
102
RTVSPost2010PropOp38
 70
     1
102
RTVSPost2010Prop39
140
1.0
102
RTVSPost2010PropOp39
 70
     1
102
RTVSPost2010Prop40
 90
        0
102
RTVSPost2010PropOp40
 70
     1
102
RTVSPost2010Prop41ColorIndex
 90
       18
102
RTVSPost2010Prop41ColorRGB
 90
        0
102
RTVSPost2010PropOp41
 70
     1
102
RTVSPost2010Prop42
 90
       50
102
RTVSPost2010PropOp42
 70
     1
102
RTVSPost2010Prop43
 90
        3
102
RTVSPost2010PropOp43
 70
     1
102
RTVSPost2010Prop44ColorIndex
 90
        5
102
RTVSPost2010Prop44ColorRGB
 90
      255
102
RTVSPost2010PropOp44
 70
     1
102
RTVSPost2010Prop45
280
     0
102
RTVSPost2010PropOp45
 70
     1
102
RTVSPost2010Prop46
 90
       50
102
RTVSPost2010PropOp46
 70
     1
102
RTVSPost2010Prop47
 90
       50
102
RTVSPost2010PropOp47
 70
     1
102
RTVSPost2010Prop48
 90
       50
102
RTVSPost2010PropOp48
 70
     1
102
RTVSPost2010Prop49
280
     0
102
RTVSPost2010PropOp49
 70
     1
102
RTVSPost2010Prop50
 90
       50
102
RTVSPost2010PropOp50
 70
     1
102
RTVSPost2010Prop51ColorIndex
 90
      256
102
RTVSPost2010Prop51ColorRGB
 90
-16777216
102
RTVSPost2010PropOp51
 70
     0
102
RTVSPost2010Prop52
140
1.0
102
RTVSPost2010PropOp52
 70
     0
102
RTVSPost2010Prop53
 90
        2
102
RTVSPost2010PropOp53
 70
     1
102
RTVSPost2010Prop54
  1
strokes_ogs.tif
102
RTVSPost2010PropOp54
 70
     1
102
RTVSPost2010Prop55
280
     0
102
RTVSPost2010PropOp55
 70
     1
102
RTVSPost2010Prop56
140
1.0
102
RTVSPost2010PropOp56
 70
     1
102
RTVSPost2010Prop57
140
1.0
102
RTVSPost2010PropOp57
 70
     1
  0
XRECORD
  5
6D3
102
{ACAD_REACTORS
330
6D2
102
}
330
6D2
100
AcDbXrecord
280
     1
102
RTVSPropertyOp0
 70
     1
102
RTVSPropertyOp1
 70
     1
102
RTVSPropertyOp2
 70
     1
102
RTVSPropertyOp3
 70
     1
102
RTVSPropertyOp4
 70
     1
102
RTVSPropertyOp5
 70
     1
102
RTVSPropertyOp6
 70
     1
102
RTVSPropertyOp7
 70
     1
102
RTVSPropertyOp8
 70
     1
102
RTVSPropertyOp9
 70
     1
102
RTVSPropertyOp10
 70
     1
102
RTVSPropertyOp11
 70
     1
102
RTVSPropertyOp12
 70
     1
102
RTVSPropertyOp13
 70
     1
102
RTVSPropertyOp14
 70
     1
102
RTVSPropertyOp15
 70
     1
102
RTVSPropertyOp16
 70
     1
102
RTVSPropertyOp17
 70
     1
102
RTVSPropertyOp18
 70
     1
102
RTVSPropertyOp19
 70
     1
102
RTVSPropertyOp20
 70
     1
102
RTVSPropertyOp21
 70
     1
102
RTVSPropertyOp22
 70
     1
102
RTVSPropertyOp23
 70
     1
102
RTVSPropertyOp24
 70
     1
102
RTVSPropertyOp25
 70
     1
102
RTVSPropertyOp26
 70
     1
102
RTVSPropertyOp27
 70
     1
102
RTVSPropertyOp28
 70
     1
102
RTVSPropertyOp29
 70
     1
102
RTVSPropertyOp30
 70
     1
102
RTVSPropertyOp31
 70
     1
102
RTVSPropertyOp32
 70
     1
102
RTVSPropertyOp33
 70
     1
102
RTVSPropertyOp34
 70
     1
102
RTVSPropertyOp35
 70
     1
102
RTVSPropertyOp36
 70
     1
102
RTVSPropertyOp37
 70
     1
102
RTVSPropertyOp38
 70
     1
102
RTVSPropertyOp39
 70
     1
102
RTVSPropertyOp40
 70
     1
102
RTVSPropertyOp41
 70
     1
102
RTVSPropertyOp42
 70
     1
102
RTVSPropertyOp43
 70
     1
102
RTVSPropertyOp44
 70
     1
102
RTVSPropertyOp45
 70
     1
102
RTVSPropertyOp46
 70
     1
102
RTVSPropertyOp47
 70
     1
102
RTVSPropertyOp48
 70
     1
102
RTVSPropertyOp49
 70
     1
102
RTVSPropertyOp50
 70
     1
102
RTVSPropertyOp51
 70
     0
102
RTVSPropertyOp52
 70
     0
102
RTVSPropertyOp53
 70
     1
102
RTVSPropertyOp54
 70
     1
102
RTVSPropertyOp55
 70
     1
102
RTVSPropertyOp56
 70
     1
102
RTVSPropertyOp57
 70
     1
102
RTVSPost2010Prop28
280
     0
102
RTVSPost2010PropOp28
 70
     1
102
RTVSPost2010Prop29
280
     1
102
RTVSPost2010PropOp29
 70
     1
102
RTVSPost2010Prop30
280
     1
102
RTVSPost2010PropOp30
 70
     1
102
RTVSPost2010Prop31
280
     0
102
RTVSPost2010PropOp31
 70
     1
102
RTVSPost2010Prop32
280
     0
102
RTVSPost2010PropOp32
 70
     1
102
RTVSPost2010Prop33
280
     0
102
RTVSPost2010PropOp33
 70
     1
102
RTVSPost2010Prop34
280
     0
102
RTVSPost2010PropOp34
 70
     1
102
RTVSPost2010Prop35
280
     0
102
RTVSPost2010PropOp35
 70
     1
102
RTVSPost2010Prop36
280
     0
102
RTVSPost2010PropOp36
 70
     1
102
RTVSPost2010Prop37
 90
       50
102
RTVSPost2010PropOp37
 70
     1
102
RTVSPost2010Prop38
140
0.0
102
RTVSPost2010PropOp38
 70
     1
102
RTVSPost2010Prop39
140
1.0
102
RTVSPost2010PropOp39
 70
     1
102
RTVSPost2010Prop40
 90
        0
102
RTVSPost2010PropOp40
 70
     1
102
RTVSPost2010Prop41ColorIndex
 90
       18
102
RTVSPost2010Prop41ColorRGB
 90
        0
102
RTVSPost2010PropOp41
 70
     1
102
RTVSPost2010Prop42
 90
       50
102
RTVSPost2010PropOp42
 70
     1
102
RTVSPost2010Prop43
 90
        3
102
RTVSPost2010PropOp43
 70
     1
102
RTVSPost2010Prop44ColorIndex
 90
        5
102
RTVSPost2010Prop44ColorRGB
 90
      255
102
RTVSPost2010PropOp44
 70
     1
102
RTVSPost2010Prop45
280
     0
102
RTVSPost2010PropOp45
 70
     1
102
RTVSPost2010Prop46
 90
       50
102
RTVSPost2010PropOp46
 70
     1
102
RTVSPost2010Prop47
 90
       50
102
RTVSPost2010PropOp47
 70
     1
102
RTVSPost2010Prop48
 90
       50
102
RTVSPost2010PropOp48
 70
     1
102
RTVSPost2010Prop49
280
     0
102
RTVSPost2010PropOp49
 70
     1
102
RTVSPost2010Prop50
 90
       50
102
RTVSPost2010PropOp50
 70
     1
102
RTVSPost2010Prop51ColorIndex
 90
      256
102
RTVSPost2010Prop51ColorRGB
 90
-16777216
102
RTVSPost2010PropOp51
 70
     0
102
RTVSPost2010Prop52
140
1.0
102
RTVSPost2010PropOp52
 70
     0
102
RTVSPost2010Prop53
 90
        2
102
RTVSPost2010PropOp53
 70
     1
102
RTVSPost2010Prop54
  1
strokes_ogs.tif
102
RTVSPost2010PropOp54
 70
     1
102
RTVSPost2010Prop55
280
     0
102
RTVSPost2010PropOp55
 70
     1
102
RTVSPost2010Prop56
140
1.0
102
RTVSPost2010PropOp56
 70
     1
102
RTVSPost2010Prop57
140
1.0
102
RTVSPost2010PropOp57
 70
     1
  0
XRECORD
  5
6D5
102
{ACAD_REACTORS
330
6D4
102
}
330
6D4
100
AcDbXrecord
280
     1
102
RTVSPropertyOp0
 70
     1
102
RTVSPropertyOp1
 70
     1
102
RTVSPropertyOp2
 70
     1
102
RTVSPropertyOp3
 70
     1
102
RTVSPropertyOp4
 70
     1
102
RTVSPropertyOp5
 70
     1
102
RTVSPropertyOp6
 70
     1
102
RTVSPropertyOp7
 70
     1
102
RTVSPropertyOp8
 70
     1
102
RTVSPropertyOp9
 70
     1
102
RTVSPropertyOp10
 70
     1
102
RTVSPropertyOp11
 70
     1
102
RTVSPropertyOp12
 70
     1
102
RTVSPropertyOp13
 70
     1
102
RTVSPropertyOp14
 70
     1
102
RTVSPropertyOp15
 70
     1
102
RTVSPropertyOp16
 70
     1
102
RTVSPropertyOp17
 70
     1
102
RTVSPropertyOp18
 70
     1
102
RTVSPropertyOp19
 70
     1
102
RTVSPropertyOp20
 70
     1
102
RTVSPropertyOp21
 70
     1
102
RTVSPropertyOp22
 70
     1
102
RTVSPropertyOp23
 70
     1
102
RTVSPropertyOp24
 70
     1
102
RTVSPropertyOp25
 70
     1
102
RTVSPropertyOp26
 70
     1
102
RTVSPropertyOp27
 70
     1
102
RTVSPropertyOp28
 70
     1
102
RTVSPropertyOp29
 70
     1
102
RTVSPropertyOp30
 70
     1
102
RTVSPropertyOp31
 70
     1
102
RTVSPropertyOp32
 70
     1
102
RTVSPropertyOp33
 70
     1
102
RTVSPropertyOp34
 70
     1
102
RTVSPropertyOp35
 70
     1
102
RTVSPropertyOp36
 70
     1
102
RTVSPropertyOp37
 70
     1
102
RTVSPropertyOp38
 70
     1
102
RTVSPropertyOp39
 70
     1
102
RTVSPropertyOp40
 70
     1
102
RTVSPropertyOp41
 70
     1
102
RTVSPropertyOp42
 70
     1
102
RTVSPropertyOp43
 70
     1
102
RTVSPropertyOp44
 70
     1
102
RTVSPropertyOp45
 70
     1
102
RTVSPropertyOp46
 70
     1
102
RTVSPropertyOp47
 70
     1
102
RTVSPropertyOp48
 70
     1
102
RTVSPropertyOp49
 70
     1
102
RTVSPropertyOp50
 70
     1
102
RTVSPropertyOp51
 70
     0
102
RTVSPropertyOp52
 70
     0
102
RTVSPropertyOp53
 70
     1
102
RTVSPropertyOp54
 70
     1
102
RTVSPropertyOp55
 70
     1
102
RTVSPropertyOp56
 70
     1
102
RTVSPropertyOp57
 70
     1
102
RTVSPost2010Prop28
280
     0
102
RTVSPost2010PropOp28
 70
     1
102
RTVSPost2010Prop29
280
     1
102
RTVSPost2010PropOp29
 70
     1
102
RTVSPost2010Prop30
280
     1
102
RTVSPost2010PropOp30
 70
     1
102
RTVSPost2010Prop31
280
     0
102
RTVSPost2010PropOp31
 70
     1
102
RTVSPost2010Prop32
280
     0
102
RTVSPost2010PropOp32
 70
     1
102
RTVSPost2010Prop33
280
     0
102
RTVSPost2010PropOp33
 70
     1
102
RTVSPost2010Prop34
280
     0
102
RTVSPost2010PropOp34
 70
     1
102
RTVSPost2010Prop35
280
     0
102
RTVSPost2010PropOp35
 70
     1
102
RTVSPost2010Prop36
280
     0
102
RTVSPost2010PropOp36
 70
     1
102
RTVSPost2010Prop37
 90
       50
102
RTVSPost2010PropOp37
 70
     1
102
RTVSPost2010Prop38
140
0.0
102
RTVSPost2010PropOp38
 70
     1
102
RTVSPost2010Prop39
140
1.0
102
RTVSPost2010PropOp39
 70
     1
102
RTVSPost2010Prop40
 90
        0
102
RTVSPost2010PropOp40
 70
     1
102
RTVSPost2010Prop41ColorIndex
 90
       18
102
RTVSPost2010Prop41ColorRGB
 90
        0
102
RTVSPost2010PropOp41
 70
     1
102
RTVSPost2010Prop42
 90
       50
102
RTVSPost2010PropOp42
 70
     1
102
RTVSPost2010Prop43
 90
        3
102
RTVSPost2010PropOp43
 70
     1
102
RTVSPost2010Prop44ColorIndex
 90
        5
102
RTVSPost2010Prop44ColorRGB
 90
      255
102
RTVSPost2010PropOp44
 70
     1
102
RTVSPost2010Prop45
280
     0
102
RTVSPost2010PropOp45
 70
     1
102
RTVSPost2010Prop46
 90
       50
102
RTVSPost2010PropOp46
 70
     1
102
RTVSPost2010Prop47
 90
       50
102
RTVSPost2010PropOp47
 70
     1
102
RTVSPost2010Prop48
 90
       50
102
RTVSPost2010PropOp48
 70
     1
102
RTVSPost2010Prop49
280
     0
102
RTVSPost2010PropOp49
 70
     1
102
RTVSPost2010Prop50
 90
       50
102
RTVSPost2010PropOp50
 70
     1
102
RTVSPost2010Prop51ColorIndex
 90
      256
102
RTVSPost2010Prop51ColorRGB
 90
-16777216
102
RTVSPost2010PropOp51
 70
     0
102
RTVSPost2010Prop52
140
1.0
102
RTVSPost2010PropOp52
 70
     0
102
RTVSPost2010Prop53
 90
        2
102
RTVSPost2010PropOp53
 70
     1
102
RTVSPost2010Prop54
  1
strokes_ogs.tif
102
RTVSPost2010PropOp54
 70
     1
102
RTVSPost2010Prop55
280
     0
102
RTVSPost2010PropOp55
 70
     1
102
RTVSPost2010Prop56
140
1.0
102
RTVSPost2010PropOp56
 70
     1
102
RTVSPost2010Prop57
140
1.0
102
RTVSPost2010PropOp57
 70
     1
  0
XRECORD
  5
6C5
102
{ACAD_REACTORS
330
6C4
102
}
330
6C4
100
AcDbXrecord
280
     1
102
RTVSPropertyOp0
 70
     1
102
RTVSPropertyOp1
 70
     1
102
RTVSPropertyOp2
 70
     1
102
RTVSPropertyOp3
 70
     1
102
RTVSPropertyOp4
 70
     1
102
RTVSPropertyOp5
 70
     1
102
RTVSPropertyOp6
 70
     1
102
RTVSPropertyOp7
 70
     1
102
RTVSPropertyOp8
 70
     1
102
RTVSPropertyOp9
 70
     1
102
RTVSPropertyOp10
 70
     1
102
RTVSPropertyOp11
 70
     1
102
RTVSPropertyOp12
 70
     1
102
RTVSPropertyOp13
 70
     1
102
RTVSPropertyOp14
 70
     1
102
RTVSPropertyOp15
 70
     1
102
RTVSPropertyOp16
 70
     1
102
RTVSPropertyOp17
 70
     1
102
RTVSPropertyOp18
 70
     1
102
RTVSPropertyOp19
 70
     1
102
RTVSPropertyOp20
 70
     1
102
RTVSPropertyOp21
 70
     1
102
RTVSPropertyOp22
 70
     1
102
RTVSPropertyOp23
 70
     1
102
RTVSPropertyOp24
 70
     1
102
RTVSPropertyOp25
 70
     1
102
RTVSPropertyOp26
 70
     1
102
RTVSPropertyOp27
 70
     1
102
RTVSPropertyOp28
 70
     1
102
RTVSPropertyOp29
 70
     1
102
RTVSPropertyOp30
 70
     1
102
RTVSPropertyOp31
 70
     1
102
RTVSPropertyOp32
 70
     1
102
RTVSPropertyOp33
 70
     1
102
RTVSPropertyOp34
 70
     1
102
RTVSPropertyOp35
 70
     1
102
RTVSPropertyOp36
 70
     1
102
RTVSPropertyOp37
 70
     1
102
RTVSPropertyOp38
 70
     1
102
RTVSPropertyOp39
 70
     1
102
RTVSPropertyOp40
 70
     1
102
RTVSPropertyOp41
 70
     1
102
RTVSPropertyOp42
 70
     1
102
RTVSPropertyOp43
 70
     1
102
RTVSPropertyOp44
 70
     1
102
RTVSPropertyOp45
 70
     1
102
RTVSPropertyOp46
 70
     1
102
RTVSPropertyOp47
 70
     1
102
RTVSPropertyOp48
 70
     1
102
RTVSPropertyOp49
 70
     1
102
RTVSPropertyOp50
 70
     1
102
RTVSPropertyOp51
 70
     0
102
RTVSPropertyOp52
 70
     0
102
RTVSPropertyOp53
 70
     1
102
RTVSPropertyOp54
 70
     1
102
RTVSPropertyOp55
 70
     1
102
RTVSPropertyOp56
 70
     1
102
RTVSPropertyOp57
 70
     1
102
RTVSPost2010Prop28
280
     0
102
RTVSPost2010PropOp28
 70
     1
102
RTVSPost2010Prop29
280
     1
102
RTVSPost2010PropOp29
 70
     1
102
RTVSPost2010Prop30
280
     1
102
RTVSPost2010PropOp30
 70
     1
102
RTVSPost2010Prop31
280
     0
102
RTVSPost2010PropOp31
 70
     1
102
RTVSPost2010Prop32
280
     0
102
RTVSPost2010PropOp32
 70
     1
102
RTVSPost2010Prop33
280
     0
102
RTVSPost2010PropOp33
 70
     1
102
RTVSPost2010Prop34
280
     0
102
RTVSPost2010PropOp34
 70
     1
102
RTVSPost2010Prop35
280
     0
102
RTVSPost2010PropOp35
 70
     1
102
RTVSPost2010Prop36
280
     0
102
RTVSPost2010PropOp36
 70
     1
102
RTVSPost2010Prop37
 90
       50
102
RTVSPost2010PropOp37
 70
     1
102
RTVSPost2010Prop38
140
0.0
102
RTVSPost2010PropOp38
 70
     1
102
RTVSPost2010Prop39
140
1.0
102
RTVSPost2010PropOp39
 70
     1
102
RTVSPost2010Prop40
 90
        0
102
RTVSPost2010PropOp40
 70
     1
102
RTVSPost2010Prop41ColorIndex
 90
       18
102
RTVSPost2010Prop41ColorRGB
 90
        0
102
RTVSPost2010PropOp41
 70
     1
102
RTVSPost2010Prop42
 90
       50
102
RTVSPost2010PropOp42
 70
     1
102
RTVSPost2010Prop43
 90
        3
102
RTVSPost2010PropOp43
 70
     1
102
RTVSPost2010Prop44ColorIndex
 90
        5
102
RTVSPost2010Prop44ColorRGB
 90
      255
102
RTVSPost2010PropOp44
 70
     1
102
RTVSPost2010Prop45
280
     0
102
RTVSPost2010PropOp45
 70
     1
102
RTVSPost2010Prop46
 90
       50
102
RTVSPost2010PropOp46
 70
     1
102
RTVSPost2010Prop47
 90
       50
102
RTVSPost2010PropOp47
 70
     1
102
RTVSPost2010Prop48
 90
       50
102
RTVSPost2010PropOp48
 70
     1
102
RTVSPost2010Prop49
280
     0
102
RTVSPost2010PropOp49
 70
     1
102
RTVSPost2010Prop50
 90
       50
102
RTVSPost2010PropOp50
 70
     1
102
RTVSPost2010Prop51ColorIndex
 90
      256
102
RTVSPost2010Prop51ColorRGB
 90
-16777216
102
RTVSPost2010PropOp51
 70
     0
102
RTVSPost2010Prop52
140
1.0
102
RTVSPost2010PropOp52
 70
     0
102
RTVSPost2010Prop53
 90
        2
102
RTVSPost2010PropOp53
 70
     1
102
RTVSPost2010Prop54
  1
strokes_ogs.tif
102
RTVSPost2010PropOp54
 70
     1
102
RTVSPost2010Prop55
280
     0
102
RTVSPost2010PropOp55
 70
     1
102
RTVSPost2010Prop56
140
1.0
102
RTVSPost2010PropOp56
 70
     1
102
RTVSPost2010Prop57
140
1.0
102
RTVSPost2010PropOp57
 70
     1
  0
XRECORD
  5
6B7
102
{ACAD_REACTORS
330
6B6
102
}
330
6B6
100
AcDbXrecord
280
     1
102
RTVSPropertyOp0
 70
     1
102
RTVSPropertyOp1
 70
     1
102
RTVSPropertyOp2
 70
     1
102
RTVSPropertyOp3
 70
     1
102
RTVSPropertyOp4
 70
     1
102
RTVSPropertyOp5
 70
     1
102
RTVSPropertyOp6
 70
     1
102
RTVSPropertyOp7
 70
     1
102
RTVSPropertyOp8
 70
     1
102
RTVSPropertyOp9
 70
     1
102
RTVSPropertyOp10
 70
     1
102
RTVSPropertyOp11
 70
     1
102
RTVSPropertyOp12
 70
     1
102
RTVSPropertyOp13
 70
     1
102
RTVSPropertyOp14
 70
     1
102
RTVSPropertyOp15
 70
     1
102
RTVSPropertyOp16
 70
     1
102
RTVSPropertyOp17
 70
     1
102
RTVSPropertyOp18
 70
     1
102
RTVSPropertyOp19
 70
     1
102
RTVSPropertyOp20
 70
     1
102
RTVSPropertyOp21
 70
     1
102
RTVSPropertyOp22
 70
     1
102
RTVSPropertyOp23
 70
     1
102
RTVSPropertyOp24
 70
     1
102
RTVSPropertyOp25
 70
     1
102
RTVSPropertyOp26
 70
     1
102
RTVSPropertyOp27
 70
     1
102
RTVSPropertyOp28
 70
     1
102
RTVSPropertyOp29
 70
     1
102
RTVSPropertyOp30
 70
     1
102
RTVSPropertyOp31
 70
     1
102
RTVSPropertyOp32
 70
     1
102
RTVSPropertyOp33
 70
     1
102
RTVSPropertyOp34
 70
     1
102
RTVSPropertyOp35
 70
     1
102
RTVSPropertyOp36
 70
     1
102
RTVSPropertyOp37
 70
     1
102
RTVSPropertyOp38
 70
     1
102
RTVSPropertyOp39
 70
     1
102
RTVSPropertyOp40
 70
     1
102
RTVSPropertyOp41
 70
     1
102
RTVSPropertyOp42
 70
     1
102
RTVSPropertyOp43
 70
     1
102
RTVSPropertyOp44
 70
     1
102
RTVSPropertyOp45
 70
     1
102
RTVSPropertyOp46
 70
     1
102
RTVSPropertyOp47
 70
     1
102
RTVSPropertyOp48
 70
     1
102
RTVSPropertyOp49
 70
     1
102
RTVSPropertyOp50
 70
     1
102
RTVSPropertyOp51
 70
     0
102
RTVSPropertyOp52
 70
     0
102
RTVSPropertyOp53
 70
     1
102
RTVSPropertyOp54
 70
     1
102
RTVSPropertyOp55
 70
     1
102
RTVSPropertyOp56
 70
     1
102
RTVSPropertyOp57
 70
     1
102
RTVSPost2010Prop28
280
     0
102
RTVSPost2010PropOp28
 70
     1
102
RTVSPost2010Prop29
280
     1
102
RTVSPost2010PropOp29
 70
     1
102
RTVSPost2010Prop30
280
     1
102
RTVSPost2010PropOp30
 70
     1
102
RTVSPost2010Prop31
280
     0
102
RTVSPost2010PropOp31
 70
     1
102
RTVSPost2010Prop32
280
     0
102
RTVSPost2010PropOp32
 70
     1
102
RTVSPost2010Prop33
280
     0
102
RTVSPost2010PropOp33
 70
     1
102
RTVSPost2010Prop34
280
     0
102
RTVSPost2010PropOp34
 70
     1
102
RTVSPost2010Prop35
280
     0
102
RTVSPost2010PropOp35
 70
     1
102
RTVSPost2010Prop36
280
     0
102
RTVSPost2010PropOp36
 70
     1
102
RTVSPost2010Prop37
 90
       50
102
RTVSPost2010PropOp37
 70
     1
102
RTVSPost2010Prop38
140
0.0
102
RTVSPost2010PropOp38
 70
     1
102
RTVSPost2010Prop39
140
1.0
102
RTVSPost2010PropOp39
 70
     1
102
RTVSPost2010Prop40
 90
        0
102
RTVSPost2010PropOp40
 70
     1
102
RTVSPost2010Prop41ColorIndex
 90
       18
102
RTVSPost2010Prop41ColorRGB
 90
        0
102
RTVSPost2010PropOp41
 70
     1
102
RTVSPost2010Prop42
 90
       50
102
RTVSPost2010PropOp42
 70
     1
102
RTVSPost2010Prop43
 90
        3
102
RTVSPost2010PropOp43
 70
     1
102
RTVSPost2010Prop44ColorIndex
 90
        5
102
RTVSPost2010Prop44ColorRGB
 90
      255
102
RTVSPost2010PropOp44
 70
     1
102
RTVSPost2010Prop45
280
     0
102
RTVSPost2010PropOp45
 70
     1
102
RTVSPost2010Prop46
 90
       50
102
RTVSPost2010PropOp46
 70
     1
102
RTVSPost2010Prop47
 90
       50
102
RTVSPost2010PropOp47
 70
     1
102
RTVSPost2010Prop48
 90
       50
102
RTVSPost2010PropOp48
 70
     1
102
RTVSPost2010Prop49
280
     0
102
RTVSPost2010PropOp49
 70
     1
102
RTVSPost2010Prop50
 90
       50
102
RTVSPost2010PropOp50
 70
     1
102
RTVSPost2010Prop51ColorIndex
 90
      256
102
RTVSPost2010Prop51ColorRGB
 90
-16777216
102
RTVSPost2010PropOp51
 70
     0
102
RTVSPost2010Prop52
140
1.0
102
RTVSPost2010PropOp52
 70
     0
102
RTVSPost2010Prop53
 90
        2
102
RTVSPost2010PropOp53
 70
     1
102
RTVSPost2010Prop54
  1
strokes_ogs.tif
102
RTVSPost2010PropOp54
 70
     1
102
RTVSPost2010Prop55
280
     0
102
RTVSPost2010PropOp55
 70
     1
102
RTVSPost2010Prop56
140
1.0
102
RTVSPost2010PropOp56
 70
     1
102
RTVSPost2010Prop57
140
1.0
102
RTVSPost2010PropOp57
 70
     1
  0
XRECORD
  5
6D7
102
{ACAD_REACTORS
330
6D6
102
}
330
6D6
100
AcDbXrecord
280
     1
102
RTVSPropertyOp0
 70
     1
102
RTVSPropertyOp1
 70
     1
102
RTVSPropertyOp2
 70
     1
102
RTVSPropertyOp3
 70
     1
102
RTVSPropertyOp4
 70
     1
102
RTVSPropertyOp5
 70
     1
102
RTVSPropertyOp6
 70
     1
102
RTVSPropertyOp7
 70
     1
102
RTVSPropertyOp8
 70
     1
102
RTVSPropertyOp9
 70
     1
102
RTVSPropertyOp10
 70
     1
102
RTVSPropertyOp11
 70
     1
102
RTVSPropertyOp12
 70
     1
102
RTVSPropertyOp13
 70
     1
102
RTVSPropertyOp14
 70
     1
102
RTVSPropertyOp15
 70
     1
102
RTVSPropertyOp16
 70
     1
102
RTVSPropertyOp17
 70
     1
102
RTVSPropertyOp18
 70
     1
102
RTVSPropertyOp19
 70
     1
102
RTVSPropertyOp20
 70
     1
102
RTVSPropertyOp21
 70
     1
102
RTVSPropertyOp22
 70
     1
102
RTVSPropertyOp23
 70
     1
102
RTVSPropertyOp24
 70
     1
102
RTVSPropertyOp25
 70
     1
102
RTVSPropertyOp26
 70
     1
102
RTVSPropertyOp27
 70
     1
102
RTVSPropertyOp28
 70
     1
102
RTVSPropertyOp29
 70
     1
102
RTVSPropertyOp30
 70
     1
102
RTVSPropertyOp31
 70
     1
102
RTVSPropertyOp32
 70
     1
102
RTVSPropertyOp33
 70
     1
102
RTVSPropertyOp34
 70
     1
102
RTVSPropertyOp35
 70
     1
102
RTVSPropertyOp36
 70
     1
102
RTVSPropertyOp37
 70
     1
102
RTVSPropertyOp38
 70
     1
102
RTVSPropertyOp39
 70
     1
102
RTVSPropertyOp40
 70
     1
102
RTVSPropertyOp41
 70
     1
102
RTVSPropertyOp42
 70
     1
102
RTVSPropertyOp43
 70
     1
102
RTVSPropertyOp44
 70
     1
102
RTVSPropertyOp45
 70
     1
102
RTVSPropertyOp46
 70
     1
102
RTVSPropertyOp47
 70
     1
102
RTVSPropertyOp48
 70
     1
102
RTVSPropertyOp49
 70
     1
102
RTVSPropertyOp50
 70
     1
102
RTVSPropertyOp51
 70
     0
102
RTVSPropertyOp52
 70
     0
102
RTVSPropertyOp53
 70
     1
102
RTVSPropertyOp54
 70
     1
102
RTVSPropertyOp55
 70
     1
102
RTVSPropertyOp56
 70
     1
102
RTVSPropertyOp57
 70
     1
102
RTVSPost2010Prop28
280
     0
102
RTVSPost2010PropOp28
 70
     1
102
RTVSPost2010Prop29
280
     1
102
RTVSPost2010PropOp29
 70
     1
102
RTVSPost2010Prop30
280
     1
102
RTVSPost2010PropOp30
 70
     1
102
RTVSPost2010Prop31
280
     0
102
RTVSPost2010PropOp31
 70
     1
102
RTVSPost2010Prop32
280
     0
102
RTVSPost2010PropOp32
 70
     1
102
RTVSPost2010Prop33
280
     0
102
RTVSPost2010PropOp33
 70
     1
102
RTVSPost2010Prop34
280
     0
102
RTVSPost2010PropOp34
 70
     1
102
RTVSPost2010Prop35
280
     0
102
RTVSPost2010PropOp35
 70
     1
102
RTVSPost2010Prop36
280
     0
102
RTVSPost2010PropOp36
 70
     1
102
RTVSPost2010Prop37
 90
       50
102
RTVSPost2010PropOp37
 70
     1
102
RTVSPost2010Prop38
140
0.0
102
RTVSPost2010PropOp38
 70
     1
102
RTVSPost2010Prop39
140
1.0
102
RTVSPost2010PropOp39
 70
     1
102
RTVSPost2010Prop40
 90
        0
102
RTVSPost2010PropOp40
 70
     1
102
RTVSPost2010Prop41ColorIndex
 90
       18
102
RTVSPost2010Prop41ColorRGB
 90
        0
102
RTVSPost2010PropOp41
 70
     1
102
RTVSPost2010Prop42
 90
       50
102
RTVSPost2010PropOp42
 70
     1
102
RTVSPost2010Prop43
 90
        3
102
RTVSPost2010PropOp43
 70
     1
102
RTVSPost2010Prop44ColorIndex
 90
        5
102
RTVSPost2010Prop44ColorRGB
 90
      255
102
RTVSPost2010PropOp44
 70
     1
102
RTVSPost2010Prop45
280
     0
102
RTVSPost2010PropOp45
 70
     1
102
RTVSPost2010Prop46
 90
       50
102
RTVSPost2010PropOp46
 70
     1
102
RTVSPost2010Prop47
 90
       50
102
RTVSPost2010PropOp47
 70
     1
102
RTVSPost2010Prop48
 90
       50
102
RTVSPost2010PropOp48
 70
     1
102
RTVSPost2010Prop49
280
     0
102
RTVSPost2010PropOp49
 70
     1
102
RTVSPost2010Prop50
 90
       50
102
RTVSPost2010PropOp50
 70
     1
102
RTVSPost2010Prop51ColorIndex
 90
      256
102
RTVSPost2010Prop51ColorRGB
 90
-16777216
102
RTVSPost2010PropOp51
 70
     0
102
RTVSPost2010Prop52
140
1.0
102
RTVSPost2010PropOp52
 70
     0
102
RTVSPost2010Prop53
 90
        2
102
RTVSPost2010PropOp53
 70
     1
102
RTVSPost2010Prop54
  1
strokes_ogs.tif
102
RTVSPost2010PropOp54
 70
     1
102
RTVSPost2010Prop55
280
     0
102
RTVSPost2010PropOp55
 70
     1
102
RTVSPost2010Prop56
140
1.0
102
RTVSPost2010PropOp56
 70
     1
102
RTVSPost2010Prop57
140
1.0
102
RTVSPost2010PropOp57
 70
     1
  0
ENDSEC
  0
EOF
